n,knob_blockdim_x,knob_blockdim_y,knob_unroll_dct,knob_unroll_width,knob_unroll_height,knob_array_partition1,knob_array_partition2,knob_I_B,Latency,Area
0000,1,1,1,1,1,1,4194304,0,0.418103,3823.484
0001,1,1,1,1,1,2,2097152,0,0.419731,3863.384
0002,1,1,1,1,1,4,1048576,0,0.423192,3948.238
0003,1,1,1,1,2,1,4194304,0,0.708004,4161.038
0004,1,1,1,1,2,2,2097152,0,0.706484,4194.288
0005,1,1,1,1,2,4,1048576,0,0.708848,4307.870
0006,1,1,1,1,4,1,4194304,0,0.695779,4285.260
0007,1,1,1,1,4,2,2097152,0,0.697130,4362.400
0008,1,1,1,1,4,4,1048576,0,0.714013,4512.158
0009,1,1,1,1,8,1,4194304,0,0.695576,4531.310
0010,1,1,1,1,8,2,2097152,0,0.695239,4658.192
0011,1,1,1,1,8,4,1048576,0,0.709251,4793.586
0012,1,1,1,2,1,1,4194304,0,0.696488,4177.796
0013,1,1,1,2,1,2,2097152,0,0.701047,4227.538
0014,1,1,1,2,1,4,1048576,0,0.711012,4336.066
0015,1,1,1,2,2,1,4194304,0,0.697028,4296.166
0016,1,1,1,2,2,2,2097152,0,0.713744,4396.714
0017,1,1,1,2,2,4,1048576,0,0.698716,4481.568
0018,1,1,1,2,4,1,4194304,0,0.692233,4729.480
0019,1,1,1,2,4,2,2097152,0,0.697973,4644.094
0020,1,1,1,2,4,4,1048576,0,0.720766,4786.936
0021,1,1,1,2,8,1,4194304,0,0.692199,5499.550
0022,1,1,1,2,8,2,2097152,0,0.695576,5249.510
0023,1,1,1,2,8,4,1048576,0,0.702835,6304.466
0024,1,1,1,4,1,1,4194304,0,0.696487,4404.960
0025,1,1,1,4,1,2,2097152,0,0.705607,4493.538
0026,1,1,1,4,1,4,1048576,0,0.710336,4570.412
0027,1,1,1,4,2,1,4194304,0,0.697365,5001.332
0028,1,1,1,4,2,2,2097152,0,0.715264,4901.050
0029,1,1,1,4,2,4,1048576,0,0.699729,4991.490
0030,1,1,1,4,4,1,4194304,0,0.695103,4891.740
0031,1,1,1,4,4,2,2097152,0,0.697973,4963.294
0032,1,1,1,4,4,4,1048576,0,0.712493,5142.046
0033,1,1,1,4,8,1,4194304,0,0.715328,6557.166
0034,1,1,1,4,8,2,2097152,0,0.697095,7173.488
0035,1,1,1,4,8,4,1048576,0,0.697770,7258.342
0036,1,1,1,8,1,1,4194304,0,0.685003,4879.770
0037,1,1,1,8,1,2,2097152,0,0.696994,5031.390
0038,1,1,1,8,1,4,1048576,0,0.703918,5063.842
0039,1,1,1,8,2,1,4194304,0,0.699729,5647.446
0040,1,1,1,8,2,2,2097152,0,0.701586,5724.852
0041,1,1,1,8,2,4,1048576,0,0.716108,5999.364
0042,1,1,1,8,4,1,4194304,0,0.690713,5809.706
0043,1,1,1,8,4,2,2097152,0,0.706415,5981.808
0044,1,1,1,8,4,4,1048576,0,0.715363,5993.778
0048,1,1,2,1,1,1,4194304,0,0.556457,4306.274
0049,1,1,2,1,1,2,2097152,0,0.559137,4464.544
0050,1,1,2,1,1,4,1048576,0,0.557395,4353.356
0051,1,1,2,1,2,1,4194304,0,0.700497,4537.960
0052,1,1,2,1,2,2,2097152,0,0.703848,4583.180
0053,1,1,2,1,2,4,1048576,0,0.713398,4442.732
0054,1,1,2,1,4,1,4194304,0,0.705120,5147.100
0055,1,1,2,1,4,2,2097152,0,0.695571,5212.536
0056,1,1,2,1,4,4,1048576,0,0.711318,4741.450
0057,1,1,2,1,8,1,4194304,0,0.711116,6594.672
0058,1,1,2,1,8,2,2097152,0,0.707598,7066.290
0059,1,1,2,1,8,4,1048576,0,0.711786,5668.194
0060,1,1,2,2,1,1,4194304,0,0.700634,4584.510
0061,1,1,2,2,1,2,2097152,0,0.717224,4605.258
0062,1,1,2,2,1,4,1048576,0,0.706331,4431.028
0063,1,1,2,2,2,1,4194304,0,0.700497,5151.622
0064,1,1,2,2,2,2,2097152,0,0.702340,5219.718
0065,1,1,2,2,2,4,1048576,0,0.711052,4855.564
0066,1,1,2,2,4,1,4194304,0,0.702941,6523.650
0067,1,1,2,2,4,2,2097152,0,0.711150,6669.152
0068,1,1,2,2,4,4,1048576,0,0.703444,5455.394
0069,1,1,2,2,8,1,4194304,0,0.743111,9072.994
0070,1,1,2,2,8,2,2097152,0,0.760868,9613.772
0071,1,1,2,2,8,4,1048576,0,0.709440,6688.570
0072,1,1,2,4,1,1,4194304,0,0.696612,5078.738
0073,1,1,2,4,1,2,2097152,0,0.702477,5131.406
0074,1,1,2,4,1,4,1048576,0,0.727278,4754.750
0075,1,1,2,4,2,1,4194304,0,0.712895,6546.792
0076,1,1,2,4,2,2,2097152,0,0.721104,6933.556
0077,1,1,2,4,2,4,1048576,0,0.707701,5456.192
0078,1,1,2,4,4,1,4194304,0,0.719191,9049.320
0079,1,1,2,4,4,2,2097152,0,0.706124,9362.402
0080,1,1,2,4,4,4,1048576,0,0.714835,6671.014
0081,1,1,2,4,8,1,4194304,0,0.731385,13301.330
0084,1,1,2,8,1,1,4194304,0,0.701471,5987.926
0085,1,1,2,8,1,2,2097152,0,0.720407,6042.190
0086,1,1,2,8,1,4,1048576,0,0.712364,5092.038
0087,1,1,2,8,2,1,4194304,0,0.715408,8530.088
0088,1,1,2,8,2,2,2097152,0,0.690444,9276.750
0089,1,1,2,8,2,4,1048576,0,0.709544,6708.786
0090,1,1,2,8,4,1,4194304,0,0.728572,13582.492
0096,1,1,4,1,1,1,4194304,0,0.548228,4431.560
0097,1,1,4,1,1,2,2097152,0,0.549953,4361.070
0098,1,1,4,1,1,4,1048576,0,0.568002,4437.146
0099,1,1,4,1,2,1,4194304,0,0.698674,4564.560
0100,1,1,4,1,2,2,2097152,0,0.693023,4533.970
0101,1,1,4,1,2,4,1048576,0,0.703994,4652.606
0102,1,1,4,1,4,1,4194304,0,0.704423,4818.058
0103,1,1,4,1,4,2,2097152,0,0.705254,4791.724
0104,1,1,4,1,4,4,1048576,0,0.702096,4927.650
0105,1,1,4,1,8,1,4194304,0,0.698405,5266.534
0106,1,1,4,1,8,2,2097152,0,0.718516,5238.604
0107,1,1,4,1,8,4,1048576,0,0.693751,5433.316
0108,1,1,4,2,1,1,4194304,0,0.685843,4574.934
0109,1,1,4,2,1,2,2097152,0,0.697482,4590.894
0110,1,1,4,2,1,4,1048576,0,0.700973,4724.692
0111,1,1,4,2,2,1,4194304,0,0.687536,4910.626
0112,1,1,4,2,2,2,2097152,0,0.686373,4804.492
0113,1,1,4,2,2,4,1048576,0,0.693521,4978.988
0114,1,1,4,2,4,1,4194304,0,0.695779,5515.510
0115,1,1,4,2,4,2,2097152,0,0.704589,5629.358
0116,1,1,4,2,4,4,1048576,0,0.712900,5923.022
0117,1,1,4,2,8,1,4194304,0,0.692587,7203.280
0118,1,1,4,2,8,2,2097152,0,0.697740,6877.696
0119,1,1,4,2,8,4,1048576,0,0.702061,6945.526
0120,1,1,4,4,1,1,4194304,0,0.691828,5134.598
0121,1,1,4,4,1,2,2097152,0,0.692660,5245.254
0122,1,1,4,4,1,4,1048576,0,0.694821,5209.078
0123,1,1,4,4,2,1,4194304,0,0.703661,6282.654
0124,1,1,4,4,2,2,2097152,0,0.702165,5528.810
0125,1,1,4,4,2,4,1048576,0,0.701167,5985.532
0126,1,1,4,4,4,1,4194304,0,0.721210,7524.874
0127,1,1,4,4,4,2,2097152,0,0.711403,7713.468
0128,1,1,4,4,4,4,1048576,0,0.705253,8319.416
0132,1,1,4,8,1,1,4194304,0,0.699809,6200.992
0133,1,1,4,8,1,2,2097152,0,0.704298,6146.462
0134,1,1,4,8,1,4,1048576,0,0.708122,6493.326
0135,1,1,4,8,2,1,4194304,0,0.723442,8492.582
0136,1,1,4,8,2,2,2097152,0,0.708814,7925.470
0137,1,1,4,8,2,4,1048576,0,0.729260,7778.372
0144,1,1,8,1,1,1,4194304,0,0.544528,4362.666
0145,1,1,8,1,1,2,2097152,0,0.546879,4396.182
0146,1,1,8,1,1,4,1048576,0,0.553279,4372.774
0147,1,1,8,1,2,1,4194304,0,0.697903,4590.096
0148,1,1,8,1,2,2,2097152,0,0.696754,4590.894
0149,1,1,8,1,2,4,1048576,0,0.699216,4716.712
0150,1,1,8,1,4,1,4194304,0,0.698161,4947.068
0151,1,1,8,1,4,2,2097152,0,0.694222,5069.694
0152,1,1,8,1,4,4,1048576,0,0.705711,5206.950
0153,1,1,8,1,8,1,4194304,0,0.696649,6328.672
0154,1,1,8,1,8,2,2097152,0,0.697142,6141.142
0155,1,1,8,1,8,4,1048576,0,0.704855,6585.362
0156,1,1,8,2,1,1,4194304,0,0.699519,4627.602
0157,1,1,8,2,1,2,2097152,0,0.697385,4675.482
0158,1,1,8,2,1,4,1048576,0,0.708877,4790.394
0159,1,1,8,2,2,1,4194304,0,0.701021,4949.994
0160,1,1,8,2,2,2,2097152,0,0.707914,5066.768
0161,1,1,8,2,2,4,1048576,0,0.702170,5547.430
0162,1,1,8,2,4,1,4194304,0,0.701607,6367.508
0163,1,1,8,2,4,2,2097152,0,0.691104,6070.918
0164,1,1,8,2,4,4,1048576,0,0.720645,6967.338
0168,1,1,8,4,1,1,4194304,0,0.698205,5231.688
0169,1,1,8,4,1,2,2097152,0,0.702638,5535.194
0170,1,1,8,4,1,4,1048576,0,0.703787,5482.526
0171,1,1,8,4,2,1,4194304,0,0.690188,6391.448
0172,1,1,8,4,2,2,2097152,0,0.693634,6567.274
0173,1,1,8,4,2,4,1048576,0,0.713495,7029.316
0180,1,1,8,8,1,1,4194304,0,0.725950,6258.714
0181,1,1,8,8,1,2,2097152,0,0.702966,7205.408
0182,1,1,8,8,1,4,1048576,0,0.702966,7118.160
0192,1,2,1,1,1,1,4194304,0,0.554192,4270.364
0193,1,2,1,1,1,2,2097152,0,0.562161,4328.884
0194,1,2,1,1,1,4,1048576,0,0.557434,4212.110
0195,1,2,1,1,2,1,4194304,0,0.705050,4207.056
0196,1,2,1,1,2,2,2097152,0,0.708591,4266.108
0197,1,2,1,1,2,4,1048576,0,0.708759,4375.168
0198,1,2,1,1,4,1,4194304,0,0.684415,4445.126
0199,1,2,1,1,4,2,2097152,0,0.702284,4549.930
0200,1,2,1,1,4,4,1048576,0,0.697564,4713.786
0201,1,2,1,1,8,1,4194304,0,0.695170,5030.060
0202,1,2,1,1,8,2,2097152,0,0.702250,5150.292
0203,1,2,1,1,8,4,1048576,0,0.723995,5389.958
0204,1,2,1,2,1,1,4194304,0,0.706198,4140.024
0205,1,2,1,2,1,2,2097152,0,0.701140,4284.462
0206,1,2,1,2,1,4,1048576,0,0.703500,4389.798
0207,1,2,1,2,2,1,4194304,0,0.695608,4531.310
0208,1,2,1,2,2,2,2097152,0,0.703701,4601.800
0209,1,2,1,2,2,4,1048576,0,0.711119,4733.736
0210,1,2,1,2,4,1,4194304,0,0.688629,5113.052
0211,1,2,1,2,4,2,2097152,0,0.699250,5263.608
0212,1,2,1,2,4,4,1048576,0,0.707173,5388.096
0213,1,2,1,2,8,1,4194304,0,0.697193,6274.674
0214,1,2,1,2,8,2,2097152,0,0.711015,6383.734
0215,1,2,1,2,8,4,1048576,0,0.709498,6855.086
0216,1,2,1,4,1,1,4194304,0,0.697092,4529.714
0217,1,2,1,4,1,2,2097152,0,0.694732,4669.896
0218,1,2,1,4,1,4,1048576,0,0.699116,4755.548
0219,1,2,1,4,2,1,4194304,0,0.694765,5209.078
0220,1,2,1,4,2,2,2097152,0,0.697969,5285.154
0221,1,2,1,4,2,4,1048576,0,0.718199,5594.778
0222,1,2,1,4,4,1,4194304,0,0.695709,6301.806
0223,1,2,1,4,4,2,2097152,0,0.704981,6519.394
0224,1,2,1,4,4,4,1048576,0,0.716781,6613.558
0225,1,2,1,4,8,1,4194304,0,0.696013,8790.768
0227,1,2,1,4,8,4,1048576,0,0.711689,8655.108
0228,1,2,1,8,1,1,4194304,0,0.695237,5139.386
0229,1,2,1,8,1,2,2097152,0,0.699959,5521.894
0230,1,2,1,8,1,4,1048576,0,0.718339,5668.194
0231,1,2,1,8,2,1,4194304,0,0.692911,6273.876
0232,1,2,1,8,2,2,2097152,0,0.709264,6571.796
0233,1,2,1,8,2,4,1048576,0,0.718199,6827.688
0234,1,2,1,8,4,1,4194304,0,0.699923,9033.892
0236,1,2,1,8,4,4,1048576,0,0.717624,9401.504
0240,1,2,2,1,1,1,4194304,0,0.694854,4477.578
0241,1,2,2,1,1,2,2097152,0,0.712756,4473.322
0242,1,2,2,1,1,4,1048576,0,0.710079,4332.076
0243,1,2,2,1,2,1,4194304,0,0.693881,4946.004
0244,1,2,2,1,2,2,2097152,0,0.696223,5009.578
0245,1,2,2,1,2,4,1048576,0,0.718806,4632.922
0246,1,2,2,1,4,1,4194304,0,0.697828,5701.710
0247,1,2,2,1,4,2,2097152,0,0.697828,5826.730
0248,1,2,2,1,4,4,1048576,0,0.698831,4973.136
0249,1,2,2,1,8,1,4194304,0,0.707661,7554.932
0250,1,2,2,1,8,2,2097152,0,0.706658,8229.508
0251,1,2,2,1,8,4,1048576,0,0.706992,5655.426
0252,1,2,2,2,1,1,4194304,0,0.696359,5070.758
0253,1,2,2,2,1,2,2097152,0,0.696694,5166.784
0254,1,2,2,2,1,4,1048576,0,0.704892,4722.298
0255,1,2,2,2,2,1,4194304,0,0.695219,5896.688
0256,1,2,2,2,2,2,2097152,0,0.708434,6339.312
0257,1,2,2,2,2,4,1048576,0,0.714456,5054.000
0258,1,2,2,2,4,1,4194304,0,0.760217,8062.460
0259,1,2,2,2,4,2,2097152,0,0.710874,8304.254
0260,1,2,2,2,4,4,1048576,0,0.708365,5893.496
0261,1,2,2,2,8,1,4194304,0,0.719871,11778.214
0262,1,2,2,2,8,2,2097152,0,0.721710,12035.968
0263,1,2,2,2,8,4,1048576,0,0.708497,7682.878
0264,1,2,2,4,1,1,4194304,0,0.707736,6051.766
0265,1,2,2,4,1,2,2097152,0,0.716771,6678.728
0266,1,2,2,4,1,4,1048576,0,0.713257,5265.470
0267,1,2,2,4,2,1,4194304,0,0.698062,8052.086
0268,1,2,2,4,2,2,2097152,0,0.723489,8653.778
0269,1,2,2,4,2,4,1048576,0,0.708601,6045.914
0270,1,2,2,4,4,1,4194304,0,0.714720,12149.018
0271,1,2,2,4,4,2,2097152,0,0.724756,12063.632
0272,1,2,2,4,4,4,1048576,0,0.707863,7333.354
0276,1,2,2,8,1,1,4194304,0,0.726977,8704.584
0277,1,2,2,8,1,2,2097152,0,0.714094,8643.936
0278,1,2,2,8,1,4,1048576,0,0.702884,6629.784
0279,1,2,2,8,2,1,4194304,0,0.724994,12151.146
0280,1,2,2,8,2,2,2097152,0,0.709939,12402.250
0281,1,2,2,8,2,4,1048576,0,0.723322,7370.328
0288,1,2,4,1,1,1,4194304,0,0.699204,4343.514
0289,1,2,4,1,1,2,2097152,0,0.693560,4323.564
0290,1,2,4,1,1,4,1048576,0,0.708999,4418.260
0291,1,2,4,1,2,1,4194304,0,0.687614,4666.704
0292,1,2,4,1,2,2,2097152,0,0.693589,4668.300
0293,1,2,4,1,2,4,1048576,0,0.703548,4761.666
0294,1,2,4,1,4,1,4194304,0,0.697172,5237.806
0295,1,2,4,1,4,2,2097152,0,0.703146,5187.000
0296,1,2,4,1,4,4,1048576,0,0.701155,5488.910
0297,1,2,4,1,8,1,4194304,0,0.718544,6923.714
0298,1,2,4,1,8,2,2097152,0,0.707094,6959.624
0299,1,2,4,1,8,4,1048576,0,0.711741,6389.054
0300,1,2,4,2,1,1,4194304,0,0.690572,4557.910
0301,1,2,4,2,1,2,2097152,0,0.696880,4572.274
0302,1,2,4,2,1,4,1048576,0,0.691070,4672.822
0303,1,2,4,2,2,1,4194304,0,0.686286,5311.222
0304,1,2,4,2,2,2,2097152,0,0.686286,5205.620
0305,1,2,4,2,2,4,1048576,0,0.711016,5426.134
0306,1,2,4,2,4,1,4194304,0,0.690865,6336.386
0307,1,2,4,2,4,2,2097152,0,0.707129,6455.022
0308,1,2,4,2,4,4,1048576,0,0.707792,6751.080
0309,1,2,4,2,8,1,4194304,0,0.697635,8536.472
0312,1,2,4,4,1,1,4194304,0,0.698540,5045.222
0313,1,2,4,4,1,2,2097152,0,0.686089,4814.866
0314,1,2,4,4,1,4,1048576,0,0.693061,5042.562
0315,1,2,4,4,2,1,4194304,0,0.697572,6950.580
0316,1,2,4,4,2,2,2097152,0,0.712177,7002.716
0317,1,2,4,4,2,4,1048576,0,0.710683,7417.144
0318,1,2,4,4,4,1,4194304,0,0.712107,9556.316
0324,1,2,4,8,1,1,4194304,0,0.684761,5437.306
0325,1,2,4,8,1,2,2097152,0,0.689409,5160.932
0326,1,2,4,8,1,4,1048576,0,0.711488,5423.208
0327,1,2,4,8,2,1,4194304,0,0.716492,8945.314
0336,1,2,8,1,1,1,4194304,0,0.687371,4300.954
0337,1,2,8,1,1,2,2097152,0,0.693281,4474.386
0338,1,2,8,1,1,4,1048576,0,0.702803,4605.524
0339,1,2,8,1,2,1,4194304,0,0.698231,4637.444
0340,1,2,8,1,2,2,2097152,0,0.697903,4856.362
0341,1,2,8,1,2,4,1048576,0,0.711526,4968.348
0342,1,2,8,1,4,1,4194304,0,0.706039,5838.434
0343,1,2,8,1,4,2,2097152,0,0.699967,5962.390
0344,1,2,8,1,4,4,1048576,0,0.701772,6389.586
0345,1,2,8,1,8,1,4194304,0,0.694516,7315.532
0346,1,2,8,1,8,2,2097152,0,0.700916,7958.986
0347,1,2,8,1,8,4,1048576,0,0.699275,7365.274
0348,1,2,8,2,1,1,4194304,0,0.697549,4655.798
0349,1,2,8,2,1,2,2097152,0,0.697385,4873.918
0350,1,2,8,2,1,4,1048576,0,0.710190,5033.784
0351,1,2,8,2,2,1,4194304,0,0.696261,5251.106
0352,1,2,8,2,2,2,2097152,0,0.689039,5677.770
0353,1,2,8,2,2,4,1048576,0,0.692322,5822.740
0354,1,2,8,2,4,1,4194304,0,0.700130,7382.032
0355,1,2,8,2,4,2,2097152,0,0.704726,8820.294
0356,1,2,8,2,4,4,1048576,0,0.705874,8202.908
0360,1,2,8,4,1,1,4194304,0,0.694758,6195.672
0361,1,2,8,4,1,2,2097152,0,0.694594,5952.548
0362,1,2,8,4,1,4,1048576,0,0.701325,6351.814
0363,1,2,8,4,2,1,4194304,0,0.702498,7287.336
0364,1,2,8,4,2,2,2097152,0,0.696096,7576.744
0365,1,2,8,4,2,4,1048576,0,0.706765,7803.642
0372,1,2,8,8,1,1,4194304,0,0.695086,7626.752
0373,1,2,8,8,1,2,2097152,0,0.702145,7604.674
0374,1,2,8,8,1,4,1048576,0,0.702638,8248.394
0384,1,4,1,1,1,1,4194304,0,0.552577,4085.494
0385,1,4,1,1,1,2,2097152,0,0.555408,4334.736
0386,1,4,1,1,1,4,1048576,0,0.557700,4246.690
0387,1,4,1,1,2,1,4194304,0,0.703786,4235.518
0388,1,4,1,1,2,2,2097152,0,0.705469,4350.430
0389,1,4,1,1,2,4,1048576,0,0.699914,4377.562
0390,1,4,1,1,4,1,4194304,0,0.692608,4453.904
0391,1,4,1,1,4,2,2097152,0,0.693955,4596.746
0392,1,4,1,1,4,4,1048576,0,0.703044,4693.570
0393,1,4,1,1,8,1,4194304,0,0.697624,4997.874
0394,1,4,1,1,8,2,2097152,0,0.719672,5214.398
0395,1,4,1,1,8,4,1048576,0,0.716642,5449.276
0396,1,4,1,2,1,1,4194304,0,0.687928,4188.436
0397,1,4,1,2,1,2,2097152,0,0.704932,4376.498
0398,1,4,1,2,1,4,1048576,0,0.704595,4426.506
0399,1,4,1,2,2,1,4194304,0,0.692844,4504.710
0400,1,4,1,2,2,2,2097152,0,0.699577,4630.794
0401,1,4,1,2,2,4,1048576,0,0.699913,4714.318
0402,1,4,1,2,4,1,4194304,0,0.687727,4948.664
0403,1,4,1,2,4,2,2097152,0,0.709439,5224.240
0404,1,4,1,2,4,4,1048576,0,0.696816,5483.856
0405,1,4,1,2,8,1,4194304,0,0.702672,6554.506
0406,1,4,1,2,8,2,2097152,0,0.716978,8459.598
0407,1,4,1,2,8,4,1048576,0,0.733136,6339.844
0408,1,4,1,4,1,1,4194304,0,0.693315,4483.696
0409,1,4,1,4,1,2,2097152,0,0.695504,4722.830
0410,1,4,1,4,1,4,1048576,0,0.717222,4799.970
0411,1,4,1,4,2,1,4194304,0,0.697220,5033.518
0412,1,4,1,4,2,2,2097152,0,0.697725,5168.912
0413,1,4,1,4,2,4,1048576,0,0.696883,5386.234
0414,1,4,1,4,4,1,4194304,0,0.708092,6567.806
0415,1,4,1,4,4,2,2097152,0,0.701360,6631.114
0416,1,4,1,4,4,4,1048576,0,0.711795,6773.158
0420,1,4,1,8,1,1,4194304,0,0.694830,5003.194
0421,1,4,1,8,1,2,2097152,0,0.697187,5248.446
0422,1,4,1,8,1,4,1048576,0,0.716549,5347.664
0423,1,4,1,8,2,1,4194304,0,0.703953,7094.220
0424,1,4,1,8,2,2,2097152,0,0.708161,8397.886
0425,1,4,1,8,2,4,1048576,0,0.716578,7129.066
0432,1,4,2,1,1,1,4194304,0,0.714145,4782.680
0433,1,4,2,1,1,2,2097152,0,0.712475,4825.506
0434,1,4,2,1,1,4,1048576,0,0.722331,4427.304
0435,1,4,2,1,2,1,4194304,0,0.693963,5745.068
0436,1,4,2,1,2,2,2097152,0,0.693295,5869.556
0437,1,4,2,1,2,4,1048576,0,0.702648,4885.356
0438,1,4,2,1,4,1,4194304,0,0.714102,7865.886
0439,1,4,2,1,4,2,2097152,0,0.708925,7862.694
0440,1,4,2,1,4,4,1048576,0,0.713267,5537.854
0441,1,4,2,1,8,1,4194304,0,0.709725,10911.320
0442,1,4,2,1,8,2,2097152,0,0.713399,11266.430
0443,1,4,2,1,8,4,1048576,0,0.706719,6484.814
0444,1,4,2,2,1,1,4194304,0,0.691426,5755.708
0445,1,4,2,2,1,2,2097152,0,0.691760,5911.052
0446,1,4,2,2,1,4,1048576,0,0.707463,4886.952
0447,1,4,2,2,2,1,4194304,0,0.713671,7739.802
0448,1,4,2,2,2,2,2097152,0,0.710998,7870.940
0449,1,4,2,2,2,4,1048576,0,0.706322,5622.442
0450,1,4,2,2,4,1,4194304,0,0.723287,10820.082
0451,1,4,2,2,4,2,2097152,0,0.713267,11055.492
0452,1,4,2,2,4,4,1048576,0,0.715104,6665.960
0453,1,4,2,2,8,1,4194304,0,0.756149,17891.957
0455,1,4,2,2,8,4,1048576,0,0.728094,9194.024
0456,1,4,2,4,1,1,4194304,0,0.718655,7767.998
0457,1,4,2,4,1,2,2097152,0,0.709133,7642.446
0458,1,4,2,4,1,4,1048576,0,0.707629,5732.566
0459,1,4,2,4,2,1,4194304,0,0.708159,11436.138
0460,1,4,2,4,2,2,2097152,0,0.710831,10827.796
0461,1,4,2,4,2,4,1048576,0,0.705987,6909.616
0462,1,4,2,4,4,1,4194304,0,0.708924,16980.908
0468,1,4,2,8,1,1,4194304,0,0.706794,11334.526
0469,1,4,2,8,1,2,2097152,0,0.706961,11578.182
0470,1,4,2,8,1,4,1048576,0,0.716817,7124.810
0471,1,4,2,8,2,1,4194304,0,0.744736,17900.471
0473,1,4,2,8,2,4,1048576,0,0.708994,9850.246
0480,1,4,4,1,1,1,4194304,0,0.691471,4575.732
0481,1,4,4,1,1,2,2097152,0,0.701581,4581.584
0482,1,4,4,1,1,4,1048576,0,0.695448,4652.606
0483,1,4,4,1,2,1,4194304,0,0.711882,5071.822
0484,1,4,4,1,2,2,2097152,0,0.695642,5033.518
0485,1,4,4,1,2,4,1048576,0,0.699785,5202.694
0486,1,4,4,1,4,1,4194304,0,0.689774,5932.332
0487,1,4,4,1,4,2,2097152,0,0.713137,5929.406
0488,1,4,4,1,4,4,1048576,0,0.694579,6567.806
0489,1,4,4,1,8,1,4194304,0,0.697196,7628.348
0490,1,4,4,1,8,2,2097152,0,0.705149,8167.264
0491,1,4,4,1,8,4,1048576,0,0.705977,7404.642
0492,1,4,4,2,1,1,4194304,0,0.694951,5068.630
0493,1,4,4,2,1,2,2097152,0,0.692299,5089.910
0494,1,4,4,2,1,4,1048576,0,0.709536,5142.578
0495,1,4,4,2,2,1,4194304,0,0.673934,6554.506
0496,1,4,4,2,2,2,2097152,0,0.693985,6392.246
0497,1,4,4,2,2,4,1048576,0,0.709396,6484.548
0498,1,4,4,2,4,1,4194304,0,0.720758,7911.106
0499,1,4,4,2,4,2,2097152,0,0.722581,7668.248
0500,1,4,4,2,4,4,1048576,0,0.723906,8770.020
0504,1,4,4,4,1,1,4194304,0,0.703237,6116.670
0505,1,4,4,4,1,2,2097152,0,0.711524,6027.560
0506,1,4,4,4,1,4,1048576,0,0.710861,6101.242
0507,1,4,4,4,2,1,4194304,0,0.696967,8550.038
0508,1,4,4,4,2,2,2097152,0,0.749331,8075.760
0509,1,4,4,4,2,4,1048576,0,0.712544,8264.886
0516,1,4,4,8,1,1,4194304,0,0.708541,8323.938
0517,1,4,4,8,1,2,2097152,0,0.730916,8749.804
0518,1,4,4,8,1,4,1048576,0,0.736883,8763.104
0528,1,4,8,1,1,1,4194304,0,0.736457,4544.610
0529,1,4,8,1,1,2,2097152,0,0.697550,4691.974
0530,1,4,8,1,1,4,1048576,0,0.701490,4788.532
0531,1,4,8,1,2,1,4194304,0,0.703155,4960.368
0532,1,4,8,1,2,2,2097152,0,0.701021,5133.268
0533,1,4,8,1,2,4,1048576,0,0.699708,5194.714
0534,1,4,8,1,4,1,4194304,0,0.698325,5841.892
0535,1,4,8,1,4,2,2097152,0,0.697669,6304.200
0536,1,4,8,1,4,4,1048576,0,0.691432,6396.236
0537,1,4,8,1,8,1,4194304,0,0.689429,7626.486
0540,1,4,8,2,1,1,4194304,0,0.688191,5183.808
0541,1,4,8,2,1,2,2097152,0,0.695907,5317.074
0542,1,4,8,2,1,4,1048576,0,0.739576,5401.396
0543,1,4,8,2,2,1,4194304,0,0.733848,6229.986
0544,1,4,8,2,2,2,2097152,0,0.709063,6929.300
0545,1,4,8,2,2,4,1048576,0,0.700364,7197.162
0546,1,4,8,2,4,1,4194304,0,0.718019,8025.486
0552,1,4,8,4,1,1,4194304,0,0.692624,6162.954
0553,1,4,8,4,1,2,2097152,0,0.695743,6437.200
0554,1,4,8,4,1,4,1048576,0,0.723159,6600.524
0555,1,4,8,4,2,1,4194304,0,0.715300,8664.418
0564,1,4,8,8,1,1,4194304,0,0.691803,8005.004
0576,1,8,1,1,1,1,4194304,0,0.551229,4103.050
0577,1,8,1,1,1,2,2097152,0,0.561070,4371.178
0578,1,8,1,1,1,4,1048576,0,0.571450,4285.260
0579,1,8,1,1,2,1,4194304,0,0.693517,4195.618
0580,1,8,1,1,2,2,2097152,0,0.708330,4340.854
0581,1,8,1,1,2,4,1048576,0,0.706142,4423.580
0582,1,8,1,1,4,1,4194304,0,0.694965,4558.442
0583,1,8,1,1,4,2,2097152,0,0.700856,4707.402
0584,1,8,1,1,4,4,1048576,0,0.719538,4749.164
0585,1,8,1,1,8,1,4194304,0,0.697624,5173.700
0586,1,8,1,1,8,2,2097152,0,0.698297,5894.826
0587,1,8,1,1,8,4,1048576,0,0.707890,5425.336
0588,1,8,1,2,1,1,4194304,0,0.706953,4221.420
0589,1,8,1,2,1,2,2097152,0,0.699713,4349.898
0590,1,8,1,2,1,4,1048576,0,0.704595,4456.032
0591,1,8,1,2,2,1,4194304,0,0.698567,4628.666
0592,1,8,1,2,2,2,2097152,0,0.710013,4813.004
0593,1,8,1,2,2,4,1048576,0,0.714053,4849.712
0594,1,8,1,2,4,1,4194304,0,0.689073,5462.044
0595,1,8,1,2,4,2,2097152,0,0.705231,6057.352
0596,1,8,1,2,4,4,1048576,0,0.709944,5638.934
0600,1,8,1,4,1,1,4194304,0,0.693315,4757.942
0601,1,8,1,4,1,2,2097152,0,0.699881,4939.354
0602,1,8,1,4,1,4,1048576,0,0.697356,5044.956
0603,1,8,1,4,2,1,4194304,0,0.705131,5559.134
0604,1,8,1,4,2,2,2097152,0,0.705300,6199.662
0605,1,8,1,4,2,4,1048576,0,0.707488,6259.246
0612,1,8,1,8,1,1,4194304,0,0.693988,5524.820
0613,1,8,1,8,1,2,2097152,0,0.695335,5483.058
0614,1,8,1,8,1,4,1048576,0,0.715539,5730.704
0624,1,8,2,1,1,1,4194304,0,0.700447,5533.598
0625,1,8,2,1,1,2,2097152,0,0.703621,5610.472
0626,1,8,2,1,1,4,1048576,0,0.710971,4690.910
0627,1,8,2,1,2,1,4194304,0,0.709329,7506.254
0628,1,8,2,1,2,2,2097152,0,0.704485,7308.882
0629,1,8,2,1,2,4,1048576,0,0.705320,5224.772
0630,1,8,2,1,4,1,4194304,0,0.714102,10774.064
0631,1,8,2,1,4,2,2097152,0,0.728130,10975.692
0632,1,8,2,1,4,4,1048576,0,0.705752,6134.492
0633,1,8,2,1,8,1,4194304,0,0.721081,16886.744
0634,1,8,2,1,8,2,2097152,0,0.729097,17210.199
0635,1,8,2,1,8,4,1048576,0,0.724755,7881.846
0636,1,8,2,2,1,1,4194304,0,0.693764,7553.070
0637,1,8,2,2,1,2,2097152,0,0.712975,7367.136
0638,1,8,2,2,1,4,1048576,0,0.712808,5304.572
0639,1,8,2,2,2,1,4194304,0,0.712334,10498.488
0640,1,8,2,2,2,2,2097152,0,0.709662,10821.412
0641,1,8,2,2,2,4,1048576,0,0.712835,6488.804
0642,1,8,2,2,4,1,4194304,0,0.711597,17117.365
0643,1,8,2,2,4,2,2097152,0,0.703914,17170.301
0644,1,8,2,2,4,4,1048576,0,0.737315,8554.028
0648,1,8,2,4,1,1,4194304,0,0.699945,10659.950
0649,1,8,2,4,1,2,2097152,0,0.703119,10992.450
0650,1,8,2,4,1,4,1048576,0,0.726339,6425.496
0651,1,8,2,4,2,1,4194304,0,0.716510,16486.414
0652,1,8,2,4,2,2,2097152,0,0.731875,17160.725
0653,1,8,2,4,2,4,1048576,0,0.722355,8703.520
0660,1,8,2,8,1,1,4194304,0,0.749225,17516.100
0661,1,8,2,8,1,2,2097152,0,0.726506,17053.793
0662,1,8,2,8,1,4,1048576,0,0.709300,8723.204
0672,1,8,4,1,1,1,4194304,0,0.685670,4797.310
0673,1,8,4,1,1,2,2097152,0,0.689647,4695.166
0674,1,8,4,1,1,4,1048576,0,0.694785,4877.908
0675,1,8,4,1,2,1,4194304,0,0.697134,5223.176
0676,1,8,4,1,2,2,2097152,0,0.700614,5177.424
0677,1,8,4,1,2,4,1048576,0,0.692991,5416.292
0678,1,8,4,1,4,1,4194304,0,0.697396,6019.314
0679,1,8,4,1,4,2,2097152,0,0.705349,6461.672
0680,1,8,4,1,4,4,1048576,0,0.695905,6309.254
0681,1,8,4,1,8,1,4194304,0,0.715421,8053.416
0684,1,8,4,2,1,1,4194304,0,0.681028,5429.060
0685,1,8,4,2,1,2,2097152,0,0.694122,5391.820
0686,1,8,4,2,1,4,1048576,0,0.690144,6190.884
0687,1,8,4,2,2,1,4194304,0,0.712875,6867.322
0688,1,8,4,2,2,2,2097152,0,0.691168,6396.502
0689,1,8,4,2,2,4,1048576,0,0.712378,6466.726
0690,1,8,4,2,4,1,4194304,0,0.710485,8821.358
0696,1,8,4,4,1,1,4194304,0,0.709536,7125.342
0697,1,8,4,4,1,2,2097152,0,0.718486,6809.068
0698,1,8,4,4,1,4,1048576,0,0.703403,6880.622
0699,1,8,4,4,2,1,4194304,0,0.704093,9062.886
0708,1,8,4,8,1,1,4194304,0,0.712022,8135.610
0709,1,8,4,8,1,2,2097152,0,0.713845,9192.694
0720,1,8,8,1,1,1,4194304,0,0.686386,4766.720
0721,1,8,8,1,1,2,2097152,0,0.687535,4943.344
0722,1,8,8,1,1,4,1048576,0,0.703131,5174.232
0723,1,8,8,1,2,1,4194304,0,0.702170,5411.504
0724,1,8,8,1,2,2,2097152,0,0.689860,5955.740
0732,1,8,8,2,1,1,4194304,0,0.700340,5553.548
0733,1,8,8,2,1,2,2097152,0,0.693773,6022.240
0734,1,8,8,2,1,4,1048576,0,0.706742,6641.754
0735,1,8,8,2,2,1,4194304,0,0.698559,7524.076
0744,1,8,8,4,1,1,4194304,0,0.711831,7803.110
0768,2,1,1,1,1,1,4194304,0,0.418103,3823.484
0769,2,1,1,1,1,2,2097152,0,0.419731,3863.384
0770,2,1,1,1,1,4,1048576,0,0.423192,3948.238
0771,2,1,1,1,2,1,4194304,0,0.708004,4161.038
0772,2,1,1,1,2,2,2097152,0,0.706484,4194.288
0773,2,1,1,1,2,4,1048576,0,0.708848,4307.870
0774,2,1,1,1,4,1,4194304,0,0.695779,4285.260
0775,2,1,1,1,4,2,2097152,0,0.697130,4362.400
0776,2,1,1,1,4,4,1048576,0,0.714013,4512.158
0777,2,1,1,1,8,1,4194304,0,0.695576,4531.310
0778,2,1,1,1,8,2,2097152,0,0.695239,4658.192
0779,2,1,1,1,8,4,1048576,0,0.709251,4793.586
0780,2,1,1,2,1,1,4194304,0,0.696488,4177.796
0781,2,1,1,2,1,2,2097152,0,0.701047,4227.538
0782,2,1,1,2,1,4,1048576,0,0.711012,4336.066
0783,2,1,1,2,2,1,4194304,0,0.697028,4296.166
0784,2,1,1,2,2,2,2097152,0,0.713744,4396.714
0785,2,1,1,2,2,4,1048576,0,0.698716,4481.568
0786,2,1,1,2,4,1,4194304,0,0.692233,4729.480
0787,2,1,1,2,4,2,2097152,0,0.697973,4644.094
0788,2,1,1,2,4,4,1048576,0,0.720766,4786.936
0789,2,1,1,2,8,1,4194304,0,0.692199,5499.550
0790,2,1,1,2,8,2,2097152,0,0.695576,5249.510
0791,2,1,1,2,8,4,1048576,0,0.702835,6304.466
0792,2,1,1,4,1,1,4194304,0,0.696487,4404.960
0793,2,1,1,4,1,2,2097152,0,0.705607,4493.538
0794,2,1,1,4,1,4,1048576,0,0.710336,4570.412
0795,2,1,1,4,2,1,4194304,0,0.697365,5001.332
0796,2,1,1,4,2,2,2097152,0,0.715264,4901.050
0797,2,1,1,4,2,4,1048576,0,0.699729,4991.490
0798,2,1,1,4,4,1,4194304,0,0.695103,4891.740
0799,2,1,1,4,4,2,2097152,0,0.697973,4963.294
0800,2,1,1,4,4,4,1048576,0,0.712493,5142.046
0801,2,1,1,4,8,1,4194304,0,0.715328,6557.166
0802,2,1,1,4,8,2,2097152,0,0.697095,7173.488
0803,2,1,1,4,8,4,1048576,0,0.697770,7258.342
0804,2,1,1,8,1,1,4194304,0,0.685003,4879.770
0805,2,1,1,8,1,2,2097152,0,0.696994,5031.390
0806,2,1,1,8,1,4,1048576,0,0.703918,5063.842
0807,2,1,1,8,2,1,4194304,0,0.699729,5647.446
0808,2,1,1,8,2,2,2097152,0,0.701586,5724.852
0809,2,1,1,8,2,4,1048576,0,0.716108,5999.364
0810,2,1,1,8,4,1,4194304,0,0.690713,5809.706
0811,2,1,1,8,4,2,2097152,0,0.706415,5981.808
0812,2,1,1,8,4,4,1048576,0,0.715363,5993.778
0816,2,1,2,1,1,1,4194304,0,0.556457,4306.274
0817,2,1,2,1,1,2,2097152,0,0.559137,4464.544
0818,2,1,2,1,1,4,1048576,0,0.557395,4353.356
0819,2,1,2,1,2,1,4194304,0,0.700497,4537.960
0820,2,1,2,1,2,2,2097152,0,0.703848,4583.180
0821,2,1,2,1,2,4,1048576,0,0.713398,4442.732
0822,2,1,2,1,4,1,4194304,0,0.705120,5147.100
0823,2,1,2,1,4,2,2097152,0,0.695571,5212.536
0824,2,1,2,1,4,4,1048576,0,0.711318,4741.450
0825,2,1,2,1,8,1,4194304,0,0.711116,6594.672
0826,2,1,2,1,8,2,2097152,0,0.707598,7066.290
0827,2,1,2,1,8,4,1048576,0,0.711786,5668.194
0828,2,1,2,2,1,1,4194304,0,0.700634,4584.510
0829,2,1,2,2,1,2,2097152,0,0.717224,4605.258
0830,2,1,2,2,1,4,1048576,0,0.706331,4431.028
0831,2,1,2,2,2,1,4194304,0,0.700497,5151.622
0832,2,1,2,2,2,2,2097152,0,0.702340,5219.718
0833,2,1,2,2,2,4,1048576,0,0.711052,4855.564
0834,2,1,2,2,4,1,4194304,0,0.702941,6523.650
0835,2,1,2,2,4,2,2097152,0,0.711150,6669.152
0836,2,1,2,2,4,4,1048576,0,0.703444,5455.394
0837,2,1,2,2,8,1,4194304,0,0.743111,9072.994
0838,2,1,2,2,8,2,2097152,0,0.760868,9613.772
0839,2,1,2,2,8,4,1048576,0,0.709440,6688.570
0840,2,1,2,4,1,1,4194304,0,0.696612,5078.738
0841,2,1,2,4,1,2,2097152,0,0.702477,5131.406
0842,2,1,2,4,1,4,1048576,0,0.727278,4754.750
0843,2,1,2,4,2,1,4194304,0,0.712895,6546.792
0844,2,1,2,4,2,2,2097152,0,0.721104,6933.556
0845,2,1,2,4,2,4,1048576,0,0.707701,5456.192
0846,2,1,2,4,4,1,4194304,0,0.719191,9049.320
0847,2,1,2,4,4,2,2097152,0,0.706124,9362.402
0848,2,1,2,4,4,4,1048576,0,0.714835,6671.014
0849,2,1,2,4,8,1,4194304,0,0.731385,13301.330
0852,2,1,2,8,1,1,4194304,0,0.701471,5987.926
0853,2,1,2,8,1,2,2097152,0,0.720407,6042.190
0854,2,1,2,8,1,4,1048576,0,0.712364,5092.038
0855,2,1,2,8,2,1,4194304,0,0.715408,8530.088
0856,2,1,2,8,2,2,2097152,0,0.690444,9276.750
0857,2,1,2,8,2,4,1048576,0,0.709544,6708.786
0858,2,1,2,8,4,1,4194304,0,0.728572,13582.492
0860,2,1,2,8,4,4,1048576,0,0.726227,10045.490
0864,2,1,4,1,1,1,4194304,0,0.548228,4431.560
0865,2,1,4,1,1,2,2097152,0,0.549953,4361.070
0866,2,1,4,1,1,4,1048576,0,0.568002,4437.146
0867,2,1,4,1,2,1,4194304,0,0.698674,4564.560
0868,2,1,4,1,2,2,2097152,0,0.693023,4533.970
0869,2,1,4,1,2,4,1048576,0,0.703994,4652.606
0870,2,1,4,1,4,1,4194304,0,0.704423,4818.058
0871,2,1,4,1,4,2,2097152,0,0.705254,4791.724
0872,2,1,4,1,4,4,1048576,0,0.702096,4927.650
0873,2,1,4,1,8,1,4194304,0,0.698405,5266.534
0874,2,1,4,1,8,2,2097152,0,0.718516,5238.604
0875,2,1,4,1,8,4,1048576,0,0.693751,5433.316
0876,2,1,4,2,1,1,4194304,0,0.685843,4574.934
0877,2,1,4,2,1,2,2097152,0,0.697482,4590.894
0878,2,1,4,2,1,4,1048576,0,0.700973,4724.692
0879,2,1,4,2,2,1,4194304,0,0.687536,4910.626
0880,2,1,4,2,2,2,2097152,0,0.686373,4804.492
0881,2,1,4,2,2,4,1048576,0,0.693521,4978.988
0882,2,1,4,2,4,1,4194304,0,0.695779,5515.510
0883,2,1,4,2,4,2,2097152,0,0.704589,5629.358
0884,2,1,4,2,4,4,1048576,0,0.712900,5923.022
0885,2,1,4,2,8,1,4194304,0,0.692587,7203.280
0886,2,1,4,2,8,2,2097152,0,0.697740,6877.696
0887,2,1,4,2,8,4,1048576,0,0.702061,6945.526
0888,2,1,4,4,1,1,4194304,0,0.691828,5134.598
0889,2,1,4,4,1,2,2097152,0,0.692660,5245.254
0890,2,1,4,4,1,4,1048576,0,0.694821,5209.078
0891,2,1,4,4,2,1,4194304,0,0.703661,6282.654
0892,2,1,4,4,2,2,2097152,0,0.702165,5528.810
0893,2,1,4,4,2,4,1048576,0,0.701167,5985.532
0894,2,1,4,4,4,1,4194304,0,0.721210,7524.874
0895,2,1,4,4,4,2,2097152,0,0.711403,7713.468
0896,2,1,4,4,4,4,1048576,0,0.705253,8319.416
0900,2,1,4,8,1,1,4194304,0,0.699809,6200.992
0901,2,1,4,8,1,2,2097152,0,0.704298,6146.462
0902,2,1,4,8,1,4,1048576,0,0.708122,6493.326
0903,2,1,4,8,2,1,4194304,0,0.723442,8492.582
0904,2,1,4,8,2,2,2097152,0,0.708814,7925.470
0905,2,1,4,8,2,4,1048576,0,0.729260,7778.372
0912,2,1,8,1,1,1,4194304,0,0.544528,4362.666
0913,2,1,8,1,1,2,2097152,0,0.546879,4396.182
0914,2,1,8,1,1,4,1048576,0,0.553279,4372.774
0915,2,1,8,1,2,1,4194304,0,0.697903,4590.096
0916,2,1,8,1,2,2,2097152,0,0.696754,4590.894
0917,2,1,8,1,2,4,1048576,0,0.699216,4716.712
0918,2,1,8,1,4,1,4194304,0,0.698161,4947.068
0919,2,1,8,1,4,2,2097152,0,0.694222,5069.694
0920,2,1,8,1,4,4,1048576,0,0.705711,5206.950
0921,2,1,8,1,8,1,4194304,0,0.696649,6328.672
0922,2,1,8,1,8,2,2097152,0,0.697142,6141.142
0923,2,1,8,1,8,4,1048576,0,0.704855,6585.362
0924,2,1,8,2,1,1,4194304,0,0.699519,4627.602
0925,2,1,8,2,1,2,2097152,0,0.697385,4675.482
0926,2,1,8,2,1,4,1048576,0,0.708877,4790.394
0927,2,1,8,2,2,1,4194304,0,0.701021,4949.994
0928,2,1,8,2,2,2,2097152,0,0.707914,5066.768
0929,2,1,8,2,2,4,1048576,0,0.702170,5547.430
0930,2,1,8,2,4,1,4194304,0,0.701607,6367.508
0931,2,1,8,2,4,2,2097152,0,0.691104,6070.918
0932,2,1,8,2,4,4,1048576,0,0.720645,6967.338
0936,2,1,8,4,1,1,4194304,0,0.698205,5231.688
0937,2,1,8,4,1,2,2097152,0,0.702638,5535.194
0938,2,1,8,4,1,4,1048576,0,0.703787,5482.526
0939,2,1,8,4,2,1,4194304,0,0.690188,6391.448
0940,2,1,8,4,2,2,2097152,0,0.693634,6567.274
0941,2,1,8,4,2,4,1048576,0,0.713495,7029.316
0948,2,1,8,8,1,1,4194304,0,0.725950,6258.714
0949,2,1,8,8,1,2,2097152,0,0.702966,7205.408
0950,2,1,8,8,1,4,1048576,0,0.702966,7118.160
0960,2,2,1,1,1,1,4194304,0,0.554192,4270.364
0961,2,2,1,1,1,2,2097152,0,0.562161,4328.884
0962,2,2,1,1,1,4,1048576,0,0.557434,4212.110
0963,2,2,1,1,2,1,4194304,0,0.705050,4207.056
0964,2,2,1,1,2,2,2097152,0,0.708591,4266.108
0965,2,2,1,1,2,4,1048576,0,0.708759,4375.168
0966,2,2,1,1,4,1,4194304,0,0.684415,4445.126
0967,2,2,1,1,4,2,2097152,0,0.702284,4549.930
0968,2,2,1,1,4,4,1048576,0,0.697564,4713.786
0969,2,2,1,1,8,1,4194304,0,0.695170,5030.060
0970,2,2,1,1,8,2,2097152,0,0.702250,5150.292
0971,2,2,1,1,8,4,1048576,0,0.723995,5389.958
0972,2,2,1,2,1,1,4194304,0,0.706198,4140.024
0973,2,2,1,2,1,2,2097152,0,0.701140,4284.462
0974,2,2,1,2,1,4,1048576,0,0.703500,4389.798
0975,2,2,1,2,2,1,4194304,0,0.695608,4531.310
0976,2,2,1,2,2,2,2097152,0,0.703701,4601.800
0977,2,2,1,2,2,4,1048576,0,0.711119,4733.736
0978,2,2,1,2,4,1,4194304,0,0.688629,5113.052
0979,2,2,1,2,4,2,2097152,0,0.699250,5263.608
0980,2,2,1,2,4,4,1048576,0,0.707173,5388.096
0981,2,2,1,2,8,1,4194304,0,0.697193,6274.674
0982,2,2,1,2,8,2,2097152,0,0.711015,6383.734
0983,2,2,1,2,8,4,1048576,0,0.709498,6855.086
0984,2,2,1,4,1,1,4194304,0,0.697092,4529.714
0985,2,2,1,4,1,2,2097152,0,0.694732,4669.896
0986,2,2,1,4,1,4,1048576,0,0.699116,4755.548
0987,2,2,1,4,2,1,4194304,0,0.694765,5209.078
0988,2,2,1,4,2,2,2097152,0,0.697969,5285.154
0989,2,2,1,4,2,4,1048576,0,0.718199,5594.778
0990,2,2,1,4,4,1,4194304,0,0.695709,6301.806
0991,2,2,1,4,4,2,2097152,0,0.704981,6519.394
0992,2,2,1,4,4,4,1048576,0,0.716781,6613.558
0993,2,2,1,4,8,1,4194304,0,0.696013,8790.768
0995,2,2,1,4,8,4,1048576,0,0.711689,8655.108
0996,2,2,1,8,1,1,4194304,0,0.695237,5139.386
0997,2,2,1,8,1,2,2097152,0,0.699959,5521.894
0998,2,2,1,8,1,4,1048576,0,0.718339,5668.194
0999,2,2,1,8,2,1,4194304,0,0.692911,6273.876
1000,2,2,1,8,2,2,2097152,0,0.709264,6571.796
1001,2,2,1,8,2,4,1048576,0,0.718199,6827.688
1002,2,2,1,8,4,1,4194304,0,0.699923,9033.892
1004,2,2,1,8,4,4,1048576,0,0.717624,9401.504
1008,2,2,2,1,1,1,4194304,0,0.694854,4477.578
1009,2,2,2,1,1,2,2097152,0,0.712756,4473.322
1010,2,2,2,1,1,4,1048576,0,0.710079,4332.076
1011,2,2,2,1,2,1,4194304,0,0.693881,4946.004
1012,2,2,2,1,2,2,2097152,0,0.696223,5009.578
1013,2,2,2,1,2,4,1048576,0,0.718806,4632.922
1014,2,2,2,1,4,1,4194304,0,0.697828,5701.710
1015,2,2,2,1,4,2,2097152,0,0.697828,5826.730
1016,2,2,2,1,4,4,1048576,0,0.698831,4973.136
1017,2,2,2,1,8,1,4194304,0,0.707661,7554.932
1018,2,2,2,1,8,2,2097152,0,0.706658,8229.508
1019,2,2,2,1,8,4,1048576,0,0.706992,5655.426
1020,2,2,2,2,1,1,4194304,0,0.696359,5070.758
1021,2,2,2,2,1,2,2097152,0,0.696694,5166.784
1022,2,2,2,2,1,4,1048576,0,0.704892,4722.298
1023,2,2,2,2,2,1,4194304,0,0.695219,5896.688
1024,2,2,2,2,2,2,2097152,0,0.708434,6339.312
1025,2,2,2,2,2,4,1048576,0,0.714456,5054.000
1026,2,2,2,2,4,1,4194304,0,0.760217,8062.460
1027,2,2,2,2,4,2,2097152,0,0.710874,8304.254
1028,2,2,2,2,4,4,1048576,0,0.708365,5893.496
1029,2,2,2,2,8,1,4194304,0,0.719871,11778.214
1030,2,2,2,2,8,2,2097152,0,0.721710,12035.968
1031,2,2,2,2,8,4,1048576,0,0.708497,7682.878
1032,2,2,2,4,1,1,4194304,0,0.707736,6051.766
1033,2,2,2,4,1,2,2097152,0,0.716771,6678.728
1034,2,2,2,4,1,4,1048576,0,0.713257,5265.470
1035,2,2,2,4,2,1,4194304,0,0.698062,8052.086
1036,2,2,2,4,2,2,2097152,0,0.723489,8653.778
1037,2,2,2,4,2,4,1048576,0,0.708601,6045.914
1038,2,2,2,4,4,1,4194304,0,0.714720,12149.018
1039,2,2,2,4,4,2,2097152,0,0.724756,12063.632
1040,2,2,2,4,4,4,1048576,0,0.707863,7333.354
1044,2,2,2,8,1,1,4194304,0,0.726977,8704.584
1045,2,2,2,8,1,2,2097152,0,0.714094,8643.936
1046,2,2,2,8,1,4,1048576,0,0.702884,6629.784
1047,2,2,2,8,2,1,4194304,0,0.724994,12151.146
1048,2,2,2,8,2,2,2097152,0,0.709939,12402.250
1049,2,2,2,8,2,4,1048576,0,0.723322,7370.328
1056,2,2,4,1,1,1,4194304,0,0.699204,4343.514
1057,2,2,4,1,1,2,2097152,0,0.693560,4323.564
1058,2,2,4,1,1,4,1048576,0,0.708999,4418.260
1059,2,2,4,1,2,1,4194304,0,0.687614,4666.704
1060,2,2,4,1,2,2,2097152,0,0.693589,4668.300
1061,2,2,4,1,2,4,1048576,0,0.703548,4761.666
1062,2,2,4,1,4,1,4194304,0,0.697172,5237.806
1063,2,2,4,1,4,2,2097152,0,0.703146,5187.000
1064,2,2,4,1,4,4,1048576,0,0.701155,5488.910
1065,2,2,4,1,8,1,4194304,0,0.718544,6923.714
1066,2,2,4,1,8,2,2097152,0,0.707094,6959.624
1067,2,2,4,1,8,4,1048576,0,0.711741,6389.054
1068,2,2,4,2,1,1,4194304,0,0.690572,4557.910
1069,2,2,4,2,1,2,2097152,0,0.696880,4572.274
1070,2,2,4,2,1,4,1048576,0,0.691070,4672.822
1071,2,2,4,2,2,1,4194304,0,0.686286,5311.222
1072,2,2,4,2,2,2,2097152,0,0.686286,5205.620
1073,2,2,4,2,2,4,1048576,0,0.711016,5426.134
1074,2,2,4,2,4,1,4194304,0,0.690865,6336.386
1075,2,2,4,2,4,2,2097152,0,0.707129,6455.022
1076,2,2,4,2,4,4,1048576,0,0.707792,6751.080
1077,2,2,4,2,8,1,4194304,0,0.697635,8536.472
1080,2,2,4,4,1,1,4194304,0,0.698540,5045.222
1081,2,2,4,4,1,2,2097152,0,0.686089,4814.866
1082,2,2,4,4,1,4,1048576,0,0.693061,5042.562
1083,2,2,4,4,2,1,4194304,0,0.697572,6950.580
1084,2,2,4,4,2,2,2097152,0,0.712177,7002.716
1085,2,2,4,4,2,4,1048576,0,0.710683,7417.144
1086,2,2,4,4,4,1,4194304,0,0.712107,9556.316
1088,2,2,4,4,4,4,1048576,0,0.699494,9483.964
1092,2,2,4,8,1,1,4194304,0,0.684761,5437.306
1093,2,2,4,8,1,2,2097152,0,0.689409,5160.932
1094,2,2,4,8,1,4,1048576,0,0.711488,5423.208
1095,2,2,4,8,2,1,4194304,0,0.716492,8945.314
1096,2,2,4,8,2,2,2097152,0,0.714335,9677.612
1097,2,2,4,8,2,4,1048576,0,0.709688,8636.754
1104,2,2,8,1,1,1,4194304,0,0.687371,4300.954
1105,2,2,8,1,1,2,2097152,0,0.693281,4474.386
1106,2,2,8,1,1,4,1048576,0,0.702803,4605.524
1107,2,2,8,1,2,1,4194304,0,0.698231,4637.444
1108,2,2,8,1,2,2,2097152,0,0.697903,4856.362
1109,2,2,8,1,2,4,1048576,0,0.711526,4968.348
1110,2,2,8,1,4,1,4194304,0,0.706039,5838.434
1111,2,2,8,1,4,2,2097152,0,0.699967,5962.390
1112,2,2,8,1,4,4,1048576,0,0.701772,6389.586
1113,2,2,8,1,8,1,4194304,0,0.694516,7315.532
1114,2,2,8,1,8,2,2097152,0,0.700916,7958.986
1115,2,2,8,1,8,4,1048576,0,0.699275,7365.274
1116,2,2,8,2,1,1,4194304,0,0.697549,4655.798
1117,2,2,8,2,1,2,2097152,0,0.697385,4873.918
1118,2,2,8,2,1,4,1048576,0,0.710190,5033.784
1119,2,2,8,2,2,1,4194304,0,0.696261,5251.106
1120,2,2,8,2,2,2,2097152,0,0.689039,5677.770
1121,2,2,8,2,2,4,1048576,0,0.692322,5822.740
1122,2,2,8,2,4,1,4194304,0,0.700130,7382.032
1123,2,2,8,2,4,2,2097152,0,0.704726,8820.294
1124,2,2,8,2,4,4,1048576,0,0.705874,8202.908
1128,2,2,8,4,1,1,4194304,0,0.694758,6195.672
1129,2,2,8,4,1,2,2097152,0,0.694594,5952.548
1130,2,2,8,4,1,4,1048576,0,0.701325,6351.814
1131,2,2,8,4,2,1,4194304,0,0.702498,7287.336
1132,2,2,8,4,2,2,2097152,0,0.696096,7576.744
1133,2,2,8,4,2,4,1048576,0,0.706765,7803.642
1140,2,2,8,8,1,1,4194304,0,0.695086,7626.752
1141,2,2,8,8,1,2,2097152,0,0.702145,7604.674
1142,2,2,8,8,1,4,1048576,0,0.702638,8248.394
1152,2,4,1,1,1,1,4194304,0,0.552577,4085.494
1153,2,4,1,1,1,2,2097152,0,0.555408,4334.736
1154,2,4,1,1,1,4,1048576,0,0.557700,4246.690
1155,2,4,1,1,2,1,4194304,0,0.703786,4235.518
1156,2,4,1,1,2,2,2097152,0,0.705469,4350.430
1157,2,4,1,1,2,4,1048576,0,0.699914,4377.562
1158,2,4,1,1,4,1,4194304,0,0.692608,4453.904
1159,2,4,1,1,4,2,2097152,0,0.693955,4596.746
1160,2,4,1,1,4,4,1048576,0,0.703044,4693.570
1161,2,4,1,1,8,1,4194304,0,0.697624,4997.874
1162,2,4,1,1,8,2,2097152,0,0.719672,5214.398
1163,2,4,1,1,8,4,1048576,0,0.716642,5449.276
1164,2,4,1,2,1,1,4194304,0,0.687928,4188.436
1165,2,4,1,2,1,2,2097152,0,0.704932,4376.498
1166,2,4,1,2,1,4,1048576,0,0.704595,4426.506
1167,2,4,1,2,2,1,4194304,0,0.692844,4504.710
1168,2,4,1,2,2,2,2097152,0,0.699577,4630.794
1169,2,4,1,2,2,4,1048576,0,0.699913,4714.318
1170,2,4,1,2,4,1,4194304,0,0.687727,4948.664
1171,2,4,1,2,4,2,2097152,0,0.709439,5224.240
1172,2,4,1,2,4,4,1048576,0,0.696816,5483.856
1173,2,4,1,2,8,1,4194304,0,0.702672,6554.506
1174,2,4,1,2,8,2,2097152,0,0.716978,8459.598
1175,2,4,1,2,8,4,1048576,0,0.733136,6339.844
1176,2,4,1,4,1,1,4194304,0,0.693315,4483.696
1177,2,4,1,4,1,2,2097152,0,0.695504,4722.830
1178,2,4,1,4,1,4,1048576,0,0.717222,4799.970
1179,2,4,1,4,2,1,4194304,0,0.697220,5033.518
1180,2,4,1,4,2,2,2097152,0,0.697725,5168.912
1181,2,4,1,4,2,4,1048576,0,0.696883,5386.234
1182,2,4,1,4,4,1,4194304,0,0.708092,6567.806
1183,2,4,1,4,4,2,2097152,0,0.701360,6631.114
1184,2,4,1,4,4,4,1048576,0,0.711795,6773.158
1188,2,4,1,8,1,1,4194304,0,0.694830,5003.194
1189,2,4,1,8,1,2,2097152,0,0.697187,5248.446
1190,2,4,1,8,1,4,1048576,0,0.716549,5347.664
1191,2,4,1,8,2,1,4194304,0,0.703953,7094.220
1192,2,4,1,8,2,2,2097152,0,0.708161,8397.886
1193,2,4,1,8,2,4,1048576,0,0.716578,7129.066
1200,2,4,2,1,1,1,4194304,0,0.714145,4782.680
1201,2,4,2,1,1,2,2097152,0,0.712475,4825.506
1202,2,4,2,1,1,4,1048576,0,0.722331,4427.304
1203,2,4,2,1,2,1,4194304,0,0.693963,5745.068
1204,2,4,2,1,2,2,2097152,0,0.693295,5869.556
1205,2,4,2,1,2,4,1048576,0,0.702648,4885.356
1206,2,4,2,1,4,1,4194304,0,0.714102,7865.886
1207,2,4,2,1,4,2,2097152,0,0.708925,7862.694
1208,2,4,2,1,4,4,1048576,0,0.713267,5537.854
1209,2,4,2,1,8,1,4194304,0,0.709725,10911.320
1210,2,4,2,1,8,2,2097152,0,0.713399,11266.430
1211,2,4,2,1,8,4,1048576,0,0.706719,6484.814
1212,2,4,2,2,1,1,4194304,0,0.691426,5755.708
1213,2,4,2,2,1,2,2097152,0,0.691760,5911.052
1214,2,4,2,2,1,4,1048576,0,0.707463,4886.952
1215,2,4,2,2,2,1,4194304,0,0.713671,7739.802
1216,2,4,2,2,2,2,2097152,0,0.710998,7870.940
1217,2,4,2,2,2,4,1048576,0,0.706322,5622.442
1218,2,4,2,2,4,1,4194304,0,0.723287,10820.082
1219,2,4,2,2,4,2,2097152,0,0.713267,11055.492
1220,2,4,2,2,4,4,1048576,0,0.715104,6665.960
1221,2,4,2,2,8,1,4194304,0,0.756149,17891.957
1223,2,4,2,2,8,4,1048576,0,0.728094,9194.024
1224,2,4,2,4,1,1,4194304,0,0.718655,7767.998
1225,2,4,2,4,1,2,2097152,0,0.709133,7642.446
1226,2,4,2,4,1,4,1048576,0,0.707629,5732.566
1227,2,4,2,4,2,1,4194304,0,0.708159,11436.138
1228,2,4,2,4,2,2,2097152,0,0.710831,10827.796
1229,2,4,2,4,2,4,1048576,0,0.705987,6909.616
1230,2,4,2,4,4,1,4194304,0,0.708924,16980.908
1232,2,4,2,4,4,4,1048576,0,0.714268,7757.092
1236,2,4,2,8,1,1,4194304,0,0.706794,11334.526
1237,2,4,2,8,1,2,2097152,0,0.706961,11578.182
1238,2,4,2,8,1,4,1048576,0,0.716817,7124.810
1239,2,4,2,8,2,1,4194304,0,0.744736,17900.471
1241,2,4,2,8,2,4,1048576,0,0.708994,9850.246
1248,2,4,4,1,1,1,4194304,0,0.691471,4575.732
1249,2,4,4,1,1,2,2097152,0,0.701581,4581.584
1250,2,4,4,1,1,4,1048576,0,0.695448,4652.606
1251,2,4,4,1,2,1,4194304,0,0.711882,5071.822
1252,2,4,4,1,2,2,2097152,0,0.695642,5033.518
1253,2,4,4,1,2,4,1048576,0,0.699785,5202.694
1254,2,4,4,1,4,1,4194304,0,0.689774,5932.332
1255,2,4,4,1,4,2,2097152,0,0.713137,5929.406
1256,2,4,4,1,4,4,1048576,0,0.694579,6567.806
1257,2,4,4,1,8,1,4194304,0,0.697196,7628.348
1258,2,4,4,1,8,2,2097152,0,0.705149,8167.264
1259,2,4,4,1,8,4,1048576,0,0.705977,7404.642
1260,2,4,4,2,1,1,4194304,0,0.694951,5068.630
1261,2,4,4,2,1,2,2097152,0,0.692299,5089.910
1262,2,4,4,2,1,4,1048576,0,0.709536,5142.578
1263,2,4,4,2,2,1,4194304,0,0.673934,6554.506
1264,2,4,4,2,2,2,2097152,0,0.693985,6392.246
1265,2,4,4,2,2,4,1048576,0,0.709396,6484.548
1266,2,4,4,2,4,1,4194304,0,0.720758,7911.106
1267,2,4,4,2,4,2,2097152,0,0.722581,7668.248
1268,2,4,4,2,4,4,1048576,0,0.723906,8770.020
1272,2,4,4,4,1,1,4194304,0,0.703237,6116.670
1273,2,4,4,4,1,2,2097152,0,0.711524,6027.560
1274,2,4,4,4,1,4,1048576,0,0.710861,6101.242
1275,2,4,4,4,2,1,4194304,0,0.696967,8550.038
1276,2,4,4,4,2,2,2097152,0,0.749331,8075.760
1277,2,4,4,4,2,4,1048576,0,0.712544,8264.886
1284,2,4,4,8,1,1,4194304,0,0.708541,8323.938
1285,2,4,4,8,1,2,2097152,0,0.730916,8749.804
1286,2,4,4,8,1,4,1048576,0,0.736883,8763.104
1296,2,4,8,1,1,1,4194304,0,0.736457,4544.610
1297,2,4,8,1,1,2,2097152,0,0.697550,4691.974
1298,2,4,8,1,1,4,1048576,0,0.701490,4788.532
1299,2,4,8,1,2,1,4194304,0,0.703155,4960.368
1300,2,4,8,1,2,2,2097152,0,0.701021,5133.268
1301,2,4,8,1,2,4,1048576,0,0.699708,5194.714
1302,2,4,8,1,4,1,4194304,0,0.698325,5841.892
1303,2,4,8,1,4,2,2097152,0,0.697669,6304.200
1304,2,4,8,1,4,4,1048576,0,0.691432,6396.236
1305,2,4,8,1,8,1,4194304,0,0.689429,7626.486
1306,2,4,8,1,8,2,2097152,0,0.692875,8072.568
1308,2,4,8,2,1,1,4194304,0,0.688191,5183.808
1309,2,4,8,2,1,2,2097152,0,0.695907,5317.074
1310,2,4,8,2,1,4,1048576,0,0.739576,5401.396
1311,2,4,8,2,2,1,4194304,0,0.733848,6229.986
1312,2,4,8,2,2,2,2097152,0,0.709063,6929.300
1313,2,4,8,2,2,4,1048576,0,0.700364,7197.162
1314,2,4,8,2,4,1,4194304,0,0.718019,8025.486
1320,2,4,8,4,1,1,4194304,0,0.692624,6162.954
1321,2,4,8,4,1,2,2097152,0,0.695743,6437.200
1322,2,4,8,4,1,4,1048576,0,0.723159,6600.524
1323,2,4,8,4,2,1,4194304,0,0.715300,8664.418
1332,2,4,8,8,1,1,4194304,0,0.691803,8005.004
1333,2,4,8,8,1,2,2097152,0,0.695250,9157.848
1344,2,8,1,1,1,1,4194304,0,0.551229,4103.050
1345,2,8,1,1,1,2,2097152,0,0.561070,4371.178
1346,2,8,1,1,1,4,1048576,0,0.571450,4285.260
1347,2,8,1,1,2,1,4194304,0,0.693517,4195.618
1348,2,8,1,1,2,2,2097152,0,0.708330,4340.854
1349,2,8,1,1,2,4,1048576,0,0.706142,4423.580
1350,2,8,1,1,4,1,4194304,0,0.694965,4558.442
1351,2,8,1,1,4,2,2097152,0,0.700856,4707.402
1352,2,8,1,1,4,4,1048576,0,0.719538,4749.164
1353,2,8,1,1,8,1,4194304,0,0.697624,5173.700
1354,2,8,1,1,8,2,2097152,0,0.698297,5894.826
1355,2,8,1,1,8,4,1048576,0,0.707890,5425.336
1356,2,8,1,2,1,1,4194304,0,0.706953,4221.420
1357,2,8,1,2,1,2,2097152,0,0.699713,4349.898
1358,2,8,1,2,1,4,1048576,0,0.704595,4456.032
1359,2,8,1,2,2,1,4194304,0,0.698567,4628.666
1360,2,8,1,2,2,2,2097152,0,0.710013,4813.004
1361,2,8,1,2,2,4,1048576,0,0.714053,4849.712
1362,2,8,1,2,4,1,4194304,0,0.689073,5462.044
1363,2,8,1,2,4,2,2097152,0,0.705231,6057.352
1364,2,8,1,2,4,4,1048576,0,0.709944,5638.934
1368,2,8,1,4,1,1,4194304,0,0.693315,4757.942
1369,2,8,1,4,1,2,2097152,0,0.699881,4939.354
1370,2,8,1,4,1,4,1048576,0,0.697356,5044.956
1371,2,8,1,4,2,1,4194304,0,0.705131,5559.134
1372,2,8,1,4,2,2,2097152,0,0.705300,6199.662
1373,2,8,1,4,2,4,1048576,0,0.707488,6259.246
1380,2,8,1,8,1,1,4194304,0,0.693988,5524.820
1381,2,8,1,8,1,2,2097152,0,0.695335,5483.058
1382,2,8,1,8,1,4,1048576,0,0.715539,5730.704
1392,2,8,2,1,1,1,4194304,0,0.700447,5533.598
1393,2,8,2,1,1,2,2097152,0,0.703621,5610.472
1394,2,8,2,1,1,4,1048576,0,0.710971,4690.910
1395,2,8,2,1,2,1,4194304,0,0.709329,7506.254
1396,2,8,2,1,2,2,2097152,0,0.704485,7308.882
1397,2,8,2,1,2,4,1048576,0,0.705320,5224.772
1398,2,8,2,1,4,1,4194304,0,0.714102,10774.064
1399,2,8,2,1,4,2,2097152,0,0.728130,10975.692
1400,2,8,2,1,4,4,1048576,0,0.705752,6134.492
1401,2,8,2,1,8,1,4194304,0,0.721081,16886.744
1402,2,8,2,1,8,2,2097152,0,0.729097,17210.199
1403,2,8,2,1,8,4,1048576,0,0.724755,7881.846
1404,2,8,2,2,1,1,4194304,0,0.693764,7553.070
1405,2,8,2,2,1,2,2097152,0,0.712975,7367.136
1406,2,8,2,2,1,4,1048576,0,0.712808,5304.572
1407,2,8,2,2,2,1,4194304,0,0.712334,10498.488
1408,2,8,2,2,2,2,2097152,0,0.709662,10821.412
1409,2,8,2,2,2,4,1048576,0,0.712835,6488.804
1410,2,8,2,2,4,1,4194304,0,0.711597,17117.365
1411,2,8,2,2,4,2,2097152,0,0.703914,17170.301
1412,2,8,2,2,4,4,1048576,0,0.737315,8554.028
1416,2,8,2,4,1,1,4194304,0,0.699945,10659.950
1417,2,8,2,4,1,2,2097152,0,0.703119,10992.450
1418,2,8,2,4,1,4,1048576,0,0.726339,6425.496
1419,2,8,2,4,2,1,4194304,0,0.716510,16486.414
1420,2,8,2,4,2,2,2097152,0,0.731875,17160.725
1421,2,8,2,4,2,4,1048576,0,0.722355,8703.520
1428,2,8,2,8,1,1,4194304,0,0.749225,17516.100
1429,2,8,2,8,1,2,2097152,0,0.726506,17053.793
1430,2,8,2,8,1,4,1048576,0,0.709300,8723.204
1440,2,8,4,1,1,1,4194304,0,0.685670,4797.310
1441,2,8,4,1,1,2,2097152,0,0.689647,4695.166
1442,2,8,4,1,1,4,1048576,0,0.694785,4877.908
1443,2,8,4,1,2,1,4194304,0,0.697134,5223.176
1444,2,8,4,1,2,2,2097152,0,0.700614,5177.424
1445,2,8,4,1,2,4,1048576,0,0.692991,5416.292
1446,2,8,4,1,4,1,4194304,0,0.697396,6019.314
1447,2,8,4,1,4,2,2097152,0,0.705349,6461.672
1448,2,8,4,1,4,4,1048576,0,0.695905,6309.254
1449,2,8,4,1,8,1,4194304,0,0.715421,8053.416
1450,2,8,4,1,8,2,2097152,0,0.697527,7556.794
1452,2,8,4,2,1,1,4194304,0,0.681028,5429.060
1453,2,8,4,2,1,2,2097152,0,0.694122,5391.820
1454,2,8,4,2,1,4,1048576,0,0.690144,6190.884
1455,2,8,4,2,2,1,4194304,0,0.712875,6867.322
1456,2,8,4,2,2,2,2097152,0,0.691168,6396.502
1457,2,8,4,2,2,4,1048576,0,0.712378,6466.726
1458,2,8,4,2,4,1,4194304,0,0.710485,8821.358
1459,2,8,4,2,4,2,2097152,0,0.722912,9040.808
1464,2,8,4,4,1,1,4194304,0,0.709536,7125.342
1465,2,8,4,4,1,2,2097152,0,0.718486,6809.068
1466,2,8,4,4,1,4,1048576,0,0.703403,6880.622
1467,2,8,4,4,2,1,4194304,0,0.704093,9062.886
1468,2,8,4,4,2,2,2097152,0,0.753805,9280.740
1476,2,8,4,8,1,1,4194304,0,0.712022,8135.610
1477,2,8,4,8,1,2,2097152,0,0.713845,9192.694
1488,2,8,8,1,1,1,4194304,0,0.686386,4766.720
1489,2,8,8,1,1,2,2097152,0,0.687535,4943.344
1490,2,8,8,1,1,4,1048576,0,0.703131,5174.232
1491,2,8,8,1,2,1,4194304,0,0.702170,5411.504
1492,2,8,8,1,2,2,2097152,0,0.689860,5955.740
1494,2,8,8,1,4,1,4194304,0,0.694058,6939.940
1500,2,8,8,2,1,1,4194304,0,0.700340,5553.548
1501,2,8,8,2,1,2,2097152,0,0.693773,6022.240
1502,2,8,8,2,1,4,1048576,0,0.706742,6641.754
1503,2,8,8,2,2,1,4194304,0,0.698559,7524.076
1512,2,8,8,4,1,1,4194304,0,0.711831,7803.110
1513,2,8,8,4,1,2,2097152,0,0.701325,7694.848
1536,4,1,1,1,1,1,4194304,0,0.418103,3823.484
1537,4,1,1,1,1,2,2097152,0,0.419731,3863.384
1538,4,1,1,1,1,4,1048576,0,0.423192,3948.238
1539,4,1,1,1,2,1,4194304,0,0.708004,4161.038
1540,4,1,1,1,2,2,2097152,0,0.706484,4194.288
1541,4,1,1,1,2,4,1048576,0,0.708848,4307.870
1542,4,1,1,1,4,1,4194304,0,0.695779,4285.260
1543,4,1,1,1,4,2,2097152,0,0.697130,4362.400
1544,4,1,1,1,4,4,1048576,0,0.714013,4512.158
1545,4,1,1,1,8,1,4194304,0,0.695576,4531.310
1546,4,1,1,1,8,2,2097152,0,0.695239,4658.192
1547,4,1,1,1,8,4,1048576,0,0.709251,4793.586
1548,4,1,1,2,1,1,4194304,0,0.696488,4177.796
1549,4,1,1,2,1,2,2097152,0,0.701047,4227.538
1550,4,1,1,2,1,4,1048576,0,0.711012,4336.066
1551,4,1,1,2,2,1,4194304,0,0.697028,4296.166
1552,4,1,1,2,2,2,2097152,0,0.713744,4396.714
1553,4,1,1,2,2,4,1048576,0,0.698716,4481.568
1554,4,1,1,2,4,1,4194304,0,0.692233,4729.480
1555,4,1,1,2,4,2,2097152,0,0.697973,4644.094
1556,4,1,1,2,4,4,1048576,0,0.720766,4786.936
1557,4,1,1,2,8,1,4194304,0,0.692199,5499.550
1558,4,1,1,2,8,2,2097152,0,0.695576,5249.510
1559,4,1,1,2,8,4,1048576,0,0.702835,6304.466
1560,4,1,1,4,1,1,4194304,0,0.696487,4404.960
1561,4,1,1,4,1,2,2097152,0,0.705607,4493.538
1562,4,1,1,4,1,4,1048576,0,0.710336,4570.412
1563,4,1,1,4,2,1,4194304,0,0.697365,5001.332
1564,4,1,1,4,2,2,2097152,0,0.715264,4901.050
1565,4,1,1,4,2,4,1048576,0,0.699729,4991.490
1566,4,1,1,4,4,1,4194304,0,0.695103,4891.740
1567,4,1,1,4,4,2,2097152,0,0.697973,4963.294
1568,4,1,1,4,4,4,1048576,0,0.712493,5142.046
1569,4,1,1,4,8,1,4194304,0,0.715328,6557.166
1570,4,1,1,4,8,2,2097152,0,0.697095,7173.488
1571,4,1,1,4,8,4,1048576,0,0.697770,7258.342
1572,4,1,1,8,1,1,4194304,0,0.685003,4879.770
1573,4,1,1,8,1,2,2097152,0,0.696994,5031.390
1574,4,1,1,8,1,4,1048576,0,0.703918,5063.842
1575,4,1,1,8,2,1,4194304,0,0.699729,5647.446
1576,4,1,1,8,2,2,2097152,0,0.701586,5724.852
1577,4,1,1,8,2,4,1048576,0,0.716108,5999.364
1578,4,1,1,8,4,1,4194304,0,0.690713,5809.706
1579,4,1,1,8,4,2,2097152,0,0.706415,5981.808
1580,4,1,1,8,4,4,1048576,0,0.715363,5993.778
1584,4,1,2,1,1,1,4194304,0,0.556457,4306.274
1585,4,1,2,1,1,2,2097152,0,0.559137,4464.544
1586,4,1,2,1,1,4,1048576,0,0.557395,4353.356
1587,4,1,2,1,2,1,4194304,0,0.700497,4537.960
1588,4,1,2,1,2,2,2097152,0,0.703848,4583.180
1589,4,1,2,1,2,4,1048576,0,0.713398,4442.732
1590,4,1,2,1,4,1,4194304,0,0.705120,5147.100
1591,4,1,2,1,4,2,2097152,0,0.695571,5212.536
1592,4,1,2,1,4,4,1048576,0,0.711318,4741.450
1593,4,1,2,1,8,1,4194304,0,0.711116,6594.672
1594,4,1,2,1,8,2,2097152,0,0.707598,7066.290
1595,4,1,2,1,8,4,1048576,0,0.711786,5668.194
1596,4,1,2,2,1,1,4194304,0,0.700634,4584.510
1597,4,1,2,2,1,2,2097152,0,0.717224,4605.258
1598,4,1,2,2,1,4,1048576,0,0.706331,4431.028
1599,4,1,2,2,2,1,4194304,0,0.700497,5151.622
1600,4,1,2,2,2,2,2097152,0,0.702340,5219.718
1601,4,1,2,2,2,4,1048576,0,0.711052,4855.564
1602,4,1,2,2,4,1,4194304,0,0.702941,6523.650
1603,4,1,2,2,4,2,2097152,0,0.711150,6669.152
1604,4,1,2,2,4,4,1048576,0,0.703444,5455.394
1605,4,1,2,2,8,1,4194304,0,0.743111,9072.994
1606,4,1,2,2,8,2,2097152,0,0.760868,9613.772
1607,4,1,2,2,8,4,1048576,0,0.709440,6688.570
1608,4,1,2,4,1,1,4194304,0,0.696612,5078.738
1609,4,1,2,4,1,2,2097152,0,0.702477,5131.406
1610,4,1,2,4,1,4,1048576,0,0.727278,4754.750
1611,4,1,2,4,2,1,4194304,0,0.712895,6546.792
1612,4,1,2,4,2,2,2097152,0,0.721104,6933.556
1613,4,1,2,4,2,4,1048576,0,0.707701,5456.192
1614,4,1,2,4,4,1,4194304,0,0.719191,9049.320
1615,4,1,2,4,4,2,2097152,0,0.706124,9362.402
1616,4,1,2,4,4,4,1048576,0,0.714835,6671.014
1617,4,1,2,4,8,1,4194304,0,0.731385,13301.330
1619,4,1,2,4,8,4,1048576,0,0.720161,9027.508
1620,4,1,2,8,1,1,4194304,0,0.701471,5987.926
1621,4,1,2,8,1,2,2097152,0,0.720407,6042.190
1622,4,1,2,8,1,4,1048576,0,0.712364,5092.038
1623,4,1,2,8,2,1,4194304,0,0.715408,8530.088
1624,4,1,2,8,2,2,2097152,0,0.690444,9276.750
1625,4,1,2,8,2,4,1048576,0,0.709544,6708.786
1626,4,1,2,8,4,1,4194304,0,0.728572,13582.492
1627,4,1,2,8,4,2,2097152,0,0.728908,13929.356
1628,4,1,2,8,4,4,1048576,0,0.726227,10045.490
1632,4,1,4,1,1,1,4194304,0,0.548228,4431.560
1633,4,1,4,1,1,2,2097152,0,0.549953,4361.070
1634,4,1,4,1,1,4,1048576,0,0.568002,4437.146
1635,4,1,4,1,2,1,4194304,0,0.698674,4564.560
1636,4,1,4,1,2,2,2097152,0,0.693023,4533.970
1637,4,1,4,1,2,4,1048576,0,0.703994,4652.606
1638,4,1,4,1,4,1,4194304,0,0.704423,4818.058
1639,4,1,4,1,4,2,2097152,0,0.705254,4791.724
1640,4,1,4,1,4,4,1048576,0,0.702096,4927.650
1641,4,1,4,1,8,1,4194304,0,0.698405,5266.534
1642,4,1,4,1,8,2,2097152,0,0.718516,5238.604
1643,4,1,4,1,8,4,1048576,0,0.693751,5433.316
1644,4,1,4,2,1,1,4194304,0,0.685843,4574.934
1645,4,1,4,2,1,2,2097152,0,0.697482,4590.894
1646,4,1,4,2,1,4,1048576,0,0.700973,4724.692
1647,4,1,4,2,2,1,4194304,0,0.687536,4910.626
1648,4,1,4,2,2,2,2097152,0,0.686373,4804.492
1649,4,1,4,2,2,4,1048576,0,0.693521,4978.988
1650,4,1,4,2,4,1,4194304,0,0.695779,5515.510
1651,4,1,4,2,4,2,2097152,0,0.704589,5629.358
1652,4,1,4,2,4,4,1048576,0,0.712900,5923.022
1653,4,1,4,2,8,1,4194304,0,0.692587,7203.280
1654,4,1,4,2,8,2,2097152,0,0.697740,6877.696
1655,4,1,4,2,8,4,1048576,0,0.702061,6945.526
1656,4,1,4,4,1,1,4194304,0,0.691828,5134.598
1657,4,1,4,4,1,2,2097152,0,0.692660,5245.254
1658,4,1,4,4,1,4,1048576,0,0.694821,5209.078
1659,4,1,4,4,2,1,4194304,0,0.703661,6282.654
1660,4,1,4,4,2,2,2097152,0,0.702165,5528.810
1661,4,1,4,4,2,4,1048576,0,0.701167,5985.532
1662,4,1,4,4,4,1,4194304,0,0.721210,7524.874
1663,4,1,4,4,4,2,2097152,0,0.711403,7713.468
1664,4,1,4,4,4,4,1048576,0,0.705253,8319.416
1668,4,1,4,8,1,1,4194304,0,0.699809,6200.992
1669,4,1,4,8,1,2,2097152,0,0.704298,6146.462
1670,4,1,4,8,1,4,1048576,0,0.708122,6493.326
1671,4,1,4,8,2,1,4194304,0,0.723442,8492.582
1672,4,1,4,8,2,2,2097152,0,0.708814,7925.470
1673,4,1,4,8,2,4,1048576,0,0.729260,7778.372
1680,4,1,8,1,1,1,4194304,0,0.544528,4362.666
1681,4,1,8,1,1,2,2097152,0,0.546879,4396.182
1682,4,1,8,1,1,4,1048576,0,0.553279,4372.774
1683,4,1,8,1,2,1,4194304,0,0.697903,4590.096
1684,4,1,8,1,2,2,2097152,0,0.696754,4590.894
1685,4,1,8,1,2,4,1048576,0,0.699216,4716.712
1686,4,1,8,1,4,1,4194304,0,0.698161,4947.068
1687,4,1,8,1,4,2,2097152,0,0.694222,5069.694
1688,4,1,8,1,4,4,1048576,0,0.705711,5206.950
1689,4,1,8,1,8,1,4194304,0,0.696649,6328.672
1690,4,1,8,1,8,2,2097152,0,0.697142,6141.142
1691,4,1,8,1,8,4,1048576,0,0.704855,6585.362
1692,4,1,8,2,1,1,4194304,0,0.699519,4627.602
1693,4,1,8,2,1,2,2097152,0,0.697385,4675.482
1694,4,1,8,2,1,4,1048576,0,0.708877,4790.394
1695,4,1,8,2,2,1,4194304,0,0.701021,4949.994
1696,4,1,8,2,2,2,2097152,0,0.707914,5066.768
1697,4,1,8,2,2,4,1048576,0,0.702170,5547.430
1698,4,1,8,2,4,1,4194304,0,0.701607,6367.508
1699,4,1,8,2,4,2,2097152,0,0.691104,6070.918
1700,4,1,8,2,4,4,1048576,0,0.720645,6967.338
1704,4,1,8,4,1,1,4194304,0,0.698205,5231.688
1705,4,1,8,4,1,2,2097152,0,0.702638,5535.194
1706,4,1,8,4,1,4,1048576,0,0.703787,5482.526
1707,4,1,8,4,2,1,4194304,0,0.690188,6391.448
1708,4,1,8,4,2,2,2097152,0,0.693634,6567.274
1709,4,1,8,4,2,4,1048576,0,0.713495,7029.316
1716,4,1,8,8,1,1,4194304,0,0.725950,6258.714
1717,4,1,8,8,1,2,2097152,0,0.702966,7205.408
1718,4,1,8,8,1,4,1048576,0,0.702966,7118.160
1728,4,2,1,1,1,1,4194304,0,0.554192,4270.364
1729,4,2,1,1,1,2,2097152,0,0.562161,4328.884
1730,4,2,1,1,1,4,1048576,0,0.557434,4212.110
1731,4,2,1,1,2,1,4194304,0,0.705050,4207.056
1732,4,2,1,1,2,2,2097152,0,0.708591,4266.108
1733,4,2,1,1,2,4,1048576,0,0.708759,4375.168
1734,4,2,1,1,4,1,4194304,0,0.684415,4445.126
1735,4,2,1,1,4,2,2097152,0,0.702284,4549.930
1736,4,2,1,1,4,4,1048576,0,0.697564,4713.786
1737,4,2,1,1,8,1,4194304,0,0.695170,5030.060
1738,4,2,1,1,8,2,2097152,0,0.702250,5150.292
1739,4,2,1,1,8,4,1048576,0,0.723995,5389.958
1740,4,2,1,2,1,1,4194304,0,0.706198,4140.024
1741,4,2,1,2,1,2,2097152,0,0.701140,4284.462
1742,4,2,1,2,1,4,1048576,0,0.703500,4389.798
1743,4,2,1,2,2,1,4194304,0,0.695608,4531.310
1744,4,2,1,2,2,2,2097152,0,0.703701,4601.800
1745,4,2,1,2,2,4,1048576,0,0.711119,4733.736
1746,4,2,1,2,4,1,4194304,0,0.688629,5113.052
1747,4,2,1,2,4,2,2097152,0,0.699250,5263.608
1748,4,2,1,2,4,4,1048576,0,0.707173,5388.096
1749,4,2,1,2,8,1,4194304,0,0.697193,6274.674
1750,4,2,1,2,8,2,2097152,0,0.711015,6383.734
1751,4,2,1,2,8,4,1048576,0,0.709498,6855.086
1752,4,2,1,4,1,1,4194304,0,0.697092,4529.714
1753,4,2,1,4,1,2,2097152,0,0.694732,4669.896
1754,4,2,1,4,1,4,1048576,0,0.699116,4755.548
1755,4,2,1,4,2,1,4194304,0,0.694765,5209.078
1756,4,2,1,4,2,2,2097152,0,0.697969,5285.154
1757,4,2,1,4,2,4,1048576,0,0.718199,5594.778
1758,4,2,1,4,4,1,4194304,0,0.695709,6301.806
1759,4,2,1,4,4,2,2097152,0,0.704981,6519.394
1760,4,2,1,4,4,4,1048576,0,0.716781,6613.558
1761,4,2,1,4,8,1,4194304,0,0.696013,8790.768
1763,4,2,1,4,8,4,1048576,0,0.711689,8655.108
1764,4,2,1,8,1,1,4194304,0,0.695237,5139.386
1765,4,2,1,8,1,2,2097152,0,0.699959,5521.894
1766,4,2,1,8,1,4,1048576,0,0.718339,5668.194
1767,4,2,1,8,2,1,4194304,0,0.692911,6273.876
1768,4,2,1,8,2,2,2097152,0,0.709264,6571.796
1769,4,2,1,8,2,4,1048576,0,0.718199,6827.688
1770,4,2,1,8,4,1,4194304,0,0.699923,9033.892
1771,4,2,1,8,4,2,2097152,0,0.710038,9266.110
1772,4,2,1,8,4,4,1048576,0,0.717624,9401.504
1776,4,2,2,1,1,1,4194304,0,0.694854,4477.578
1777,4,2,2,1,1,2,2097152,0,0.712756,4473.322
1778,4,2,2,1,1,4,1048576,0,0.710079,4332.076
1779,4,2,2,1,2,1,4194304,0,0.693881,4946.004
1780,4,2,2,1,2,2,2097152,0,0.696223,5009.578
1781,4,2,2,1,2,4,1048576,0,0.718806,4632.922
1782,4,2,2,1,4,1,4194304,0,0.697828,5701.710
1783,4,2,2,1,4,2,2097152,0,0.697828,5826.730
1784,4,2,2,1,4,4,1048576,0,0.698831,4973.136
1785,4,2,2,1,8,1,4194304,0,0.707661,7554.932
1786,4,2,2,1,8,2,2097152,0,0.706658,8229.508
1787,4,2,2,1,8,4,1048576,0,0.706992,5655.426
1788,4,2,2,2,1,1,4194304,0,0.696359,5070.758
1789,4,2,2,2,1,2,2097152,0,0.696694,5166.784
1790,4,2,2,2,1,4,1048576,0,0.704892,4722.298
1791,4,2,2,2,2,1,4194304,0,0.695219,5896.688
1792,4,2,2,2,2,2,2097152,0,0.708434,6339.312
1793,4,2,2,2,2,4,1048576,0,0.714456,5054.000
1794,4,2,2,2,4,1,4194304,0,0.760217,8062.460
1795,4,2,2,2,4,2,2097152,0,0.710874,8304.254
1796,4,2,2,2,4,4,1048576,0,0.708365,5893.496
1797,4,2,2,2,8,1,4194304,0,0.719871,11778.214
1798,4,2,2,2,8,2,2097152,0,0.721710,12035.968
1799,4,2,2,2,8,4,1048576,0,0.708497,7682.878
1800,4,2,2,4,1,1,4194304,0,0.707736,6051.766
1801,4,2,2,4,1,2,2097152,0,0.716771,6678.728
1802,4,2,2,4,1,4,1048576,0,0.713257,5265.470
1803,4,2,2,4,2,1,4194304,0,0.698062,8052.086
1804,4,2,2,4,2,2,2097152,0,0.723489,8653.778
1805,4,2,2,4,2,4,1048576,0,0.708601,6045.914
1806,4,2,2,4,4,1,4194304,0,0.714720,12149.018
1807,4,2,2,4,4,2,2097152,0,0.724756,12063.632
1808,4,2,2,4,4,4,1048576,0,0.707863,7333.354
1812,4,2,2,8,1,1,4194304,0,0.726977,8704.584
1813,4,2,2,8,1,2,2097152,0,0.714094,8643.936
1814,4,2,2,8,1,4,1048576,0,0.702884,6629.784
1815,4,2,2,8,2,1,4194304,0,0.724994,12151.146
1816,4,2,2,8,2,2,2097152,0,0.709939,12402.250
1817,4,2,2,8,2,4,1048576,0,0.723322,7370.328
1824,4,2,4,1,1,1,4194304,0,0.699204,4343.514
1825,4,2,4,1,1,2,2097152,0,0.693560,4323.564
1826,4,2,4,1,1,4,1048576,0,0.708999,4418.260
1827,4,2,4,1,2,1,4194304,0,0.687614,4666.704
1828,4,2,4,1,2,2,2097152,0,0.693589,4668.300
1829,4,2,4,1,2,4,1048576,0,0.703548,4761.666
1830,4,2,4,1,4,1,4194304,0,0.697172,5237.806
1831,4,2,4,1,4,2,2097152,0,0.703146,5187.000
1832,4,2,4,1,4,4,1048576,0,0.701155,5488.910
1833,4,2,4,1,8,1,4194304,0,0.718544,6923.714
1834,4,2,4,1,8,2,2097152,0,0.707094,6959.624
1835,4,2,4,1,8,4,1048576,0,0.711741,6389.054
1836,4,2,4,2,1,1,4194304,0,0.690572,4557.910
1837,4,2,4,2,1,2,2097152,0,0.696880,4572.274
1838,4,2,4,2,1,4,1048576,0,0.691070,4672.822
1839,4,2,4,2,2,1,4194304,0,0.686286,5311.222
1840,4,2,4,2,2,2,2097152,0,0.686286,5205.620
1841,4,2,4,2,2,4,1048576,0,0.711016,5426.134
1842,4,2,4,2,4,1,4194304,0,0.690865,6336.386
1843,4,2,4,2,4,2,2097152,0,0.707129,6455.022
1844,4,2,4,2,4,4,1048576,0,0.707792,6751.080
1845,4,2,4,2,8,1,4194304,0,0.697635,8536.472
1846,4,2,4,2,8,2,2097152,0,0.718876,8152.102
1847,4,2,4,2,8,4,1048576,0,0.702281,8870.036
1848,4,2,4,4,1,1,4194304,0,0.698540,5045.222
1849,4,2,4,4,1,2,2097152,0,0.686089,4814.866
1850,4,2,4,4,1,4,1048576,0,0.693061,5042.562
1851,4,2,4,4,2,1,4194304,0,0.697572,6950.580
1852,4,2,4,4,2,2,2097152,0,0.712177,7002.716
1853,4,2,4,4,2,4,1048576,0,0.710683,7417.144
1854,4,2,4,4,4,1,4194304,0,0.712107,9556.316
1860,4,2,4,8,1,1,4194304,0,0.684761,5437.306
1861,4,2,4,8,1,2,2097152,0,0.689409,5160.932
1862,4,2,4,8,1,4,1048576,0,0.711488,5423.208
1863,4,2,4,8,2,1,4194304,0,0.716492,8945.314
1865,4,2,4,8,2,4,1048576,0,0.709688,8636.754
1872,4,2,8,1,1,1,4194304,0,0.687371,4300.954
1873,4,2,8,1,1,2,2097152,0,0.693281,4474.386
1874,4,2,8,1,1,4,1048576,0,0.702803,4605.524
1875,4,2,8,1,2,1,4194304,0,0.698231,4637.444
1876,4,2,8,1,2,2,2097152,0,0.697903,4856.362
1877,4,2,8,1,2,4,1048576,0,0.711526,4968.348
1878,4,2,8,1,4,1,4194304,0,0.706039,5838.434
1879,4,2,8,1,4,2,2097152,0,0.699967,5962.390
1880,4,2,8,1,4,4,1048576,0,0.701772,6389.586
1881,4,2,8,1,8,1,4194304,0,0.694516,7315.532
1882,4,2,8,1,8,2,2097152,0,0.700916,7958.986
1883,4,2,8,1,8,4,1048576,0,0.699275,7365.274
1884,4,2,8,2,1,1,4194304,0,0.697549,4655.798
1885,4,2,8,2,1,2,2097152,0,0.697385,4873.918
1886,4,2,8,2,1,4,1048576,0,0.710190,5033.784
1887,4,2,8,2,2,1,4194304,0,0.696261,5251.106
1888,4,2,8,2,2,2,2097152,0,0.689039,5677.770
1889,4,2,8,2,2,4,1048576,0,0.692322,5822.740
1890,4,2,8,2,4,1,4194304,0,0.700130,7382.032
1891,4,2,8,2,4,2,2097152,0,0.704726,8820.294
1892,4,2,8,2,4,4,1048576,0,0.705874,8202.908
1896,4,2,8,4,1,1,4194304,0,0.694758,6195.672
1897,4,2,8,4,1,2,2097152,0,0.694594,5952.548
1898,4,2,8,4,1,4,1048576,0,0.701325,6351.814
1899,4,2,8,4,2,1,4194304,0,0.702498,7287.336
1900,4,2,8,4,2,2,2097152,0,0.696096,7576.744
1901,4,2,8,4,2,4,1048576,0,0.706765,7803.642
1908,4,2,8,8,1,1,4194304,0,0.695086,7626.752
1909,4,2,8,8,1,2,2097152,0,0.702145,7604.674
1910,4,2,8,8,1,4,1048576,0,0.702638,8248.394
1920,4,4,1,1,1,1,4194304,0,0.552577,4085.494
1921,4,4,1,1,1,2,2097152,0,0.555408,4334.736
1922,4,4,1,1,1,4,1048576,0,0.557700,4246.690
1923,4,4,1,1,2,1,4194304,0,0.703786,4235.518
1924,4,4,1,1,2,2,2097152,0,0.705469,4350.430
1925,4,4,1,1,2,4,1048576,0,0.699914,4377.562
1926,4,4,1,1,4,1,4194304,0,0.692608,4453.904
1927,4,4,1,1,4,2,2097152,0,0.693955,4596.746
1928,4,4,1,1,4,4,1048576,0,0.703044,4693.570
1929,4,4,1,1,8,1,4194304,0,0.697624,4997.874
1930,4,4,1,1,8,2,2097152,0,0.719672,5214.398
1931,4,4,1,1,8,4,1048576,0,0.716642,5449.276
1932,4,4,1,2,1,1,4194304,0,0.687928,4188.436
1933,4,4,1,2,1,2,2097152,0,0.704932,4376.498
1934,4,4,1,2,1,4,1048576,0,0.704595,4426.506
1935,4,4,1,2,2,1,4194304,0,0.692844,4504.710
1936,4,4,1,2,2,2,2097152,0,0.699577,4630.794
1937,4,4,1,2,2,4,1048576,0,0.699913,4714.318
1938,4,4,1,2,4,1,4194304,0,0.687727,4948.664
1939,4,4,1,2,4,2,2097152,0,0.709439,5224.240
1940,4,4,1,2,4,4,1048576,0,0.696816,5483.856
1941,4,4,1,2,8,1,4194304,0,0.702672,6554.506
1942,4,4,1,2,8,2,2097152,0,0.716978,8459.598
1943,4,4,1,2,8,4,1048576,0,0.733136,6339.844
1944,4,4,1,4,1,1,4194304,0,0.693315,4483.696
1945,4,4,1,4,1,2,2097152,0,0.695504,4722.830
1946,4,4,1,4,1,4,1048576,0,0.717222,4799.970
1947,4,4,1,4,2,1,4194304,0,0.697220,5033.518
1948,4,4,1,4,2,2,2097152,0,0.697725,5168.912
1949,4,4,1,4,2,4,1048576,0,0.696883,5386.234
1950,4,4,1,4,4,1,4194304,0,0.708092,6567.806
1951,4,4,1,4,4,2,2097152,0,0.701360,6631.114
1952,4,4,1,4,4,4,1048576,0,0.711795,6773.158
1956,4,4,1,8,1,1,4194304,0,0.694830,5003.194
1957,4,4,1,8,1,2,2097152,0,0.697187,5248.446
1958,4,4,1,8,1,4,1048576,0,0.716549,5347.664
1959,4,4,1,8,2,1,4194304,0,0.703953,7094.220
1960,4,4,1,8,2,2,2097152,0,0.708161,8397.886
1961,4,4,1,8,2,4,1048576,0,0.716578,7129.066
1968,4,4,2,1,1,1,4194304,0,0.714145,4782.680
1969,4,4,2,1,1,2,2097152,0,0.712475,4825.506
1970,4,4,2,1,1,4,1048576,0,0.722331,4427.304
1971,4,4,2,1,2,1,4194304,0,0.693963,5745.068
1972,4,4,2,1,2,2,2097152,0,0.693295,5869.556
1973,4,4,2,1,2,4,1048576,0,0.702648,4885.356
1974,4,4,2,1,4,1,4194304,0,0.714102,7865.886
1975,4,4,2,1,4,2,2097152,0,0.708925,7862.694
1976,4,4,2,1,4,4,1048576,0,0.713267,5537.854
1977,4,4,2,1,8,1,4194304,0,0.709725,10911.320
1978,4,4,2,1,8,2,2097152,0,0.713399,11266.430
1979,4,4,2,1,8,4,1048576,0,0.706719,6484.814
1980,4,4,2,2,1,1,4194304,0,0.691426,5755.708
1981,4,4,2,2,1,2,2097152,0,0.691760,5911.052
1982,4,4,2,2,1,4,1048576,0,0.707463,4886.952
1983,4,4,2,2,2,1,4194304,0,0.713671,7739.802
1984,4,4,2,2,2,2,2097152,0,0.710998,7870.940
1985,4,4,2,2,2,4,1048576,0,0.706322,5622.442
1986,4,4,2,2,4,1,4194304,0,0.723287,10820.082
1987,4,4,2,2,4,2,2097152,0,0.713267,11055.492
1988,4,4,2,2,4,4,1048576,0,0.715104,6665.960
1989,4,4,2,2,8,1,4194304,0,0.756149,17891.957
1990,4,4,2,2,8,2,2097152,0,0.719243,18943.988
1991,4,4,2,2,8,4,1048576,0,0.728094,9194.024
1992,4,4,2,4,1,1,4194304,0,0.718655,7767.998
1993,4,4,2,4,1,2,2097152,0,0.709133,7642.446
1994,4,4,2,4,1,4,1048576,0,0.707629,5732.566
1995,4,4,2,4,2,1,4194304,0,0.708159,11436.138
1996,4,4,2,4,2,2,2097152,0,0.710831,10827.796
1997,4,4,2,4,2,4,1048576,0,0.705987,6909.616
1998,4,4,2,4,4,1,4194304,0,0.708924,16980.908
2000,4,4,2,4,4,4,1048576,0,0.714268,7757.092
2004,4,4,2,8,1,1,4194304,0,0.706794,11334.526
2005,4,4,2,8,1,2,2097152,0,0.706961,11578.182
2006,4,4,2,8,1,4,1048576,0,0.716817,7124.810
2007,4,4,2,8,2,1,4194304,0,0.744736,17900.471
2008,4,4,2,8,2,2,2097152,0,0.728869,20633.619
2009,4,4,2,8,2,4,1048576,0,0.708994,9850.246
2016,4,4,4,1,1,1,4194304,0,0.691471,4575.732
2017,4,4,4,1,1,2,2097152,0,0.701581,4581.584
2018,4,4,4,1,1,4,1048576,0,0.695448,4652.606
2019,4,4,4,1,2,1,4194304,0,0.711882,5071.822
2020,4,4,4,1,2,2,2097152,0,0.695642,5033.518
2021,4,4,4,1,2,4,1048576,0,0.699785,5202.694
2022,4,4,4,1,4,1,4194304,0,0.689774,5932.332
2023,4,4,4,1,4,2,2097152,0,0.713137,5929.406
2024,4,4,4,1,4,4,1048576,0,0.694579,6567.806
2025,4,4,4,1,8,1,4194304,0,0.697196,7628.348
2026,4,4,4,1,8,2,2097152,0,0.705149,8167.264
2027,4,4,4,1,8,4,1048576,0,0.705977,7404.642
2028,4,4,4,2,1,1,4194304,0,0.694951,5068.630
2029,4,4,4,2,1,2,2097152,0,0.692299,5089.910
2030,4,4,4,2,1,4,1048576,0,0.709536,5142.578
2031,4,4,4,2,2,1,4194304,0,0.673934,6554.506
2032,4,4,4,2,2,2,2097152,0,0.693985,6392.246
2033,4,4,4,2,2,4,1048576,0,0.709396,6484.548
2034,4,4,4,2,4,1,4194304,0,0.720758,7911.106
2035,4,4,4,2,4,2,2097152,0,0.722581,7668.248
2036,4,4,4,2,4,4,1048576,0,0.723906,8770.020
2040,4,4,4,4,1,1,4194304,0,0.703237,6116.670
2041,4,4,4,4,1,2,2097152,0,0.711524,6027.560
2042,4,4,4,4,1,4,1048576,0,0.710861,6101.242
2043,4,4,4,4,2,1,4194304,0,0.696967,8550.038
2044,4,4,4,4,2,2,2097152,0,0.749331,8075.760
2045,4,4,4,4,2,4,1048576,0,0.712544,8264.886
2052,4,4,4,8,1,1,4194304,0,0.708541,8323.938
2053,4,4,4,8,1,2,2097152,0,0.730916,8749.804
2054,4,4,4,8,1,4,1048576,0,0.736883,8763.104
2064,4,4,8,1,1,1,4194304,0,0.736457,4544.610
2065,4,4,8,1,1,2,2097152,0,0.697550,4691.974
2066,4,4,8,1,1,4,1048576,0,0.701490,4788.532
2067,4,4,8,1,2,1,4194304,0,0.703155,4960.368
2068,4,4,8,1,2,2,2097152,0,0.701021,5133.268
2069,4,4,8,1,2,4,1048576,0,0.699708,5194.714
2070,4,4,8,1,4,1,4194304,0,0.698325,5841.892
2071,4,4,8,1,4,2,2097152,0,0.697669,6304.200
2072,4,4,8,1,4,4,1048576,0,0.691432,6396.236
2073,4,4,8,1,8,1,4194304,0,0.689429,7626.486
2074,4,4,8,1,8,2,2097152,0,0.692875,8072.568
2076,4,4,8,2,1,1,4194304,0,0.688191,5183.808
2077,4,4,8,2,1,2,2097152,0,0.695907,5317.074
2078,4,4,8,2,1,4,1048576,0,0.739576,5401.396
2079,4,4,8,2,2,1,4194304,0,0.733848,6229.986
2080,4,4,8,2,2,2,2097152,0,0.709063,6929.300
2081,4,4,8,2,2,4,1048576,0,0.700364,7197.162
2082,4,4,8,2,4,1,4194304,0,0.718019,8025.486
2088,4,4,8,4,1,1,4194304,0,0.692624,6162.954
2089,4,4,8,4,1,2,2097152,0,0.695743,6437.200
2090,4,4,8,4,1,4,1048576,0,0.723159,6600.524
2091,4,4,8,4,2,1,4194304,0,0.715300,8664.418
2092,4,4,8,4,2,2,2097152,0,0.699051,10039.372
2100,4,4,8,8,1,1,4194304,0,0.691803,8005.004
2102,4,4,8,8,1,4,1048576,0,0.708055,9639.840
2112,4,8,1,1,1,1,4194304,0,0.551229,4103.050
2113,4,8,1,1,1,2,2097152,0,0.561070,4371.178
2114,4,8,1,1,1,4,1048576,0,0.571450,4285.260
2115,4,8,1,1,2,1,4194304,0,0.693517,4195.618
2116,4,8,1,1,2,2,2097152,0,0.708330,4340.854
2117,4,8,1,1,2,4,1048576,0,0.706142,4423.580
2118,4,8,1,1,4,1,4194304,0,0.694965,4558.442
2119,4,8,1,1,4,2,2097152,0,0.700856,4707.402
2120,4,8,1,1,4,4,1048576,0,0.719538,4749.164
2121,4,8,1,1,8,1,4194304,0,0.697624,5173.700
2122,4,8,1,1,8,2,2097152,0,0.698297,5894.826
2123,4,8,1,1,8,4,1048576,0,0.707890,5425.336
2124,4,8,1,2,1,1,4194304,0,0.706953,4221.420
2125,4,8,1,2,1,2,2097152,0,0.699713,4349.898
2126,4,8,1,2,1,4,1048576,0,0.704595,4456.032
2127,4,8,1,2,2,1,4194304,0,0.698567,4628.666
2128,4,8,1,2,2,2,2097152,0,0.710013,4813.004
2129,4,8,1,2,2,4,1048576,0,0.714053,4849.712
2130,4,8,1,2,4,1,4194304,0,0.689073,5462.044
2131,4,8,1,2,4,2,2097152,0,0.705231,6057.352
2132,4,8,1,2,4,4,1048576,0,0.709944,5638.934
2136,4,8,1,4,1,1,4194304,0,0.693315,4757.942
2137,4,8,1,4,1,2,2097152,0,0.699881,4939.354
2138,4,8,1,4,1,4,1048576,0,0.697356,5044.956
2139,4,8,1,4,2,1,4194304,0,0.705131,5559.134
2140,4,8,1,4,2,2,2097152,0,0.705300,6199.662
2141,4,8,1,4,2,4,1048576,0,0.707488,6259.246
2148,4,8,1,8,1,1,4194304,0,0.693988,5524.820
2149,4,8,1,8,1,2,2097152,0,0.695335,5483.058
2150,4,8,1,8,1,4,1048576,0,0.715539,5730.704
2160,4,8,2,1,1,1,4194304,0,0.700447,5533.598
2161,4,8,2,1,1,2,2097152,0,0.703621,5610.472
2162,4,8,2,1,1,4,1048576,0,0.710971,4690.910
2163,4,8,2,1,2,1,4194304,0,0.709329,7506.254
2164,4,8,2,1,2,2,2097152,0,0.704485,7308.882
2165,4,8,2,1,2,4,1048576,0,0.705320,5224.772
2166,4,8,2,1,4,1,4194304,0,0.714102,10774.064
2167,4,8,2,1,4,2,2097152,0,0.728130,10975.692
2168,4,8,2,1,4,4,1048576,0,0.705752,6134.492
2169,4,8,2,1,8,1,4194304,0,0.721081,16886.744
2170,4,8,2,1,8,2,2097152,0,0.729097,17210.199
2171,4,8,2,1,8,4,1048576,0,0.724755,7881.846
2172,4,8,2,2,1,1,4194304,0,0.693764,7553.070
2173,4,8,2,2,1,2,2097152,0,0.712975,7367.136
2174,4,8,2,2,1,4,1048576,0,0.712808,5304.572
2175,4,8,2,2,2,1,4194304,0,0.712334,10498.488
2176,4,8,2,2,2,2,2097152,0,0.709662,10821.412
2177,4,8,2,2,2,4,1048576,0,0.712835,6488.804
2178,4,8,2,2,4,1,4194304,0,0.711597,17117.365
2179,4,8,2,2,4,2,2097152,0,0.703914,17170.301
2180,4,8,2,2,4,4,1048576,0,0.737315,8554.028
2184,4,8,2,4,1,1,4194304,0,0.699945,10659.950
2185,4,8,2,4,1,2,2097152,0,0.703119,10992.450
2186,4,8,2,4,1,4,1048576,0,0.726339,6425.496
2187,4,8,2,4,2,1,4194304,0,0.716510,16486.414
2188,4,8,2,4,2,2,2097152,0,0.731875,17160.725
2189,4,8,2,4,2,4,1048576,0,0.722355,8703.520
2196,4,8,2,8,1,1,4194304,0,0.749225,17516.100
2197,4,8,2,8,1,2,2097152,0,0.726506,17053.793
2198,4,8,2,8,1,4,1048576,0,0.709300,8723.204
2208,4,8,4,1,1,1,4194304,0,0.685670,4797.310
2209,4,8,4,1,1,2,2097152,0,0.689647,4695.166
2210,4,8,4,1,1,4,1048576,0,0.694785,4877.908
2211,4,8,4,1,2,1,4194304,0,0.697134,5223.176
2212,4,8,4,1,2,2,2097152,0,0.700614,5177.424
2213,4,8,4,1,2,4,1048576,0,0.692991,5416.292
2214,4,8,4,1,4,1,4194304,0,0.697396,6019.314
2215,4,8,4,1,4,2,2097152,0,0.705349,6461.672
2216,4,8,4,1,4,4,1048576,0,0.695905,6309.254
2217,4,8,4,1,8,1,4194304,0,0.715421,8053.416
2220,4,8,4,2,1,1,4194304,0,0.681028,5429.060
2221,4,8,4,2,1,2,2097152,0,0.694122,5391.820
2222,4,8,4,2,1,4,1048576,0,0.690144,6190.884
2223,4,8,4,2,2,1,4194304,0,0.712875,6867.322
2224,4,8,4,2,2,2,2097152,0,0.691168,6396.502
2225,4,8,4,2,2,4,1048576,0,0.712378,6466.726
2226,4,8,4,2,4,1,4194304,0,0.710485,8821.358
2227,4,8,4,2,4,2,2097152,0,0.722912,9040.808
2228,4,8,4,2,4,4,1048576,0,0.698058,7894.348
2232,4,8,4,4,1,1,4194304,0,0.709536,7125.342
2233,4,8,4,4,1,2,2097152,0,0.718486,6809.068
2234,4,8,4,4,1,4,1048576,0,0.703403,6880.622
2235,4,8,4,4,2,1,4194304,0,0.704093,9062.886
2236,4,8,4,4,2,2,2097152,0,0.753805,9280.740
2237,4,8,4,4,2,4,1048576,0,0.707738,9385.810
2244,4,8,4,8,1,1,4194304,0,0.712022,8135.610
2245,4,8,4,8,1,2,2097152,0,0.713845,9192.694
2256,4,8,8,1,1,1,4194304,0,0.686386,4766.720
2257,4,8,8,1,1,2,2097152,0,0.687535,4943.344
2258,4,8,8,1,1,4,1048576,0,0.703131,5174.232
2259,4,8,8,1,2,1,4194304,0,0.702170,5411.504
2260,4,8,8,1,2,2,2097152,0,0.689860,5955.740
2262,4,8,8,1,4,1,4194304,0,0.694058,6939.940
2268,4,8,8,2,1,1,4194304,0,0.700340,5553.548
2269,4,8,8,2,1,2,2097152,0,0.693773,6022.240
2270,4,8,8,2,1,4,1048576,0,0.706742,6641.754
2271,4,8,8,2,2,1,4194304,0,0.698559,7524.076
2280,4,8,8,4,1,1,4194304,0,0.711831,7803.110
2304,8,1,1,1,1,1,4194304,0,0.418103,3823.484
2305,8,1,1,1,1,2,2097152,0,0.419731,3863.384
2306,8,1,1,1,1,4,1048576,0,0.423192,3948.238
2307,8,1,1,1,2,1,4194304,0,0.708004,4161.038
2308,8,1,1,1,2,2,2097152,0,0.706484,4194.288
2309,8,1,1,1,2,4,1048576,0,0.708848,4307.870
2310,8,1,1,1,4,1,4194304,0,0.695779,4285.260
2311,8,1,1,1,4,2,2097152,0,0.697130,4362.400
2312,8,1,1,1,4,4,1048576,0,0.714013,4512.158
2313,8,1,1,1,8,1,4194304,0,0.695576,4531.310
2314,8,1,1,1,8,2,2097152,0,0.695239,4658.192
2315,8,1,1,1,8,4,1048576,0,0.709251,4793.586
2316,8,1,1,2,1,1,4194304,0,0.696488,4177.796
2317,8,1,1,2,1,2,2097152,0,0.701047,4227.538
2318,8,1,1,2,1,4,1048576,0,0.711012,4336.066
2319,8,1,1,2,2,1,4194304,0,0.697028,4296.166
2320,8,1,1,2,2,2,2097152,0,0.713744,4396.714
2321,8,1,1,2,2,4,1048576,0,0.698716,4481.568
2322,8,1,1,2,4,1,4194304,0,0.692233,4729.480
2323,8,1,1,2,4,2,2097152,0,0.697973,4644.094
2324,8,1,1,2,4,4,1048576,0,0.720766,4786.936
2325,8,1,1,2,8,1,4194304,0,0.692199,5499.550
2326,8,1,1,2,8,2,2097152,0,0.695576,5249.510
2327,8,1,1,2,8,4,1048576,0,0.702835,6304.466
2328,8,1,1,4,1,1,4194304,0,0.696487,4404.960
2329,8,1,1,4,1,2,2097152,0,0.705607,4493.538
2330,8,1,1,4,1,4,1048576,0,0.710336,4570.412
2331,8,1,1,4,2,1,4194304,0,0.697365,5001.332
2332,8,1,1,4,2,2,2097152,0,0.715264,4901.050
2333,8,1,1,4,2,4,1048576,0,0.699729,4991.490
2334,8,1,1,4,4,1,4194304,0,0.695103,4891.740
2335,8,1,1,4,4,2,2097152,0,0.697973,4963.294
2336,8,1,1,4,4,4,1048576,0,0.712493,5142.046
2337,8,1,1,4,8,1,4194304,0,0.715328,6557.166
2338,8,1,1,4,8,2,2097152,0,0.697095,7173.488
2339,8,1,1,4,8,4,1048576,0,0.697770,7258.342
2340,8,1,1,8,1,1,4194304,0,0.685003,4879.770
2341,8,1,1,8,1,2,2097152,0,0.696994,5031.390
2342,8,1,1,8,1,4,1048576,0,0.703918,5063.842
2343,8,1,1,8,2,1,4194304,0,0.699729,5647.446
2344,8,1,1,8,2,2,2097152,0,0.701586,5724.852
2345,8,1,1,8,2,4,1048576,0,0.716108,5999.364
2346,8,1,1,8,4,1,4194304,0,0.690713,5809.706
2347,8,1,1,8,4,2,2097152,0,0.706415,5981.808
2348,8,1,1,8,4,4,1048576,0,0.715363,5993.778
2352,8,1,2,1,1,1,4194304,0,0.556457,4306.274
2353,8,1,2,1,1,2,2097152,0,0.559137,4464.544
2354,8,1,2,1,1,4,1048576,0,0.557395,4353.356
2355,8,1,2,1,2,1,4194304,0,0.700497,4537.960
2356,8,1,2,1,2,2,2097152,0,0.703848,4583.180
2357,8,1,2,1,2,4,1048576,0,0.713398,4442.732
2358,8,1,2,1,4,1,4194304,0,0.705120,5147.100
2359,8,1,2,1,4,2,2097152,0,0.695571,5212.536
2360,8,1,2,1,4,4,1048576,0,0.711318,4741.450
2361,8,1,2,1,8,1,4194304,0,0.711116,6594.672
2362,8,1,2,1,8,2,2097152,0,0.707598,7066.290
2363,8,1,2,1,8,4,1048576,0,0.711786,5668.194
2364,8,1,2,2,1,1,4194304,0,0.700634,4584.510
2365,8,1,2,2,1,2,2097152,0,0.717224,4605.258
2366,8,1,2,2,1,4,1048576,0,0.706331,4431.028
2367,8,1,2,2,2,1,4194304,0,0.700497,5151.622
2368,8,1,2,2,2,2,2097152,0,0.702340,5219.718
2369,8,1,2,2,2,4,1048576,0,0.711052,4855.564
2370,8,1,2,2,4,1,4194304,0,0.702941,6523.650
2371,8,1,2,2,4,2,2097152,0,0.711150,6669.152
2372,8,1,2,2,4,4,1048576,0,0.703444,5455.394
2373,8,1,2,2,8,1,4194304,0,0.743111,9072.994
2374,8,1,2,2,8,2,2097152,0,0.760868,9613.772
2375,8,1,2,2,8,4,1048576,0,0.709440,6688.570
2376,8,1,2,4,1,1,4194304,0,0.696612,5078.738
2377,8,1,2,4,1,2,2097152,0,0.702477,5131.406
2378,8,1,2,4,1,4,1048576,0,0.727278,4754.750
2379,8,1,2,4,2,1,4194304,0,0.712895,6546.792
2380,8,1,2,4,2,2,2097152,0,0.721104,6933.556
2381,8,1,2,4,2,4,1048576,0,0.707701,5456.192
2382,8,1,2,4,4,1,4194304,0,0.719191,9049.320
2383,8,1,2,4,4,2,2097152,0,0.706124,9362.402
2384,8,1,2,4,4,4,1048576,0,0.714835,6671.014
2385,8,1,2,4,8,1,4194304,0,0.731385,13301.330
2386,8,1,2,4,8,2,2097152,0,0.713963,13940.794
2387,8,1,2,4,8,4,1048576,0,0.720161,9027.508
2388,8,1,2,8,1,1,4194304,0,0.701471,5987.926
2389,8,1,2,8,1,2,2097152,0,0.720407,6042.190
2390,8,1,2,8,1,4,1048576,0,0.712364,5092.038
2391,8,1,2,8,2,1,4194304,0,0.715408,8530.088
2392,8,1,2,8,2,2,2097152,0,0.690444,9276.750
2393,8,1,2,8,2,4,1048576,0,0.709544,6708.786
2394,8,1,2,8,4,1,4194304,0,0.728572,13582.492
2395,8,1,2,8,4,2,2097152,0,0.728908,13929.356
2396,8,1,2,8,4,4,1048576,0,0.726227,10045.490
2400,8,1,4,1,1,1,4194304,0,0.548228,4431.560
2401,8,1,4,1,1,2,2097152,0,0.549953,4361.070
2402,8,1,4,1,1,4,1048576,0,0.568002,4437.146
2403,8,1,4,1,2,1,4194304,0,0.698674,4564.560
2404,8,1,4,1,2,2,2097152,0,0.693023,4533.970
2405,8,1,4,1,2,4,1048576,0,0.703994,4652.606
2406,8,1,4,1,4,1,4194304,0,0.704423,4818.058
2407,8,1,4,1,4,2,2097152,0,0.705254,4791.724
2408,8,1,4,1,4,4,1048576,0,0.702096,4927.650
2409,8,1,4,1,8,1,4194304,0,0.698405,5266.534
2410,8,1,4,1,8,2,2097152,0,0.718516,5238.604
2411,8,1,4,1,8,4,1048576,0,0.693751,5433.316
2412,8,1,4,2,1,1,4194304,0,0.685843,4574.934
2413,8,1,4,2,1,2,2097152,0,0.697482,4590.894
2414,8,1,4,2,1,4,1048576,0,0.700973,4724.692
2415,8,1,4,2,2,1,4194304,0,0.687536,4910.626
2416,8,1,4,2,2,2,2097152,0,0.686373,4804.492
2417,8,1,4,2,2,4,1048576,0,0.693521,4978.988
2418,8,1,4,2,4,1,4194304,0,0.695779,5515.510
2419,8,1,4,2,4,2,2097152,0,0.704589,5629.358
2420,8,1,4,2,4,4,1048576,0,0.712900,5923.022
2421,8,1,4,2,8,1,4194304,0,0.692587,7203.280
2422,8,1,4,2,8,2,2097152,0,0.697740,6877.696
2423,8,1,4,2,8,4,1048576,0,0.702061,6945.526
2424,8,1,4,4,1,1,4194304,0,0.691828,5134.598
2425,8,1,4,4,1,2,2097152,0,0.692660,5245.254
2426,8,1,4,4,1,4,1048576,0,0.694821,5209.078
2427,8,1,4,4,2,1,4194304,0,0.703661,6282.654
2428,8,1,4,4,2,2,2097152,0,0.702165,5528.810
2429,8,1,4,4,2,4,1048576,0,0.701167,5985.532
2430,8,1,4,4,4,1,4194304,0,0.721210,7524.874
2431,8,1,4,4,4,2,2097152,0,0.711403,7713.468
2432,8,1,4,4,4,4,1048576,0,0.705253,8319.416
2436,8,1,4,8,1,1,4194304,0,0.699809,6200.992
2437,8,1,4,8,1,2,2097152,0,0.704298,6146.462
2438,8,1,4,8,1,4,1048576,0,0.708122,6493.326
2439,8,1,4,8,2,1,4194304,0,0.723442,8492.582
2440,8,1,4,8,2,2,2097152,0,0.708814,7925.470
2441,8,1,4,8,2,4,1048576,0,0.729260,7778.372
2448,8,1,8,1,1,1,4194304,0,0.544528,4362.666
2449,8,1,8,1,1,2,2097152,0,0.546879,4396.182
2450,8,1,8,1,1,4,1048576,0,0.553279,4372.774
2451,8,1,8,1,2,1,4194304,0,0.697903,4590.096
2452,8,1,8,1,2,2,2097152,0,0.696754,4590.894
2453,8,1,8,1,2,4,1048576,0,0.699216,4716.712
2454,8,1,8,1,4,1,4194304,0,0.698161,4947.068
2455,8,1,8,1,4,2,2097152,0,0.694222,5069.694
2456,8,1,8,1,4,4,1048576,0,0.705711,5206.950
2457,8,1,8,1,8,1,4194304,0,0.696649,6328.672
2458,8,1,8,1,8,2,2097152,0,0.697142,6141.142
2459,8,1,8,1,8,4,1048576,0,0.704855,6585.362
2460,8,1,8,2,1,1,4194304,0,0.699519,4627.602
2461,8,1,8,2,1,2,2097152,0,0.697385,4675.482
2462,8,1,8,2,1,4,1048576,0,0.708877,4790.394
2463,8,1,8,2,2,1,4194304,0,0.701021,4949.994
2464,8,1,8,2,2,2,2097152,0,0.707914,5066.768
2465,8,1,8,2,2,4,1048576,0,0.702170,5547.430
2466,8,1,8,2,4,1,4194304,0,0.701607,6367.508
2467,8,1,8,2,4,2,2097152,0,0.691104,6070.918
2468,8,1,8,2,4,4,1048576,0,0.720645,6967.338
2472,8,1,8,4,1,1,4194304,0,0.698205,5231.688
2473,8,1,8,4,1,2,2097152,0,0.702638,5535.194
2474,8,1,8,4,1,4,1048576,0,0.703787,5482.526
2475,8,1,8,4,2,1,4194304,0,0.690188,6391.448
2476,8,1,8,4,2,2,2097152,0,0.693634,6567.274
2477,8,1,8,4,2,4,1048576,0,0.713495,7029.316
2484,8,1,8,8,1,1,4194304,0,0.725950,6258.714
2485,8,1,8,8,1,2,2097152,0,0.702966,7205.408
2486,8,1,8,8,1,4,1048576,0,0.702966,7118.160
2496,8,2,1,1,1,1,4194304,0,0.554192,4270.364
2497,8,2,1,1,1,2,2097152,0,0.562161,4328.884
2498,8,2,1,1,1,4,1048576,0,0.557434,4212.110
2499,8,2,1,1,2,1,4194304,0,0.705050,4207.056
2500,8,2,1,1,2,2,2097152,0,0.708591,4266.108
2501,8,2,1,1,2,4,1048576,0,0.708759,4375.168
2502,8,2,1,1,4,1,4194304,0,0.684415,4445.126
2503,8,2,1,1,4,2,2097152,0,0.702284,4549.930
2504,8,2,1,1,4,4,1048576,0,0.697564,4713.786
2505,8,2,1,1,8,1,4194304,0,0.695170,5030.060
2506,8,2,1,1,8,2,2097152,0,0.702250,5150.292
2507,8,2,1,1,8,4,1048576,0,0.723995,5389.958
2508,8,2,1,2,1,1,4194304,0,0.706198,4140.024
2509,8,2,1,2,1,2,2097152,0,0.701140,4284.462
2510,8,2,1,2,1,4,1048576,0,0.703500,4389.798
2511,8,2,1,2,2,1,4194304,0,0.695608,4531.310
2512,8,2,1,2,2,2,2097152,0,0.703701,4601.800
2513,8,2,1,2,2,4,1048576,0,0.711119,4733.736
2514,8,2,1,2,4,1,4194304,0,0.688629,5113.052
2515,8,2,1,2,4,2,2097152,0,0.699250,5263.608
2516,8,2,1,2,4,4,1048576,0,0.707173,5388.096
2517,8,2,1,2,8,1,4194304,0,0.697193,6274.674
2518,8,2,1,2,8,2,2097152,0,0.711015,6383.734
2519,8,2,1,2,8,4,1048576,0,0.709498,6855.086
2520,8,2,1,4,1,1,4194304,0,0.697092,4529.714
2521,8,2,1,4,1,2,2097152,0,0.694732,4669.896
2522,8,2,1,4,1,4,1048576,0,0.699116,4755.548
2523,8,2,1,4,2,1,4194304,0,0.694765,5209.078
2524,8,2,1,4,2,2,2097152,0,0.697969,5285.154
2525,8,2,1,4,2,4,1048576,0,0.718199,5594.778
2526,8,2,1,4,4,1,4194304,0,0.695709,6301.806
2527,8,2,1,4,4,2,2097152,0,0.704981,6519.394
2528,8,2,1,4,4,4,1048576,0,0.716781,6613.558
2529,8,2,1,4,8,1,4194304,0,0.696013,8790.768
2530,8,2,1,4,8,2,2097152,0,0.703261,8823.752
2531,8,2,1,4,8,4,1048576,0,0.711689,8655.108
2532,8,2,1,8,1,1,4194304,0,0.695237,5139.386
2533,8,2,1,8,1,2,2097152,0,0.699959,5521.894
2534,8,2,1,8,1,4,1048576,0,0.718339,5668.194
2535,8,2,1,8,2,1,4194304,0,0.692911,6273.876
2536,8,2,1,8,2,2,2097152,0,0.709264,6571.796
2537,8,2,1,8,2,4,1048576,0,0.718199,6827.688
2538,8,2,1,8,4,1,4194304,0,0.699923,9033.892
2539,8,2,1,8,4,2,2097152,0,0.710038,9266.110
2540,8,2,1,8,4,4,1048576,0,0.717624,9401.504
2544,8,2,2,1,1,1,4194304,0,0.694854,4477.578
2545,8,2,2,1,1,2,2097152,0,0.712756,4473.322
2546,8,2,2,1,1,4,1048576,0,0.710079,4332.076
2547,8,2,2,1,2,1,4194304,0,0.693881,4946.004
2548,8,2,2,1,2,2,2097152,0,0.696223,5009.578
2549,8,2,2,1,2,4,1048576,0,0.718806,4632.922
2550,8,2,2,1,4,1,4194304,0,0.697828,5701.710
2551,8,2,2,1,4,2,2097152,0,0.697828,5826.730
2552,8,2,2,1,4,4,1048576,0,0.698831,4973.136
2553,8,2,2,1,8,1,4194304,0,0.707661,7554.932
2554,8,2,2,1,8,2,2097152,0,0.706658,8229.508
2555,8,2,2,1,8,4,1048576,0,0.706992,5655.426
2556,8,2,2,2,1,1,4194304,0,0.696359,5070.758
2557,8,2,2,2,1,2,2097152,0,0.696694,5166.784
2558,8,2,2,2,1,4,1048576,0,0.704892,4722.298
2559,8,2,2,2,2,1,4194304,0,0.695219,5896.688
2560,8,2,2,2,2,2,2097152,0,0.708434,6339.312
2561,8,2,2,2,2,4,1048576,0,0.714456,5054.000
2562,8,2,2,2,4,1,4194304,0,0.760217,8062.460
2563,8,2,2,2,4,2,2097152,0,0.710874,8304.254
2564,8,2,2,2,4,4,1048576,0,0.708365,5893.496
2565,8,2,2,2,8,1,4194304,0,0.719871,11778.214
2566,8,2,2,2,8,2,2097152,0,0.721710,12035.968
2567,8,2,2,2,8,4,1048576,0,0.708497,7682.878
2568,8,2,2,4,1,1,4194304,0,0.707736,6051.766
2569,8,2,2,4,1,2,2097152,0,0.716771,6678.728
2570,8,2,2,4,1,4,1048576,0,0.713257,5265.470
2571,8,2,2,4,2,1,4194304,0,0.698062,8052.086
2572,8,2,2,4,2,2,2097152,0,0.723489,8653.778
2573,8,2,2,4,2,4,1048576,0,0.708601,6045.914
2574,8,2,2,4,4,1,4194304,0,0.714720,12149.018
2575,8,2,2,4,4,2,2097152,0,0.724756,12063.632
2576,8,2,2,4,4,4,1048576,0,0.707863,7333.354
2580,8,2,2,8,1,1,4194304,0,0.726977,8704.584
2581,8,2,2,8,1,2,2097152,0,0.714094,8643.936
2582,8,2,2,8,1,4,1048576,0,0.702884,6629.784
2583,8,2,2,8,2,1,4194304,0,0.724994,12151.146
2584,8,2,2,8,2,2,2097152,0,0.709939,12402.250
2585,8,2,2,8,2,4,1048576,0,0.723322,7370.328
2592,8,2,4,1,1,1,4194304,0,0.699204,4343.514
2593,8,2,4,1,1,2,2097152,0,0.693560,4323.564
2594,8,2,4,1,1,4,1048576,0,0.708999,4418.260
2595,8,2,4,1,2,1,4194304,0,0.687614,4666.704
2596,8,2,4,1,2,2,2097152,0,0.693589,4668.300
2597,8,2,4,1,2,4,1048576,0,0.703548,4761.666
2598,8,2,4,1,4,1,4194304,0,0.697172,5237.806
2599,8,2,4,1,4,2,2097152,0,0.703146,5187.000
2600,8,2,4,1,4,4,1048576,0,0.701155,5488.910
2601,8,2,4,1,8,1,4194304,0,0.718544,6923.714
2602,8,2,4,1,8,2,2097152,0,0.707094,6959.624
2603,8,2,4,1,8,4,1048576,0,0.711741,6389.054
2604,8,2,4,2,1,1,4194304,0,0.690572,4557.910
2605,8,2,4,2,1,2,2097152,0,0.696880,4572.274
2606,8,2,4,2,1,4,1048576,0,0.691070,4672.822
2607,8,2,4,2,2,1,4194304,0,0.686286,5311.222
2608,8,2,4,2,2,2,2097152,0,0.686286,5205.620
2609,8,2,4,2,2,4,1048576,0,0.711016,5426.134
2610,8,2,4,2,4,1,4194304,0,0.690865,6336.386
2611,8,2,4,2,4,2,2097152,0,0.707129,6455.022
2612,8,2,4,2,4,4,1048576,0,0.707792,6751.080
2613,8,2,4,2,8,1,4194304,0,0.697635,8536.472
2614,8,2,4,2,8,2,2097152,0,0.718876,8152.102
2615,8,2,4,2,8,4,1048576,0,0.702281,8870.036
2616,8,2,4,4,1,1,4194304,0,0.698540,5045.222
2617,8,2,4,4,1,2,2097152,0,0.686089,4814.866
2618,8,2,4,4,1,4,1048576,0,0.693061,5042.562
2619,8,2,4,4,2,1,4194304,0,0.697572,6950.580
2620,8,2,4,4,2,2,2097152,0,0.712177,7002.716
2621,8,2,4,4,2,4,1048576,0,0.710683,7417.144
2622,8,2,4,4,4,1,4194304,0,0.712107,9556.316
2623,8,2,4,4,4,2,2097152,0,0.724719,9237.914
2624,8,2,4,4,4,4,1048576,0,0.699494,9483.964
2628,8,2,4,8,1,1,4194304,0,0.684761,5437.306
2629,8,2,4,8,1,2,2097152,0,0.689409,5160.932
2630,8,2,4,8,1,4,1048576,0,0.711488,5423.208
2631,8,2,4,8,2,1,4194304,0,0.716492,8945.314
2632,8,2,4,8,2,2,2097152,0,0.714335,9677.612
2633,8,2,4,8,2,4,1048576,0,0.709688,8636.754
2640,8,2,8,1,1,1,4194304,0,0.687371,4300.954
2641,8,2,8,1,1,2,2097152,0,0.693281,4474.386
2642,8,2,8,1,1,4,1048576,0,0.702803,4605.524
2643,8,2,8,1,2,1,4194304,0,0.698231,4637.444
2644,8,2,8,1,2,2,2097152,0,0.697903,4856.362
2645,8,2,8,1,2,4,1048576,0,0.711526,4968.348
2646,8,2,8,1,4,1,4194304,0,0.706039,5838.434
2647,8,2,8,1,4,2,2097152,0,0.699967,5962.390
2648,8,2,8,1,4,4,1048576,0,0.701772,6389.586
2649,8,2,8,1,8,1,4194304,0,0.694516,7315.532
2650,8,2,8,1,8,2,2097152,0,0.700916,7958.986
2651,8,2,8,1,8,4,1048576,0,0.699275,7365.274
2652,8,2,8,2,1,1,4194304,0,0.697549,4655.798
2653,8,2,8,2,1,2,2097152,0,0.697385,4873.918
2654,8,2,8,2,1,4,1048576,0,0.710190,5033.784
2655,8,2,8,2,2,1,4194304,0,0.696261,5251.106
2656,8,2,8,2,2,2,2097152,0,0.689039,5677.770
2657,8,2,8,2,2,4,1048576,0,0.692322,5822.740
2658,8,2,8,2,4,1,4194304,0,0.700130,7382.032
2659,8,2,8,2,4,2,2097152,0,0.704726,8820.294
2660,8,2,8,2,4,4,1048576,0,0.705874,8202.908
2664,8,2,8,4,1,1,4194304,0,0.694758,6195.672
2665,8,2,8,4,1,2,2097152,0,0.694594,5952.548
2666,8,2,8,4,1,4,1048576,0,0.701325,6351.814
2667,8,2,8,4,2,1,4194304,0,0.702498,7287.336
2668,8,2,8,4,2,2,2097152,0,0.696096,7576.744
2669,8,2,8,4,2,4,1048576,0,0.706765,7803.642
2676,8,2,8,8,1,1,4194304,0,0.695086,7626.752
2677,8,2,8,8,1,2,2097152,0,0.702145,7604.674
2678,8,2,8,8,1,4,1048576,0,0.702638,8248.394
2688,8,4,1,1,1,1,4194304,0,0.552577,4085.494
2689,8,4,1,1,1,2,2097152,0,0.555408,4334.736
2690,8,4,1,1,1,4,1048576,0,0.557700,4246.690
2691,8,4,1,1,2,1,4194304,0,0.703786,4235.518
2692,8,4,1,1,2,2,2097152,0,0.705469,4350.430
2693,8,4,1,1,2,4,1048576,0,0.699914,4377.562
2694,8,4,1,1,4,1,4194304,0,0.692608,4453.904
2695,8,4,1,1,4,2,2097152,0,0.693955,4596.746
2696,8,4,1,1,4,4,1048576,0,0.703044,4693.570
2697,8,4,1,1,8,1,4194304,0,0.697624,4997.874
2698,8,4,1,1,8,2,2097152,0,0.719672,5214.398
2699,8,4,1,1,8,4,1048576,0,0.716642,5449.276
2700,8,4,1,2,1,1,4194304,0,0.687928,4188.436
2701,8,4,1,2,1,2,2097152,0,0.704932,4376.498
2702,8,4,1,2,1,4,1048576,0,0.704595,4426.506
2703,8,4,1,2,2,1,4194304,0,0.692844,4504.710
2704,8,4,1,2,2,2,2097152,0,0.699577,4630.794
2705,8,4,1,2,2,4,1048576,0,0.699913,4714.318
2706,8,4,1,2,4,1,4194304,0,0.687727,4948.664
2707,8,4,1,2,4,2,2097152,0,0.709439,5224.240
2708,8,4,1,2,4,4,1048576,0,0.696816,5483.856
2709,8,4,1,2,8,1,4194304,0,0.702672,6554.506
2710,8,4,1,2,8,2,2097152,0,0.716978,8459.598
2711,8,4,1,2,8,4,1048576,0,0.733136,6339.844
2712,8,4,1,4,1,1,4194304,0,0.693315,4483.696
2713,8,4,1,4,1,2,2097152,0,0.695504,4722.830
2714,8,4,1,4,1,4,1048576,0,0.717222,4799.970
2715,8,4,1,4,2,1,4194304,0,0.697220,5033.518
2716,8,4,1,4,2,2,2097152,0,0.697725,5168.912
2717,8,4,1,4,2,4,1048576,0,0.696883,5386.234
2718,8,4,1,4,4,1,4194304,0,0.708092,6567.806
2719,8,4,1,4,4,2,2097152,0,0.701360,6631.114
2720,8,4,1,4,4,4,1048576,0,0.711795,6773.158
2724,8,4,1,8,1,1,4194304,0,0.694830,5003.194
2725,8,4,1,8,1,2,2097152,0,0.697187,5248.446
2726,8,4,1,8,1,4,1048576,0,0.716549,5347.664
2727,8,4,1,8,2,1,4194304,0,0.703953,7094.220
2728,8,4,1,8,2,2,2097152,0,0.708161,8397.886
2729,8,4,1,8,2,4,1048576,0,0.716578,7129.066
2736,8,4,2,1,1,1,4194304,0,0.714145,4782.680
2737,8,4,2,1,1,2,2097152,0,0.712475,4825.506
2738,8,4,2,1,1,4,1048576,0,0.722331,4427.304
2739,8,4,2,1,2,1,4194304,0,0.693963,5745.068
2740,8,4,2,1,2,2,2097152,0,0.693295,5869.556
2741,8,4,2,1,2,4,1048576,0,0.702648,4885.356
2742,8,4,2,1,4,1,4194304,0,0.714102,7865.886
2743,8,4,2,1,4,2,2097152,0,0.708925,7862.694
2744,8,4,2,1,4,4,1048576,0,0.713267,5537.854
2745,8,4,2,1,8,1,4194304,0,0.709725,10911.320
2746,8,4,2,1,8,2,2097152,0,0.713399,11266.430
2747,8,4,2,1,8,4,1048576,0,0.706719,6484.814
2748,8,4,2,2,1,1,4194304,0,0.691426,5755.708
2749,8,4,2,2,1,2,2097152,0,0.691760,5911.052
2750,8,4,2,2,1,4,1048576,0,0.707463,4886.952
2751,8,4,2,2,2,1,4194304,0,0.713671,7739.802
2752,8,4,2,2,2,2,2097152,0,0.710998,7870.940
2753,8,4,2,2,2,4,1048576,0,0.706322,5622.442
2754,8,4,2,2,4,1,4194304,0,0.723287,10820.082
2755,8,4,2,2,4,2,2097152,0,0.713267,11055.492
2756,8,4,2,2,4,4,1048576,0,0.715104,6665.960
2757,8,4,2,2,8,1,4194304,0,0.756149,17891.957
2758,8,4,2,2,8,2,2097152,0,0.719243,18943.988
2759,8,4,2,2,8,4,1048576,0,0.728094,9194.024
2760,8,4,2,4,1,1,4194304,0,0.718655,7767.998
2761,8,4,2,4,1,2,2097152,0,0.709133,7642.446
2762,8,4,2,4,1,4,1048576,0,0.707629,5732.566
2763,8,4,2,4,2,1,4194304,0,0.708159,11436.138
2764,8,4,2,4,2,2,2097152,0,0.710831,10827.796
2765,8,4,2,4,2,4,1048576,0,0.705987,6909.616
2766,8,4,2,4,4,1,4194304,0,0.708924,16980.908
2767,8,4,2,4,4,2,2097152,0,0.740655,18963.141
2768,8,4,2,4,4,4,1048576,0,0.714268,7757.092
2772,8,4,2,8,1,1,4194304,0,0.706794,11334.526
2773,8,4,2,8,1,2,2097152,0,0.706961,11578.182
2774,8,4,2,8,1,4,1048576,0,0.716817,7124.810
2775,8,4,2,8,2,1,4194304,0,0.744736,17900.471
2777,8,4,2,8,2,4,1048576,0,0.708994,9850.246
2784,8,4,4,1,1,1,4194304,0,0.691471,4575.732
2785,8,4,4,1,1,2,2097152,0,0.701581,4581.584
2786,8,4,4,1,1,4,1048576,0,0.695448,4652.606
2787,8,4,4,1,2,1,4194304,0,0.711882,5071.822
2788,8,4,4,1,2,2,2097152,0,0.695642,5033.518
2789,8,4,4,1,2,4,1048576,0,0.699785,5202.694
2790,8,4,4,1,4,1,4194304,0,0.689774,5932.332
2791,8,4,4,1,4,2,2097152,0,0.713137,5929.406
2792,8,4,4,1,4,4,1048576,0,0.694579,6567.806
2793,8,4,4,1,8,1,4194304,0,0.697196,7628.348
2794,8,4,4,1,8,2,2097152,0,0.705149,8167.264
2795,8,4,4,1,8,4,1048576,0,0.705977,7404.642
2796,8,4,4,2,1,1,4194304,0,0.694951,5068.630
2797,8,4,4,2,1,2,2097152,0,0.692299,5089.910
2798,8,4,4,2,1,4,1048576,0,0.709536,5142.578
2799,8,4,4,2,2,1,4194304,0,0.673934,6554.506
2800,8,4,4,2,2,2,2097152,0,0.693985,6392.246
2801,8,4,4,2,2,4,1048576,0,0.709396,6484.548
2802,8,4,4,2,4,1,4194304,0,0.720758,7911.106
2803,8,4,4,2,4,2,2097152,0,0.722581,7668.248
2804,8,4,4,2,4,4,1048576,0,0.723906,8770.020
2808,8,4,4,4,1,1,4194304,0,0.703237,6116.670
2809,8,4,4,4,1,2,2097152,0,0.711524,6027.560
2810,8,4,4,4,1,4,1048576,0,0.710861,6101.242
2811,8,4,4,4,2,1,4194304,0,0.696967,8550.038
2812,8,4,4,4,2,2,2097152,0,0.749331,8075.760
2813,8,4,4,4,2,4,1048576,0,0.712544,8264.886
2820,8,4,4,8,1,1,4194304,0,0.708541,8323.938
2821,8,4,4,8,1,2,2097152,0,0.730916,8749.804
2822,8,4,4,8,1,4,1048576,0,0.736883,8763.104
2832,8,4,8,1,1,1,4194304,0,0.736457,4544.610
2833,8,4,8,1,1,2,2097152,0,0.697550,4691.974
2834,8,4,8,1,1,4,1048576,0,0.701490,4788.532
2835,8,4,8,1,2,1,4194304,0,0.703155,4960.368
2836,8,4,8,1,2,2,2097152,0,0.701021,5133.268
2837,8,4,8,1,2,4,1048576,0,0.699708,5194.714
2838,8,4,8,1,4,1,4194304,0,0.698325,5841.892
2839,8,4,8,1,4,2,2097152,0,0.697669,6304.200
2840,8,4,8,1,4,4,1048576,0,0.691432,6396.236
2841,8,4,8,1,8,1,4194304,0,0.689429,7626.486
2842,8,4,8,1,8,2,2097152,0,0.692875,8072.568
2843,8,4,8,1,8,4,1048576,0,0.697142,8479.016
2844,8,4,8,2,1,1,4194304,0,0.688191,5183.808
2845,8,4,8,2,1,2,2097152,0,0.695907,5317.074
2846,8,4,8,2,1,4,1048576,0,0.739576,5401.396
2847,8,4,8,2,2,1,4194304,0,0.733848,6229.986
2848,8,4,8,2,2,2,2097152,0,0.709063,6929.300
2849,8,4,8,2,2,4,1048576,0,0.700364,7197.162
2850,8,4,8,2,4,1,4194304,0,0.718019,8025.486
2851,8,4,8,2,4,2,2097152,0,0.726389,10132.738
2852,8,4,8,2,4,4,1048576,0,0.697176,8647.926
2856,8,4,8,4,1,1,4194304,0,0.692624,6162.954
2857,8,4,8,4,1,2,2097152,0,0.695743,6437.200
2858,8,4,8,4,1,4,1048576,0,0.723159,6600.524
2859,8,4,8,4,2,1,4194304,0,0.715300,8664.418
2860,8,4,8,4,2,2,2097152,0,0.699051,10039.372
2861,8,4,8,4,2,4,1048576,0,0.711197,9018.198
2868,8,4,8,8,1,1,4194304,0,0.691803,8005.004
2869,8,4,8,8,1,2,2097152,0,0.695250,9157.848
2870,8,4,8,8,1,4,1048576,0,0.708055,9639.840
2880,8,8,1,1,1,1,4194304,0,0.551229,4103.050
2881,8,8,1,1,1,2,2097152,0,0.561070,4371.178
2882,8,8,1,1,1,4,1048576,0,0.571450,4285.260
2883,8,8,1,1,2,1,4194304,0,0.693517,4195.618
2884,8,8,1,1,2,2,2097152,0,0.708330,4340.854
2885,8,8,1,1,2,4,1048576,0,0.706142,4423.580
2886,8,8,1,1,4,1,4194304,0,0.694965,4558.442
2887,8,8,1,1,4,2,2097152,0,0.700856,4707.402
2888,8,8,1,1,4,4,1048576,0,0.719538,4749.164
2889,8,8,1,1,8,1,4194304,0,0.697624,5173.700
2890,8,8,1,1,8,2,2097152,0,0.698297,5894.826
2891,8,8,1,1,8,4,1048576,0,0.707890,5425.336
2892,8,8,1,2,1,1,4194304,0,0.706953,4221.420
2893,8,8,1,2,1,2,2097152,0,0.699713,4349.898
2894,8,8,1,2,1,4,1048576,0,0.704595,4456.032
2895,8,8,1,2,2,1,4194304,0,0.698567,4628.666
2896,8,8,1,2,2,2,2097152,0,0.710013,4813.004
2897,8,8,1,2,2,4,1048576,0,0.714053,4849.712
2898,8,8,1,2,4,1,4194304,0,0.689073,5462.044
2899,8,8,1,2,4,2,2097152,0,0.705231,6057.352
2900,8,8,1,2,4,4,1048576,0,0.709944,5638.934
2904,8,8,1,4,1,1,4194304,0,0.693315,4757.942
2905,8,8,1,4,1,2,2097152,0,0.699881,4939.354
2906,8,8,1,4,1,4,1048576,0,0.697356,5044.956
2907,8,8,1,4,2,1,4194304,0,0.705131,5559.134
2908,8,8,1,4,2,2,2097152,0,0.705300,6199.662
2909,8,8,1,4,2,4,1048576,0,0.707488,6259.246
2916,8,8,1,8,1,1,4194304,0,0.693988,5524.820
2917,8,8,1,8,1,2,2097152,0,0.695335,5483.058
2918,8,8,1,8,1,4,1048576,0,0.715539,5730.704
2928,8,8,2,1,1,1,4194304,0,0.700447,5533.598
2929,8,8,2,1,1,2,2097152,0,0.703621,5610.472
2930,8,8,2,1,1,4,1048576,0,0.710971,4690.910
2931,8,8,2,1,2,1,4194304,0,0.709329,7506.254
2932,8,8,2,1,2,2,2097152,0,0.704485,7308.882
2933,8,8,2,1,2,4,1048576,0,0.705320,5224.772
2934,8,8,2,1,4,1,4194304,0,0.714102,10774.064
2935,8,8,2,1,4,2,2097152,0,0.728130,10975.692
2936,8,8,2,1,4,4,1048576,0,0.705752,6134.492
2937,8,8,2,1,8,1,4194304,0,0.721081,16886.744
2938,8,8,2,1,8,2,2097152,0,0.729097,17210.199
2939,8,8,2,1,8,4,1048576,0,0.724755,7881.846
2940,8,8,2,2,1,1,4194304,0,0.693764,7553.070
2941,8,8,2,2,1,2,2097152,0,0.712975,7367.136
2942,8,8,2,2,1,4,1048576,0,0.712808,5304.572
2943,8,8,2,2,2,1,4194304,0,0.712334,10498.488
2944,8,8,2,2,2,2,2097152,0,0.709662,10821.412
2945,8,8,2,2,2,4,1048576,0,0.712835,6488.804
2946,8,8,2,2,4,1,4194304,0,0.711597,17117.365
2947,8,8,2,2,4,2,2097152,0,0.703914,17170.301
2948,8,8,2,2,4,4,1048576,0,0.737315,8554.028
2952,8,8,2,4,1,1,4194304,0,0.699945,10659.950
2953,8,8,2,4,1,2,2097152,0,0.703119,10992.450
2954,8,8,2,4,1,4,1048576,0,0.726339,6425.496
2955,8,8,2,4,2,1,4194304,0,0.716510,16486.414
2956,8,8,2,4,2,2,2097152,0,0.731875,17160.725
2957,8,8,2,4,2,4,1048576,0,0.722355,8703.520
2964,8,8,2,8,1,1,4194304,0,0.749225,17516.100
2965,8,8,2,8,1,2,2097152,0,0.726506,17053.793
2966,8,8,2,8,1,4,1048576,0,0.709300,8723.204
2976,8,8,4,1,1,1,4194304,0,0.685670,4797.310
2977,8,8,4,1,1,2,2097152,0,0.689647,4695.166
2978,8,8,4,1,1,4,1048576,0,0.694785,4877.908
2979,8,8,4,1,2,1,4194304,0,0.697134,5223.176
2980,8,8,4,1,2,2,2097152,0,0.700614,5177.424
2981,8,8,4,1,2,4,1048576,0,0.692991,5416.292
2982,8,8,4,1,4,1,4194304,0,0.697396,6019.314
2983,8,8,4,1,4,2,2097152,0,0.705349,6461.672
2984,8,8,4,1,4,4,1048576,0,0.695905,6309.254
2985,8,8,4,1,8,1,4194304,0,0.715421,8053.416
2986,8,8,4,1,8,2,2097152,0,0.697527,7556.794
2987,8,8,4,1,8,4,1048576,0,0.723374,7933.450
2988,8,8,4,2,1,1,4194304,0,0.681028,5429.060
2989,8,8,4,2,1,2,2097152,0,0.694122,5391.820
2990,8,8,4,2,1,4,1048576,0,0.690144,6190.884
2991,8,8,4,2,2,1,4194304,0,0.712875,6867.322
2992,8,8,4,2,2,2,2097152,0,0.691168,6396.502
2993,8,8,4,2,2,4,1048576,0,0.712378,6466.726
2994,8,8,4,2,4,1,4194304,0,0.710485,8821.358
2995,8,8,4,2,4,2,2097152,0,0.722912,9040.808
2996,8,8,4,2,4,4,1048576,0,0.698058,7894.348
3000,8,8,4,4,1,1,4194304,0,0.709536,7125.342
3001,8,8,4,4,1,2,2097152,0,0.718486,6809.068
3002,8,8,4,4,1,4,1048576,0,0.703403,6880.622
3003,8,8,4,4,2,1,4194304,0,0.704093,9062.886
3004,8,8,4,4,2,2,2097152,0,0.753805,9280.740
3005,8,8,4,4,2,4,1048576,0,0.707738,9385.810
3012,8,8,4,8,1,1,4194304,0,0.712022,8135.610
3013,8,8,4,8,1,2,2097152,0,0.713845,9192.694
3014,8,8,4,8,1,4,1048576,0,0.706221,10602.760
3024,8,8,8,1,1,1,4194304,0,0.686386,4766.720
3025,8,8,8,1,1,2,2097152,0,0.687535,4943.344
3026,8,8,8,1,1,4,1048576,0,0.703131,5174.232
3027,8,8,8,1,2,1,4194304,0,0.702170,5411.504
3028,8,8,8,1,2,2,2097152,0,0.689860,5955.740
3029,8,8,8,1,2,4,1048576,0,0.695112,6364.848
3030,8,8,8,1,4,1,4194304,0,0.694058,6939.940
3036,8,8,8,2,1,1,4194304,0,0.700340,5553.548
3037,8,8,8,2,1,2,2097152,0,0.693773,6022.240
3038,8,8,8,2,1,4,1048576,0,0.706742,6641.754
3039,8,8,8,2,2,1,4194304,0,0.698559,7524.076
3040,8,8,8,2,2,2,2097152,0,0.727775,7397.726
3042,8,8,8,2,4,1,4194304,0,0.696191,9068.206
3048,8,8,8,4,1,1,4194304,0,0.711831,7803.110
3049,8,8,8,4,1,2,2097152,0,0.701325,7694.848
