n,knob_no_size,knob_outer_unroll,knob_inner_unroll1,knob_inner_unroll2,knob_merge_unroll,knob_partition_factor,obj1,obj2
0002,16,1,1,1,1,16,0.000,959
0003,16,1,1,1,2,4,0.000,501
0004,16,1,1,1,2,8,0.000,640
0005,16,1,1,1,2,16,0.000,1037
0006,16,1,1,1,3,4,0.000,599
0007,16,1,1,1,3,8,0.000,877
0009,16,1,1,1,4,4,0.000,734
0010,16,1,1,1,4,8,0.000,1008
0011,16,1,1,1,4,16,0.000,1413
0012,16,1,1,2,1,4,0.000,395
0013,16,1,1,2,1,8,0.000,490
0014,16,1,1,2,1,16,0.000,1017
0015,16,1,1,2,2,4,0.000,514
0016,16,1,1,2,2,8,0.000,678
0017,16,1,1,2,2,16,0.000,1080
0018,16,1,1,2,3,4,0.000,597
0019,16,1,1,2,3,8,0.000,867
0020,16,1,1,2,3,16,0.000,1514
0021,16,1,1,2,4,4,0.000,738
0022,16,1,1,2,4,8,0.000,1035
0023,16,1,1,2,4,16,0.000,1517
0024,16,1,1,3,1,4,0.000,441
0025,16,1,1,3,1,8,0.000,632
0026,16,1,1,3,1,16,0.000,994
0027,16,1,1,3,2,4,0.000,555
0028,16,1,1,3,2,8,0.000,840
0029,16,1,1,3,2,16,0.000,1059
0030,16,1,1,3,3,4,0.000,675
0031,16,1,1,3,3,8,0.000,1029
0032,16,1,1,3,3,16,0.000,1434
0033,16,1,1,3,4,4,0.000,803
0034,16,1,1,3,4,8,0.000,1172
0035,16,1,1,3,4,16,0.000,1469
0036,16,1,1,4,1,4,0.000,415
0037,16,1,1,4,1,8,0.000,521
0038,16,1,1,4,1,16,0.000,1033
0039,16,1,1,4,2,4,0.000,520
0041,16,1,1,4,2,16,0.000,1119
0042,16,1,1,4,3,4,0.000,622
0043,16,1,1,4,3,8,0.000,925
0044,16,1,1,4,3,16,0.000,1519
0045,16,1,1,4,4,4,0.000,766
0046,16,1,1,4,4,8,0.000,1078
0047,16,1,1,4,4,16,0.000,1551
0048,16,1,2,1,1,4,0.000,703
0049,16,1,2,1,1,8,0.000,1193
0052,16,1,2,1,2,8,0.000,1308
0053,16,1,2,1,2,16,0.000,2104
0054,16,1,2,1,3,4,0.000,1179
0055,16,1,2,1,3,8,0.000,1650
0056,16,1,2,1,3,16,0.000,2841
0057,16,1,2,1,4,4,0.000,1412
0058,16,1,2,1,4,8,0.000,2006
0059,16,1,2,1,4,16,0.000,3243
0060,16,1,2,2,1,4,0.000,700
0061,16,1,2,2,1,8,0.000,1140
0062,16,1,2,2,1,16,0.000,1599
0063,16,1,2,2,2,4,0.000,986
0064,16,1,2,2,2,8,0.000,1335
0065,16,1,2,2,2,16,0.000,2076
0066,16,1,2,2,3,4,0.000,1234
0067,16,1,2,2,3,8,0.000,1767
0068,16,1,2,2,3,16,0.000,2666
0069,16,1,2,2,4,4,0.000,1429
0070,16,1,2,2,4,8,0.000,2017
0071,16,1,2,2,4,16,0.000,3130
0072,16,1,2,3,1,4,0.000,761
0073,16,1,2,3,1,8,0.000,1092
0074,16,1,2,3,1,16,0.000,1582
0075,16,1,2,3,2,4,0.000,1037
0076,16,1,2,3,2,8,0.000,1424
0077,16,1,2,3,2,16,0.000,2068
0078,16,1,2,3,3,4,0.000,1282
0079,16,1,2,3,3,8,0.000,1822
0080,16,1,2,3,3,16,0.000,2630
0081,16,1,2,3,4,4,0.000,1482
0082,16,1,2,3,4,8,0.000,2152
0083,16,1,2,3,4,16,0.000,3140
0084,16,1,2,4,1,4,0.000,742
0085,16,1,2,4,1,8,0.000,1149
0086,16,1,2,4,1,16,0.000,1610
0087,16,1,2,4,2,4,0.000,986
0088,16,1,2,4,2,8,0.000,1351
0089,16,1,2,4,2,16,0.000,2249
0090,16,1,2,4,3,4,0.000,1263
0091,16,1,2,4,3,8,0.000,1771
0092,16,1,2,4,3,16,0.000,2573
0093,16,1,2,4,4,4,0.000,1424
0094,16,1,2,4,4,8,0.000,2051
0096,16,1,3,1,1,4,0.000,1092
0097,16,1,3,1,1,8,0.000,1495
0098,16,1,3,1,1,16,0.000,2250
0099,16,1,3,1,2,4,0.000,1511
0100,16,1,3,1,2,8,0.000,1877
0101,16,1,3,1,2,16,0.000,3172
0102,16,1,3,1,3,4,0.000,1805
0103,16,1,3,1,3,8,0.000,2652
0104,16,1,3,1,3,16,0.000,3869
0105,16,1,3,1,4,4,0.000,2183
0106,16,1,3,1,4,8,0.000,3037
0107,16,1,3,1,4,16,0.000,4351
0108,16,1,3,2,1,4,0.000,1143
0109,16,1,3,2,1,8,0.000,1502
0110,16,1,3,2,1,16,0.000,2277
0111,16,1,3,2,2,4,0.000,1566
0112,16,1,3,2,2,8,0.000,2067
0113,16,1,3,2,2,16,0.000,3079
0114,16,1,3,2,3,4,0.000,1830
0115,16,1,3,2,3,8,0.000,2579
0116,16,1,3,2,3,16,0.000,3883
0117,16,1,3,2,4,4,0.000,2149
0118,16,1,3,2,4,8,0.000,3003
0119,16,1,3,2,4,16,0.000,4714
0120,16,1,3,3,1,4,0.000,1169
0121,16,1,3,3,1,8,0.000,1594
0122,16,1,3,3,1,16,0.000,2342
0123,16,1,3,3,2,4,0.000,1527
0124,16,1,3,3,2,8,0.000,1999
0125,16,1,3,3,2,16,0.000,3199
0128,16,1,3,3,3,16,0.000,3831
0129,16,1,3,3,4,4,0.000,2154
0130,16,1,3,3,4,8,0.000,3147
0131,16,1,3,3,4,16,0.000,4741
0132,16,1,3,4,1,4,0.000,1157
0133,16,1,3,4,1,8,0.000,1554
0134,16,1,3,4,1,16,0.000,2349
0135,16,1,3,4,2,4,0.000,1471
0136,16,1,3,4,2,8,0.000,1964
0137,16,1,3,4,2,16,0.000,3234
0138,16,1,3,4,3,4,0.000,1850
0139,16,1,3,4,3,8,0.000,2568
0140,16,1,3,4,3,16,0.000,3860
0141,16,1,3,4,4,4,0.000,2184
0142,16,1,3,4,4,8,0.000,3033
0143,16,1,3,4,4,16,0.000,4796
0144,16,1,4,1,1,4,0.000,1307
0146,16,1,4,1,1,16,0.000,2826
0147,16,1,4,1,2,4,0.000,1842
0148,16,1,4,1,2,8,0.000,2688
0149,16,1,4,1,2,16,0.000,4109
0150,16,1,4,1,3,4,0.000,2362
0151,16,1,4,1,3,8,0.000,3164
0152,16,1,4,1,3,16,0.000,5033
0153,16,1,4,1,4,4,0.000,2877
0154,16,1,4,1,4,8,0.000,3976
0155,16,1,4,1,4,16,0.000,5764
0156,16,1,4,2,1,4,0.000,1310
0157,16,1,4,2,1,8,0.000,1929
0158,16,1,4,2,1,16,0.000,2980
0159,16,1,4,2,2,4,0.000,1871
0160,16,1,4,2,2,8,0.000,2783
0161,16,1,4,2,2,16,0.000,3780
0162,16,1,4,2,3,4,0.000,2308
0163,16,1,4,2,3,8,0.000,3203
0164,16,1,4,2,3,16,0.000,4993
0165,16,1,4,2,4,4,0.000,2748
0166,16,1,4,2,4,8,0.000,3909
0167,16,1,4,2,4,16,0.000,5994
0168,16,1,4,3,1,4,0.000,1378
0169,16,1,4,3,1,8,0.000,1918
0172,16,1,4,3,2,8,0.000,2631
0173,16,1,4,3,2,16,0.000,3931
0174,16,1,4,3,3,4,0.000,2373
0175,16,1,4,3,3,8,0.000,3287
0176,16,1,4,3,3,16,0.000,4930
0177,16,1,4,3,4,4,0.000,2920
0178,16,1,4,3,4,8,0.000,4141
0179,16,1,4,3,4,16,0.000,6013
0181,16,1,4,4,1,8,0.000,2036
0182,16,1,4,4,1,16,0.000,2811
0183,16,1,4,4,2,4,0.000,1900
0184,16,1,4,4,2,8,0.000,2679
0185,16,1,4,4,2,16,0.000,4060
0186,16,1,4,4,3,4,0.000,2316
0187,16,1,4,4,3,8,0.000,3184
0188,16,1,4,4,3,16,0.000,4808
0189,16,1,4,4,4,4,0.000,2779
0190,16,1,4,4,4,8,0.000,4143
0191,16,1,4,4,4,16,0.000,6086
0192,16,2,1,1,1,4,0.000,742
0193,16,2,1,1,1,8,0.000,1002
0194,16,2,1,1,1,16,0.000,1687
0195,16,2,1,1,2,4,0.000,1025
0196,16,2,1,1,2,8,0.000,1291
0197,16,2,1,1,2,16,0.000,1990
0198,16,2,1,1,3,4,0.000,1218
0199,16,2,1,1,3,8,0.000,1876
0200,16,2,1,1,3,16,0.000,2902
0201,16,2,1,1,4,4,0.000,1389
0202,16,2,1,1,4,8,0.000,1908
0203,16,2,1,1,4,16,0.000,2553
0204,16,2,1,2,1,4,0.000,768
0205,16,2,1,2,1,8,0.000,969
0206,16,2,1,2,1,16,0.000,1686
0207,16,2,1,2,2,4,0.000,964
0208,16,2,1,2,2,8,0.000,1336
0209,16,2,1,2,2,16,0.000,1960
0210,16,2,1,2,3,4,0.000,1290
0211,16,2,1,2,3,8,0.000,1759
0212,16,2,1,2,3,16,0.000,2831
0213,16,2,1,2,4,4,0.000,1387
0214,16,2,1,2,4,8,0.000,1885
0215,16,2,1,2,4,16,0.000,2504
0216,16,2,1,3,1,4,0.000,865
0217,16,2,1,3,1,8,0.000,1304
0218,16,2,1,3,1,16,0.000,1779
0219,16,2,1,3,2,4,0.000,1090
0220,16,2,1,3,2,8,0.000,1575
0221,16,2,1,3,2,16,0.000,2123
0222,16,2,1,3,3,4,0.000,1390
0223,16,2,1,3,3,8,0.000,1981
0224,16,2,1,3,3,16,0.000,2797
0225,16,2,1,3,4,4,0.000,1508
0226,16,2,1,3,4,8,0.000,2126
0227,16,2,1,3,4,16,0.000,2683
0228,16,2,1,4,1,4,0.000,784
0230,16,2,1,4,1,16,0.000,1645
0231,16,2,1,4,2,4,0.000,1039
0232,16,2,1,4,2,8,0.000,1408
0233,16,2,1,4,2,16,0.000,1975
0234,16,2,1,4,3,4,0.000,1302
0235,16,2,1,4,3,8,0.000,1794
0236,16,2,1,4,3,16,0.000,2871
0237,16,2,1,4,4,4,0.000,1400
0238,16,2,1,4,4,8,0.000,1959
0239,16,2,1,4,4,16,0.000,2581
0240,16,2,2,1,1,4,0.000,1338
0241,16,2,2,1,1,8,0.000,2024
0242,16,2,2,1,1,16,0.000,3004
0243,16,2,2,1,2,4,0.000,1921
0244,16,2,2,1,2,8,0.000,2601
0245,16,2,2,1,2,16,0.000,4163
0246,16,2,2,1,3,4,0.000,2402
0247,16,2,2,1,3,8,0.000,3151
0248,16,2,2,1,3,16,0.000,4929
0249,16,2,2,1,4,4,0.000,2824
0250,16,2,2,1,4,8,0.000,3936
0252,16,2,2,2,1,4,0.000,1392
0253,16,2,2,2,1,8,0.000,2189
0254,16,2,2,2,1,16,0.000,3138
0255,16,2,2,2,2,4,0.000,1934
0256,16,2,2,2,2,8,0.000,2456
0257,16,2,2,2,2,16,0.000,4137
0258,16,2,2,2,3,4,0.000,2356
0259,16,2,2,2,3,8,0.000,3263
0260,16,2,2,2,3,16,0.000,5053
0261,16,2,2,2,4,4,0.000,2849
0262,16,2,2,2,4,8,0.000,3873
0263,16,2,2,2,4,16,0.000,5200
0265,16,2,2,3,1,8,0.000,2330
0267,16,2,2,3,2,4,0.000,2143
0268,16,2,2,3,2,8,0.000,2916
0269,16,2,2,3,2,16,0.000,4304
0270,16,2,2,3,3,4,0.000,2474
0271,16,2,2,3,3,8,0.000,3540
0272,16,2,2,3,3,16,0.000,4975
0273,16,2,2,3,4,4,0.000,2937
0274,16,2,2,3,4,8,0.000,4316
0275,16,2,2,3,4,16,0.000,5348
0276,16,2,2,4,1,4,0.000,1497
0277,16,2,2,4,1,8,0.000,2234
0278,16,2,2,4,1,16,0.000,3251
0279,16,2,2,4,2,4,0.000,1965
0280,16,2,2,4,2,8,0.000,2592
0281,16,2,2,4,2,16,0.000,4270
0282,16,2,2,4,3,4,0.000,2350
0283,16,2,2,4,3,8,0.000,3257
0284,16,2,2,4,3,16,0.000,4867
0285,16,2,2,4,4,4,0.000,2815
0287,16,2,2,4,4,16,0.000,5356
0288,16,2,3,1,1,4,0.000,2163
0289,16,2,3,1,1,8,0.000,2839
0290,16,2,3,1,1,16,0.000,4366
0292,16,2,3,1,2,8,0.000,3940
0293,16,2,3,1,2,16,0.000,5966
0294,16,2,3,1,3,4,0.000,3604
0295,16,2,3,1,3,8,0.000,4930
0296,16,2,3,1,3,16,0.000,7090
0297,16,2,3,1,4,4,0.000,4296
0298,16,2,3,1,4,8,0.000,5989
0299,16,2,3,1,4,16,0.000,8724
0300,16,2,3,2,1,4,0.000,2245
0301,16,2,3,2,1,8,0.000,2893
0302,16,2,3,2,1,16,0.000,4272
0303,16,2,3,2,2,4,0.000,2910
0304,16,2,3,2,2,8,0.000,3948
0305,16,2,3,2,2,16,0.000,5898
0307,16,2,3,2,3,8,0.000,4999
0308,16,2,3,2,3,16,0.000,7259
0309,16,2,3,2,4,4,0.000,4224
0310,16,2,3,2,4,8,0.000,5963
0311,16,2,3,2,4,16,0.000,8556
0313,16,2,3,3,1,8,0.000,3131
0314,16,2,3,3,1,16,0.000,4403
0315,16,2,3,3,2,4,0.000,3106
0316,16,2,3,3,2,8,0.000,4239
0317,16,2,3,3,2,16,0.000,6218
0318,16,2,3,3,3,4,0.000,3763
0319,16,2,3,3,3,8,0.000,5045
0320,16,2,3,3,3,16,0.000,7235
0321,16,2,3,3,4,4,0.000,4451
0323,16,2,3,3,4,16,0.000,8613
0324,16,2,3,4,1,4,0.000,2259
0325,16,2,3,4,1,8,0.000,2949
0326,16,2,3,4,1,16,0.000,4229
0327,16,2,3,4,2,4,0.000,2909
0328,16,2,3,4,2,8,0.000,4069
0329,16,2,3,4,2,16,0.000,5952
0330,16,2,3,4,3,4,0.000,3632
0331,16,2,3,4,3,8,0.000,5189
0332,16,2,3,4,3,16,0.000,7022
0334,16,2,3,4,4,8,0.000,5978
0335,16,2,3,4,4,16,0.000,8324
0336,16,2,4,1,1,4,0.000,2645
0337,16,2,4,1,1,8,0.000,3607
0338,16,2,4,1,1,16,0.000,5163
0339,16,2,4,1,2,4,0.000,3747
0340,16,2,4,1,2,8,0.000,5076
0341,16,2,4,1,2,16,0.000,7142
0342,16,2,4,1,3,4,0.000,4488
0343,16,2,4,1,3,8,0.000,6367
0344,16,2,4,1,3,16,0.000,9242
0345,16,2,4,1,4,4,0.000,5524
0346,16,2,4,1,4,8,0.000,7587
0347,16,2,4,1,4,16,0.000,10044
0348,16,2,4,2,1,4,0.000,2671
0349,16,2,4,2,1,8,0.000,3827
0350,16,2,4,2,1,16,0.000,5359
0351,16,2,4,2,2,4,0.000,3568
0352,16,2,4,2,2,8,0.000,4795
0353,16,2,4,2,2,16,0.000,7380
0355,16,2,4,2,3,8,0.000,6241
0356,16,2,4,2,3,16,0.000,9065
0358,16,2,4,2,4,8,0.000,7634
0360,16,2,4,3,1,4,0.000,2889
0361,16,2,4,3,1,8,0.000,3921
0362,16,2,4,3,1,16,0.000,5410
0363,16,2,4,3,2,4,0.000,3948
0364,16,2,4,3,2,8,0.000,5307
0365,16,2,4,3,2,16,0.000,7245
0366,16,2,4,3,3,4,0.000,4687
0367,16,2,4,3,3,8,0.000,6607
0368,16,2,4,3,3,16,0.000,9476
0369,16,2,4,3,4,4,0.000,5607
0370,16,2,4,3,4,8,0.000,7946
0372,16,2,4,4,1,4,0.000,2768
0373,16,2,4,4,1,8,0.000,3611
0374,16,2,4,4,1,16,0.000,5428
0375,16,2,4,4,2,4,0.000,3698
0376,16,2,4,4,2,8,0.000,4967
0377,16,2,4,4,2,16,0.000,7276
0378,16,2,4,4,3,4,0.000,4609
0379,16,2,4,4,3,8,0.000,6470
0380,16,2,4,4,3,16,0.000,9446
0381,16,2,4,4,4,4,0.000,5588
0382,16,2,4,4,4,8,0.000,7826
0383,16,2,4,4,4,16,0.000,10612
0384,16,3,1,1,1,4,0.000,1127
0385,16,3,1,1,1,8,0.000,1455
0386,16,3,1,1,1,16,0.000,2550
0387,16,3,1,1,2,4,0.000,1411
0388,16,3,1,1,2,8,0.000,1950
0389,16,3,1,1,2,16,0.000,2741
0390,16,3,1,1,3,4,0.000,1774
0391,16,3,1,1,3,8,0.000,2553
0393,16,3,1,1,4,4,0.000,2095
0394,16,3,1,1,4,8,0.000,2655
0395,16,3,1,1,4,16,0.000,3605
0396,16,3,1,2,1,4,0.000,1118
0397,16,3,1,2,1,8,0.000,1523
0398,16,3,1,2,1,16,0.000,2545
0399,16,3,1,2,2,4,0.000,1427
0400,16,3,1,2,2,8,0.000,1948
0401,16,3,1,2,2,16,0.000,2989
0403,16,3,1,2,3,8,0.000,2558
0404,16,3,1,2,3,16,0.000,4008
0405,16,3,1,2,4,4,0.000,2225
0406,16,3,1,2,4,8,0.000,2752
0407,16,3,1,2,4,16,0.000,3668
0408,16,3,1,3,1,4,0.000,1281
0409,16,3,1,3,1,8,0.000,1866
0410,16,3,1,3,1,16,0.000,2526
0411,16,3,1,3,2,4,0.000,1680
0412,16,3,1,3,2,8,0.000,2229
0413,16,3,1,3,2,16,0.000,2722
0414,16,3,1,3,3,4,0.000,2048
0415,16,3,1,3,3,8,0.000,2933
0416,16,3,1,3,3,16,0.000,3990
0417,16,3,1,3,4,4,0.000,2267
0418,16,3,1,3,4,8,0.000,3043
0419,16,3,1,3,4,16,0.000,3824
0420,16,3,1,4,1,4,0.000,1144
0421,16,3,1,4,1,8,0.000,1578
0422,16,3,1,4,1,16,0.000,2617
0423,16,3,1,4,2,4,0.000,1538
0424,16,3,1,4,2,8,0.000,2058
0425,16,3,1,4,2,16,0.000,2937
0426,16,3,1,4,3,4,0.000,1817
0427,16,3,1,4,3,8,0.000,2618
0428,16,3,1,4,3,16,0.000,4057
0429,16,3,1,4,4,4,0.000,2136
0430,16,3,1,4,4,8,0.000,2830
0431,16,3,1,4,4,16,0.000,3769
0432,16,3,2,1,1,4,0.000,2086
0433,16,3,2,1,1,8,0.000,2716
0434,16,3,2,1,1,16,0.000,4306
0435,16,3,2,1,2,4,0.000,2830
0436,16,3,2,1,2,8,0.000,3790
0437,16,3,2,1,2,16,0.000,5578
0438,16,3,2,1,3,4,0.000,3495
0439,16,3,2,1,3,8,0.000,4803
0440,16,3,2,1,3,16,0.000,7399
0441,16,3,2,1,4,4,0.000,4209
0442,16,3,2,1,4,8,0.000,5872
0443,16,3,2,1,4,16,0.000,8474
0444,16,3,2,2,1,4,0.000,2047
0445,16,3,2,2,1,8,0.000,2856
0446,16,3,2,2,1,16,0.000,4367
0447,16,3,2,2,2,4,0.000,2829
0448,16,3,2,2,2,8,0.000,3825
0449,16,3,2,2,2,16,0.000,5941
0450,16,3,2,2,3,4,0.000,3572
0451,16,3,2,2,3,8,0.000,4892
0452,16,3,2,2,3,16,0.000,7150
0453,16,3,2,2,4,4,0.000,4232
0454,16,3,2,2,4,8,0.000,5879
0455,16,3,2,2,4,16,0.000,8674
0456,16,3,2,3,1,4,0.000,2274
0457,16,3,2,3,1,8,0.000,3182
0458,16,3,2,3,1,16,0.000,4387
0459,16,3,2,3,2,4,0.000,3054
0460,16,3,2,3,2,8,0.000,4245
0461,16,3,2,3,2,16,0.000,5652
0462,16,3,2,3,3,4,0.000,3692
0463,16,3,2,3,3,8,0.000,5265
0464,16,3,2,3,3,16,0.000,7192
0465,16,3,2,3,4,4,0.000,4393
0466,16,3,2,3,4,8,0.000,6554
0467,16,3,2,3,4,16,0.000,8610
0468,16,3,2,4,1,4,0.000,2087
0469,16,3,2,4,1,8,0.000,2868
0470,16,3,2,4,1,16,0.000,4332
0471,16,3,2,4,2,4,0.000,2833
0473,16,3,2,4,2,16,0.000,5755
0474,16,3,2,4,3,4,0.000,3577
0475,16,3,2,4,3,8,0.000,4962
0476,16,3,2,4,3,16,0.000,7289
0477,16,3,2,4,4,4,0.000,4172
0478,16,3,2,4,4,8,0.000,5932
0479,16,3,2,4,4,16,0.000,8047
0480,16,3,3,1,1,4,0.000,3211
0481,16,3,3,1,1,8,0.000,4268
0482,16,3,3,1,1,16,0.000,6373
0483,16,3,3,1,2,4,0.000,4299
0484,16,3,3,1,2,8,0.000,5816
0485,16,3,3,1,2,16,0.000,8810
0486,16,3,3,1,3,4,0.000,5279
0487,16,3,3,1,3,8,0.000,7315
0488,16,3,3,1,3,16,0.000,10878
0489,16,3,3,1,4,4,0.000,6539
0490,16,3,3,1,4,8,0.000,8964
0492,16,3,3,2,1,4,0.000,3108
0493,16,3,3,2,1,8,0.000,4298
0494,16,3,3,2,1,16,0.000,6247
0495,16,3,3,2,2,4,0.000,4366
0496,16,3,3,2,2,8,0.000,5909
0497,16,3,3,2,2,16,0.000,8523
0498,16,3,3,2,3,4,0.000,5250
0499,16,3,3,2,3,8,0.000,7142
0500,16,3,3,2,3,16,0.000,10630
0501,16,3,3,2,4,4,0.000,6546
0502,16,3,3,2,4,8,0.000,9230
0504,16,3,3,3,1,4,0.000,3456
0505,16,3,3,3,1,8,0.000,4677
0507,16,3,3,3,2,4,0.000,4520
0508,16,3,3,3,2,8,0.000,5982
0509,16,3,3,3,2,16,0.000,8626
0510,16,3,3,3,3,4,0.000,5516
0511,16,3,3,3,3,8,0.000,7606
0512,16,3,3,3,3,16,0.000,10629
0513,16,3,3,3,4,4,0.000,6776
0514,16,3,3,3,4,8,0.000,9148
0516,16,3,3,4,1,4,0.000,3240
0517,16,3,3,4,1,8,0.000,4204
0518,16,3,3,4,1,16,0.000,6466
0519,16,3,3,4,2,4,0.000,4392
0520,16,3,3,4,2,8,0.000,6019
0521,16,3,3,4,2,16,0.000,8484
0522,16,3,3,4,3,4,0.000,5334
0523,16,3,3,4,3,8,0.000,7262
0524,16,3,3,4,3,16,0.000,10961
0525,16,3,3,4,4,4,0.000,6699
0526,16,3,3,4,4,8,0.000,9064
0528,16,3,4,1,1,4,0.000,4001
0529,16,3,4,1,1,8,0.000,5342
0530,16,3,4,1,1,16,0.000,7368
0531,16,3,4,1,2,4,0.000,5418
0532,16,3,4,1,2,8,0.000,7303
0533,16,3,4,1,2,16,0.000,10551
0534,16,3,4,1,3,4,0.000,6877
0535,16,3,4,1,3,8,0.000,9543
0537,16,3,4,1,4,4,0.000,8131
0538,16,3,4,1,4,8,0.000,11520
0540,16,3,4,2,1,4,0.000,4024
0541,16,3,4,2,1,8,0.000,5276
0542,16,3,4,2,1,16,0.000,7684
0543,16,3,4,2,2,4,0.000,5498
0544,16,3,4,2,2,8,0.000,7507
0545,16,3,4,2,2,16,0.000,11004
0546,16,3,4,2,3,4,0.000,6796
0547,16,3,4,2,3,8,0.000,9365
0549,16,3,4,2,4,4,0.000,8296
0550,16,3,4,2,4,8,0.000,11147
0552,16,3,4,3,1,4,0.000,4198
0553,16,3,4,3,1,8,0.000,5750
0554,16,3,4,3,1,16,0.000,7807
0556,16,3,4,3,2,8,0.000,7806
0557,16,3,4,3,2,16,0.000,10893
0558,16,3,4,3,3,4,0.000,7110
0561,16,3,4,3,4,4,0.000,8386
0562,16,3,4,3,4,8,0.000,11634
0564,16,3,4,4,1,4,0.000,4003
0565,16,3,4,4,1,8,0.000,5302
0566,16,3,4,4,1,16,0.000,7789
0567,16,3,4,4,2,4,0.000,5496
0568,16,3,4,4,2,8,0.000,7526
0569,16,3,4,4,2,16,0.000,10419
0570,16,3,4,4,3,4,0.000,7165
0571,16,3,4,4,3,8,0.000,9801
0573,16,3,4,4,4,4,0.000,8343
0574,16,3,4,4,4,8,0.000,11474
0576,16,4,1,1,1,4,0.000,992
0577,16,4,1,1,1,8,0.000,1590
0578,16,4,1,1,1,16,0.000,2969
0579,16,4,1,1,2,4,0.000,1452
0580,16,4,1,1,2,8,0.000,2176
0581,16,4,1,1,2,16,0.000,3195
0582,16,4,1,1,3,4,0.000,1926
0583,16,4,1,1,3,8,0.000,2831
0584,16,4,1,1,3,16,0.000,4772
0585,16,4,1,1,4,4,0.000,2289
0586,16,4,1,1,4,8,0.000,3194
0587,16,4,1,1,4,16,0.000,4470
0588,16,4,1,2,1,4,0.000,1024
0589,16,4,1,2,1,8,0.000,1620
0590,16,4,1,2,1,16,0.000,2783
0591,16,4,1,2,2,4,0.000,1642
0592,16,4,1,2,2,8,0.000,2267
0593,16,4,1,2,2,16,0.000,3341
0594,16,4,1,2,3,4,0.000,1972
0595,16,4,1,2,3,8,0.000,2946
0596,16,4,1,2,3,16,0.000,5163
0597,16,4,1,2,4,4,0.000,2361
0598,16,4,1,2,4,8,0.000,3239
0599,16,4,1,2,4,16,0.000,4282
0600,16,4,1,3,1,4,0.000,1184
0601,16,4,1,3,1,8,0.000,2109
0602,16,4,1,3,1,16,0.000,2703
0603,16,4,1,3,2,4,0.000,1774
0604,16,4,1,3,2,8,0.000,2749
0605,16,4,1,3,2,16,0.000,3206
0606,16,4,1,3,3,4,0.000,2208
0607,16,4,1,3,3,8,0.000,3343
0608,16,4,1,3,3,16,0.000,4864
0609,16,4,1,3,4,4,0.000,2512
0610,16,4,1,3,4,8,0.000,3457
0611,16,4,1,3,4,16,0.000,4422
0612,16,4,1,4,1,4,0.000,1055
0613,16,4,1,4,1,8,0.000,1780
0614,16,4,1,4,1,16,0.000,3633
0615,16,4,1,4,2,4,0.000,1537
0616,16,4,1,4,2,8,0.000,2280
0617,16,4,1,4,2,16,0.000,3271
0618,16,4,1,4,3,4,0.000,2062
0619,16,4,1,4,3,8,0.000,3097
0620,16,4,1,4,3,16,0.000,5133
0621,16,4,1,4,4,4,0.000,2446
0622,16,4,1,4,4,8,0.000,3285
0623,16,4,1,4,4,16,0.000,4382
0624,16,4,2,1,1,4,0.000,1723
0625,16,4,2,1,1,8,0.000,2708
0626,16,4,2,1,1,16,0.000,4170
0627,16,4,2,1,2,4,0.000,2420
0628,16,4,2,1,2,8,0.000,3852
0629,16,4,2,1,2,16,0.000,5138
0631,16,4,2,1,3,8,0.000,4932
0632,16,4,2,1,3,16,0.000,7500
0633,16,4,2,1,4,4,0.000,3879
0634,16,4,2,1,4,8,0.000,5392
0635,16,4,2,1,4,16,0.000,6547
0636,16,4,2,2,1,4,0.000,1708
0637,16,4,2,2,1,8,0.000,2498
0638,16,4,2,2,1,16,0.000,4321
0639,16,4,2,2,2,4,0.000,2693
0640,16,4,2,2,2,8,0.000,3867
0641,16,4,2,2,2,16,0.000,5131
0642,16,4,2,2,3,4,0.000,3432
0643,16,4,2,2,3,8,0.000,5019
0644,16,4,2,2,3,16,0.000,7566
0645,16,4,2,2,4,4,0.000,3933
0646,16,4,2,2,4,8,0.000,5337
0647,16,4,2,2,4,16,0.000,6576
0648,16,4,2,3,1,4,0.000,1939
0649,16,4,2,3,1,8,0.000,3226
0650,16,4,2,3,1,16,0.000,4450
0651,16,4,2,3,2,4,0.000,2809
0652,16,4,2,3,2,8,0.000,4425
0653,16,4,2,3,2,16,0.000,5241
0654,16,4,2,3,3,4,0.000,3577
0655,16,4,2,3,3,8,0.000,5448
0656,16,4,2,3,3,16,0.000,7559
0657,16,4,2,3,4,4,0.000,4164
0658,16,4,2,3,4,8,0.000,5721
0659,16,4,2,3,4,16,0.000,6732
0660,16,4,2,4,1,4,0.000,1756
0661,16,4,2,4,1,8,0.000,2605
0662,16,4,2,4,1,16,0.000,4307
0663,16,4,2,4,2,4,0.000,2635
0664,16,4,2,4,2,8,0.000,3902
0665,16,4,2,4,2,16,0.000,5144
0666,16,4,2,4,3,4,0.000,3409
0667,16,4,2,4,3,8,0.000,5170
0668,16,4,2,4,3,16,0.000,7682
0669,16,4,2,4,4,4,0.000,3989
0670,16,4,2,4,4,8,0.000,5539
0671,16,4,2,4,4,16,0.000,6601
0672,16,4,3,1,1,4,0.000,2122
0673,16,4,3,1,1,8,0.000,3229
0674,16,4,3,1,1,16,0.000,5254
0675,16,4,3,1,2,4,0.000,3203
0676,16,4,3,1,2,8,0.000,4651
0677,16,4,3,1,2,16,0.000,6487
0678,16,4,3,1,3,4,0.000,4175
0679,16,4,3,1,3,8,0.000,6202
0680,16,4,3,1,3,16,0.000,10100
0681,16,4,3,1,4,4,0.000,5020
0682,16,4,3,1,4,8,0.000,6762
0683,16,4,3,1,4,16,0.000,8432
0684,16,4,3,2,1,4,0.000,2122
0685,16,4,3,2,1,8,0.000,3040
0686,16,4,3,2,1,16,0.000,5616
0687,16,4,3,2,2,4,0.000,3321
0688,16,4,3,2,2,8,0.000,4958
0689,16,4,3,2,2,16,0.000,6323
0690,16,4,3,2,3,4,0.000,4266
0691,16,4,3,2,3,8,0.000,6572
0692,16,4,3,2,3,16,0.000,10388
0693,16,4,3,2,4,4,0.000,5224
0694,16,4,3,2,4,8,0.000,7098
0695,16,4,3,2,4,16,0.000,8576
0696,16,4,3,3,1,4,0.000,2396
0697,16,4,3,3,1,8,0.000,3732
0698,16,4,3,3,1,16,0.000,5555
0699,16,4,3,3,2,4,0.000,3442
0700,16,4,3,3,2,8,0.000,5238
0701,16,4,3,3,2,16,0.000,6497
0702,16,4,3,3,3,4,0.000,4508
0703,16,4,3,3,3,8,0.000,6777
0704,16,4,3,3,3,16,0.000,9858
0705,16,4,3,3,4,4,0.000,5409
0706,16,4,3,3,4,8,0.000,7354
0708,16,4,3,4,1,4,0.000,2209
0709,16,4,3,4,1,8,0.000,3431
0710,16,4,3,4,1,16,0.000,5358
0711,16,4,3,4,2,4,0.000,3380
0712,16,4,3,4,2,8,0.000,5112
0713,16,4,3,4,2,16,0.000,6380
0714,16,4,3,4,3,4,0.000,4325
0715,16,4,3,4,3,8,0.000,6472
0716,16,4,3,4,3,16,0.000,9784
0717,16,4,3,4,4,4,0.000,5197
0718,16,4,3,4,4,8,0.000,7203
0719,16,4,3,4,4,16,0.000,8480
0720,16,4,4,1,1,4,0.000,2523
0721,16,4,4,1,1,8,0.000,3918
0722,16,4,4,1,1,16,0.000,6170
0723,16,4,4,1,2,4,0.000,3770
0725,16,4,4,1,2,16,0.000,7450
0726,16,4,4,1,3,4,0.000,4947
0727,16,4,4,1,3,8,0.000,7572
0728,16,4,4,1,3,16,0.000,11817
0729,16,4,4,1,4,4,0.000,5921
0730,16,4,4,1,4,8,0.000,7954
0731,16,4,4,1,4,16,0.000,9943
0732,16,4,4,2,1,4,0.000,2576
0734,16,4,4,2,1,16,0.000,6453
0735,16,4,4,2,2,4,0.000,3979
0736,16,4,4,2,2,8,0.000,5939
0737,16,4,4,2,2,16,0.000,7354
0739,16,4,4,2,3,8,0.000,7794
0740,16,4,4,2,3,16,0.000,11895
0741,16,4,4,2,4,4,0.000,5974
0742,16,4,4,2,4,8,0.000,8312
0743,16,4,4,2,4,16,0.000,9887
0744,16,4,4,3,1,4,0.000,2873
0745,16,4,4,3,1,8,0.000,4379
0746,16,4,4,3,1,16,0.000,6328
0747,16,4,4,3,2,4,0.000,4081
0748,16,4,4,3,2,8,0.000,6205
0749,16,4,4,3,2,16,0.000,7422
0750,16,4,4,3,3,4,0.000,5174
0751,16,4,4,3,3,8,0.000,8233
0752,16,4,4,3,3,16,0.000,11453
0753,16,4,4,3,4,4,0.000,6270
0754,16,4,4,3,4,8,0.000,8637
0755,16,4,4,3,4,16,0.000,9928
0756,16,4,4,4,1,4,0.000,2758
0757,16,4,4,4,1,8,0.000,3969
0758,16,4,4,4,1,16,0.000,6245
0759,16,4,4,4,2,4,0.000,3846
0760,16,4,4,4,2,8,0.000,6032
0761,16,4,4,4,2,16,0.000,7427
0762,16,4,4,4,3,4,0.000,5072
0763,16,4,4,4,3,8,0.000,7879
0764,16,4,4,4,3,16,0.000,11935
0765,16,4,4,4,4,4,0.000,6236
0766,16,4,4,4,4,8,0.000,8329
0768,256,1,1,1,1,4,0.007,407
0770,256,1,1,1,1,16,0.009,654
0771,256,1,1,1,1,32,0.010,1052
0772,256,1,1,1,1,64,0.010,1792
0773,256,1,1,1,1,128,0.013,3871
0774,256,1,1,1,2,4,0.006,531
0775,256,1,1,1,2,8,0.010,499
0776,256,1,1,1,2,16,0.008,1022
0777,256,1,1,1,2,32,0.008,1746
0778,256,1,1,1,2,64,0.008,3545
0779,256,1,1,1,2,128,0.010,4944
0780,256,1,1,1,3,4,0.006,678
0781,256,1,1,1,3,8,0.009,644
0782,256,1,1,1,3,16,0.007,1242
0783,256,1,1,1,3,32,0.008,2264
0784,256,1,1,1,3,64,0.008,3947
0785,256,1,1,1,3,128,0.009,7027
0786,256,1,1,1,4,4,0.006,769
0787,256,1,1,1,4,8,0.008,757
0788,256,1,1,1,4,16,0.007,1519
0789,256,1,1,1,4,32,0.007,2853
0790,256,1,1,1,4,64,0.007,4853
0791,256,1,1,1,4,128,0.009,8736
0793,256,1,1,2,1,8,0.012,434
0794,256,1,1,2,1,16,0.009,684
0795,256,1,1,2,1,32,0.010,1166
0796,256,1,1,2,1,64,0.010,1915
0797,256,1,1,2,1,128,0.012,4190
0798,256,1,1,2,2,4,0.006,524
0799,256,1,1,2,2,8,0.010,528
0800,256,1,1,2,2,16,0.008,1032
0801,256,1,1,2,2,32,0.008,1863
0802,256,1,1,2,2,64,0.008,2765
0803,256,1,1,2,2,128,0.009,5324
0804,256,1,1,2,3,4,0.006,639
0805,256,1,1,2,3,8,0.009,684
0806,256,1,1,2,3,16,0.007,1291
0807,256,1,1,2,3,32,0.007,2405
0808,256,1,1,2,3,64,0.008,4122
0809,256,1,1,2,3,128,0.010,7153
0810,256,1,1,2,4,4,0.006,790
0811,256,1,1,2,4,8,0.009,756
0812,256,1,1,2,4,16,0.007,1545
0813,256,1,1,2,4,32,0.007,2808
0814,256,1,1,2,4,64,0.007,4994
0815,256,1,1,2,4,128,0.009,9011
0817,256,1,1,3,1,8,0.012,520
0818,256,1,1,3,1,16,0.009,771
0819,256,1,1,3,1,32,0.011,1245
0820,256,1,1,3,1,64,0.011,2141
0821,256,1,1,3,1,128,0.012,4760
0822,256,1,1,3,2,4,0.006,579
0823,256,1,1,3,2,8,0.010,620
0824,256,1,1,3,2,16,0.008,1142
0825,256,1,1,3,2,32,0.008,1911
0826,256,1,1,3,2,64,0.008,4009
0827,256,1,1,3,2,128,0.011,6429
0828,256,1,1,3,3,4,0.006,707
0829,256,1,1,3,3,8,0.009,757
0830,256,1,1,3,3,16,0.007,1418
0831,256,1,1,3,3,32,0.007,2522
0832,256,1,1,3,3,64,0.008,4326
0833,256,1,1,3,3,128,0.010,8585
0834,256,1,1,3,4,4,0.006,846
0835,256,1,1,3,4,8,0.008,854
0836,256,1,1,3,4,16,0.007,1622
0837,256,1,1,3,4,32,0.007,2988
0838,256,1,1,3,4,64,0.007,5401
0839,256,1,1,3,4,128,0.009,10606
0840,256,1,1,4,1,4,0.007,419
0841,256,1,1,4,1,8,0.012,458
0842,256,1,1,4,1,16,0.009,737
0843,256,1,1,4,1,32,0.010,1177
0844,256,1,1,4,1,64,0.010,1955
0845,256,1,1,4,1,128,0.013,4852
0846,256,1,1,4,2,4,0.006,566
0847,256,1,1,4,2,8,0.009,568
0848,256,1,1,4,2,16,0.008,1051
0849,256,1,1,4,2,32,0.008,2190
0850,256,1,1,4,2,64,0.008,3637
0851,256,1,1,4,2,128,0.010,6388
0852,256,1,1,4,3,4,0.006,650
0854,256,1,1,4,3,16,0.007,1324
0855,256,1,1,4,3,32,0.008,2362
0856,256,1,1,4,3,64,0.008,4054
0857,256,1,1,4,3,128,0.010,8052
0858,256,1,1,4,4,4,0.006,794
0859,256,1,1,4,4,8,0.008,796
0860,256,1,1,4,4,16,0.007,1620
0861,256,1,1,4,4,32,0.007,2853
0863,256,1,1,4,4,128,0.009,9619
0864,256,1,2,1,1,4,0.008,741
0865,256,1,2,1,1,8,0.012,819
0866,256,1,2,1,1,16,0.010,1308
0867,256,1,2,1,1,32,0.011,2388
0868,256,1,2,1,1,64,0.011,3930
0869,256,1,2,1,1,128,0.012,6815
0870,256,1,2,1,2,4,0.007,1058
0871,256,1,2,1,2,8,0.010,1051
0872,256,1,2,1,2,16,0.008,1978
0873,256,1,2,1,2,32,0.008,3382
0875,256,1,2,1,2,128,0.010,10791
0878,256,1,2,1,3,16,0.008,2738
0879,256,1,2,1,3,32,0.008,4554
0882,256,1,2,1,4,4,0.006,1461
0883,256,1,2,1,4,8,0.009,1513
0884,256,1,2,1,4,16,0.007,3165
0885,256,1,2,1,4,32,0.007,5841
0888,256,1,2,2,1,4,0.008,754
0889,256,1,2,2,1,8,0.012,805
0890,256,1,2,2,1,16,0.010,1354
0891,256,1,2,2,1,32,0.010,2326
0892,256,1,2,2,1,64,0.011,4088
0893,256,1,2,2,1,128,0.012,7261
0894,256,1,2,2,2,4,0.007,1049
0895,256,1,2,2,2,8,0.011,1084
0896,256,1,2,2,2,16,0.008,2009
0897,256,1,2,2,2,32,0.008,3469
0899,256,1,2,2,2,128,0.010,11380
0900,256,1,2,2,3,4,0.006,1280
0901,256,1,2,2,3,8,0.009,1272
0902,256,1,2,2,3,16,0.007,2655
0903,256,1,2,2,3,32,0.008,4994
0906,256,1,2,2,4,4,0.006,1485
0907,256,1,2,2,4,8,0.009,1527
0908,256,1,2,2,4,16,0.007,3290
0909,256,1,2,2,4,32,0.007,5891
0912,256,1,2,3,1,4,0.008,795
0913,256,1,2,3,1,8,0.012,873
0914,256,1,2,3,1,16,0.010,1520
0915,256,1,2,3,1,32,0.010,2575
0916,256,1,2,3,1,64,0.011,4246
0917,256,1,2,3,1,128,0.014,8215
0918,256,1,2,3,2,4,0.007,1100
0919,256,1,2,3,2,8,0.010,1165
0920,256,1,2,3,2,16,0.008,2087
0921,256,1,2,3,2,32,0.008,3712
0923,256,1,2,3,2,128,0.011,11985
0924,256,1,2,3,3,4,0.006,1347
0925,256,1,2,3,3,8,0.010,1327
0926,256,1,2,3,3,16,0.007,2951
0927,256,1,2,3,3,32,0.008,4773
0930,256,1,2,3,4,4,0.006,1549
0931,256,1,2,3,4,8,0.009,1583
0932,256,1,2,3,4,16,0.007,3364
0933,256,1,2,3,4,32,0.007,5981
0936,256,1,2,4,1,4,0.008,785
0937,256,1,2,4,1,8,0.012,803
0938,256,1,2,4,1,16,0.010,1397
0939,256,1,2,4,1,32,0.011,2460
0940,256,1,2,4,1,64,0.011,4056
0941,256,1,2,4,1,128,0.014,7861
0942,256,1,2,4,2,4,0.007,1032
0944,256,1,2,4,2,16,0.008,2091
0945,256,1,2,4,2,32,0.008,3440
0947,256,1,2,4,2,128,0.011,11716
0948,256,1,2,4,3,4,0.006,1303
0949,256,1,2,4,3,8,0.010,1320
0951,256,1,2,4,3,32,0.008,5797
0954,256,1,2,4,4,4,0.006,1510
0955,256,1,2,4,4,8,0.009,1552
0956,256,1,2,4,4,16,0.007,3276
0957,256,1,2,4,4,32,0.007,6015
0960,256,1,3,1,1,4,0.008,1164
0961,256,1,3,1,1,8,0.012,1216
0962,256,1,3,1,1,16,0.010,2148
0963,256,1,3,1,1,32,0.011,3332
0964,256,1,3,1,1,64,0.010,6138
0965,256,1,3,1,1,128,0.013,10190
0966,256,1,3,1,2,4,0.007,1554
0967,256,1,3,1,2,8,0.010,1622
0968,256,1,3,1,2,16,0.008,3051
0969,256,1,3,1,2,32,0.009,5510
0972,256,1,3,1,3,4,0.006,1835
0973,256,1,3,1,3,8,0.009,1813
0974,256,1,3,1,3,16,0.008,3902
0975,256,1,3,1,3,32,0.008,7020
0978,256,1,3,1,4,4,0.006,2262
0979,256,1,3,1,4,8,0.009,2176
0980,256,1,3,1,4,16,0.007,4842
0981,256,1,3,1,4,32,0.007,8104
0984,256,1,3,2,1,4,0.008,1142
0985,256,1,3,2,1,8,0.013,1218
0989,256,1,3,2,1,128,0.013,10292
0990,256,1,3,2,2,4,0.007,1549
0991,256,1,3,2,2,8,0.010,1603
0992,256,1,3,2,2,16,0.008,3110
0993,256,1,3,2,2,32,0.008,5430
0996,256,1,3,2,3,4,0.006,1911
0997,256,1,3,2,3,8,0.010,1918
0998,256,1,3,2,3,16,0.008,4137
0999,256,1,3,2,3,32,0.008,7089
1002,256,1,3,2,4,4,0.006,2251
1003,256,1,3,2,4,8,0.009,2169
1004,256,1,3,2,4,16,0.007,5010
1005,256,1,3,2,4,32,0.007,8259
1008,256,1,3,3,1,4,0.008,1195
1010,256,1,3,3,1,16,0.010,2182
1011,256,1,3,3,1,32,0.011,3708
1012,256,1,3,3,1,64,0.011,6487
1013,256,1,3,3,1,128,0.013,11822
1014,256,1,3,3,2,4,0.007,1611
1015,256,1,3,3,2,8,0.010,1649
1016,256,1,3,3,2,16,0.009,3165
1017,256,1,3,3,2,32,0.009,5601
1020,256,1,3,3,3,4,0.006,1899
1021,256,1,3,3,3,8,0.010,1934
1022,256,1,3,3,3,16,0.008,4177
1023,256,1,3,3,3,32,0.008,7253
1027,256,1,3,3,4,8,0.009,2279
1028,256,1,3,3,4,16,0.007,4955
1029,256,1,3,3,4,32,0.007,8314
1032,256,1,3,4,1,4,0.008,1173
1033,256,1,3,4,1,8,0.013,1206
1034,256,1,3,4,1,16,0.010,2314
1035,256,1,3,4,1,32,0.011,3648
1036,256,1,3,4,1,64,0.011,6154
1037,256,1,3,4,1,128,0.013,11420
1038,256,1,3,4,2,4,0.007,1648
1039,256,1,3,4,2,8,0.010,1624
1040,256,1,3,4,2,16,0.008,3060
1041,256,1,3,4,2,32,0.009,5253
1044,256,1,3,4,3,4,0.007,1956
1045,256,1,3,4,3,8,0.009,1893
1046,256,1,3,4,3,16,0.008,3977
1047,256,1,3,4,3,32,0.008,7172
1050,256,1,3,4,4,4,0.006,2241
1051,256,1,3,4,4,8,0.009,2239
1052,256,1,3,4,4,16,0.007,4902
1053,256,1,3,4,4,32,0.007,8478
1057,256,1,4,1,1,8,0.012,1496
1058,256,1,4,1,1,16,0.011,2997
1059,256,1,4,1,1,32,0.010,4741
1062,256,1,4,1,2,4,0.007,1938
1063,256,1,4,1,2,8,0.010,1871
1064,256,1,4,1,2,16,0.008,4031
1065,256,1,4,1,2,32,0.008,6754
1068,256,1,4,1,3,4,0.006,2326
1069,256,1,4,1,3,8,0.010,2416
1070,256,1,4,1,3,16,0.008,5175
1071,256,1,4,1,3,32,0.008,8909
1074,256,1,4,1,4,4,0.006,2901
1075,256,1,4,1,4,8,0.009,2856
1076,256,1,4,1,4,16,0.007,6416
1080,256,1,4,2,1,4,0.008,1396
1082,256,1,4,2,1,16,0.010,2876
1083,256,1,4,2,1,32,0.011,4798
1086,256,1,4,2,2,4,0.007,1920
1087,256,1,4,2,2,8,0.010,1997
1088,256,1,4,2,2,16,0.008,4027
1089,256,1,4,2,2,32,0.008,7235
1092,256,1,4,2,3,4,0.006,2431
1093,256,1,4,2,3,8,0.009,2401
1094,256,1,4,2,3,16,0.008,5321
1099,256,1,4,2,4,8,0.009,2770
1100,256,1,4,2,4,16,0.007,6486
1105,256,1,4,3,1,8,0.012,1578
1106,256,1,4,3,1,16,0.010,2894
1107,256,1,4,3,1,32,0.011,4886
1110,256,1,4,3,2,4,0.007,2041
1111,256,1,4,3,2,8,0.010,1976
1112,256,1,4,3,2,16,0.008,4397
1113,256,1,4,3,2,32,0.009,7125
1116,256,1,4,3,3,4,0.007,2397
1117,256,1,4,3,3,8,0.010,2427
1118,256,1,4,3,3,16,0.008,5311
1122,256,1,4,3,4,4,0.006,2929
1123,256,1,4,3,4,8,0.009,2981
1124,256,1,4,3,4,16,0.007,6386
1128,256,1,4,4,1,4,0.008,1390
1129,256,1,4,4,1,8,0.013,1508
1130,256,1,4,4,1,16,0.011,2866
1131,256,1,4,4,1,32,0.011,4827
1134,256,1,4,4,2,4,0.007,1877
1135,256,1,4,4,2,8,0.010,1900
1136,256,1,4,4,2,16,0.008,4053
1137,256,1,4,4,2,32,0.008,7108
1140,256,1,4,4,3,4,0.006,2446
1141,256,1,4,4,3,8,0.010,2438
1142,256,1,4,4,3,16,0.008,5210
1143,256,1,4,4,3,32,0.008,8870
1146,256,1,4,4,4,4,0.006,2873
1147,256,1,4,4,4,8,0.009,2840
1148,256,1,4,4,4,16,0.007,6583
1152,256,2,1,1,1,4,0.014,806
1153,256,2,1,1,1,8,0.024,852
1154,256,2,1,1,1,16,0.019,1409
1155,256,2,1,1,1,32,0.019,2570
1156,256,2,1,1,1,64,0.019,4188
1157,256,2,1,1,1,128,0.024,7142
1158,256,2,1,1,2,4,0.012,1026
1159,256,2,1,1,2,8,0.021,1058
1160,256,2,1,1,2,16,0.016,2085
1161,256,2,1,1,2,32,0.016,3732
1163,256,2,1,1,2,128,0.011,10907
1164,256,2,1,1,3,4,0.012,1252
1165,256,2,1,1,3,8,0.020,1288
1166,256,2,1,1,3,16,0.014,2601
1167,256,2,1,1,3,32,0.015,4992
1170,256,2,1,1,4,4,0.011,1497
1171,256,2,1,1,4,8,0.020,1511
1172,256,2,1,1,4,16,0.014,3463
1173,256,2,1,1,4,32,0.014,5574
1176,256,2,1,2,1,4,0.014,804
1177,256,2,1,2,1,8,0.023,887
1178,256,2,1,2,1,16,0.020,1429
1180,256,2,1,2,1,64,0.019,4323
1181,256,2,1,2,1,128,0.024,7298
1182,256,2,1,2,2,4,0.012,1028
1183,256,2,1,2,2,8,0.021,1098
1184,256,2,1,2,2,16,0.016,2054
1185,256,2,1,2,2,32,0.016,3665
1186,256,2,1,2,2,64,0.016,5501
1187,256,2,1,2,2,128,0.020,11005
1188,256,2,1,2,3,4,0.011,1343
1189,256,2,1,2,3,8,0.019,1376
1190,256,2,1,2,3,16,0.014,2649
1191,256,2,1,2,3,32,0.014,4951
1194,256,2,1,2,4,4,0.011,1473
1195,256,2,1,2,4,8,0.019,1560
1196,256,2,1,2,4,16,0.014,3337
1197,256,2,1,2,4,32,0.008,5506
1200,256,2,1,3,1,4,0.014,903
1201,256,2,1,3,1,8,0.024,1058
1202,256,2,1,3,1,16,0.018,1648
1203,256,2,1,3,1,32,0.019,2745
1204,256,2,1,3,1,64,0.019,4724
1205,256,2,1,3,1,128,0.024,9429
1206,256,2,1,3,2,4,0.012,1193
1207,256,2,1,3,2,8,0.021,1269
1208,256,2,1,3,2,16,0.016,2316
1209,256,2,1,3,2,32,0.016,4058
1212,256,2,1,3,3,4,0.011,1466
1213,256,2,1,3,3,8,0.020,1524
1214,256,2,1,3,3,16,0.015,2840
1215,256,2,1,3,3,32,0.014,5005
1218,256,2,1,3,4,4,0.011,1633
1219,256,2,1,3,4,8,0.020,1711
1220,256,2,1,3,4,16,0.014,3452
1221,256,2,1,3,4,32,0.014,6262
1224,256,2,1,4,1,4,0.014,862
1225,256,2,1,4,1,8,0.024,947
1226,256,2,1,4,1,16,0.020,1428
1227,256,2,1,4,1,32,0.019,2334
1228,256,2,1,4,1,64,0.019,4447
1229,256,2,1,4,1,128,0.024,8301
1230,256,2,1,4,2,4,0.012,1087
1232,256,2,1,4,2,16,0.016,1908
1233,256,2,1,4,2,32,0.015,3651
1235,256,2,1,4,2,128,0.021,12221
1236,256,2,1,4,3,4,0.011,1439
1237,256,2,1,4,3,8,0.019,1394
1238,256,2,1,4,3,16,0.016,2655
1239,256,2,1,4,3,32,0.015,5072
1243,256,2,1,4,4,8,0.019,1593
1244,256,2,1,4,4,16,0.014,3213
1245,256,2,1,4,4,32,0.008,5698
1248,256,2,2,1,1,4,0.015,1432
1250,256,2,2,1,1,16,0.019,2899
1251,256,2,2,1,1,32,0.019,4880
1254,256,2,2,1,2,4,0.012,2078
1255,256,2,2,1,2,8,0.020,2081
1256,256,2,2,1,2,16,0.015,4045
1257,256,2,2,1,2,32,0.015,7107
1260,256,2,2,1,3,4,0.012,2450
1261,256,2,2,1,3,8,0.019,2411
1262,256,2,2,1,3,16,0.014,5175
1263,256,2,2,1,3,32,0.014,9055
1266,256,2,2,1,4,4,0.011,3087
1267,256,2,2,1,4,8,0.018,3011
1268,256,2,2,1,4,16,0.013,6619
1272,256,2,2,2,1,4,0.015,1500
1273,256,2,2,2,1,8,0.024,1608
1274,256,2,2,2,1,16,0.020,2828
1275,256,2,2,2,1,32,0.019,4753
1278,256,2,2,2,2,4,0.012,2023
1279,256,2,2,2,2,8,0.020,1997
1280,256,2,2,2,2,16,0.015,3965
1281,256,2,2,2,2,32,0.015,7203
1284,256,2,2,2,3,4,0.011,2500
1285,256,2,2,2,3,8,0.019,2529
1286,256,2,2,2,3,16,0.008,5213
1287,256,2,2,2,3,32,0.014,9264
1290,256,2,2,2,4,4,0.011,3025
1291,256,2,2,2,4,8,0.017,3094
1292,256,2,2,2,4,16,0.008,6325
1296,256,2,2,3,1,4,0.015,1601
1297,256,2,2,3,1,8,0.024,1760
1298,256,2,2,3,1,16,0.019,3237
1299,256,2,2,3,1,32,0.020,5307
1303,256,2,2,3,2,8,0.020,2275
1304,256,2,2,3,2,16,0.015,4302
1305,256,2,2,3,2,32,0.015,7331
1308,256,2,2,3,3,4,0.012,2642
1309,256,2,2,3,3,8,0.019,2653
1310,256,2,2,3,3,16,0.014,5481
1311,256,2,2,3,3,32,0.014,9349
1314,256,2,2,3,4,4,0.011,3156
1315,256,2,2,3,4,8,0.018,3183
1316,256,2,2,3,4,16,0.013,6662
1321,256,2,2,4,1,8,0.024,1621
1322,256,2,2,4,1,16,0.019,2825
1323,256,2,2,4,1,32,0.019,4829
1326,256,2,2,4,2,4,0.013,2057
1327,256,2,2,4,2,8,0.020,2149
1328,256,2,2,4,2,16,0.015,3999
1329,256,2,2,4,2,32,0.009,7375
1332,256,2,2,4,3,4,0.011,2470
1333,256,2,2,4,3,8,0.019,2459
1334,256,2,2,4,3,16,0.008,5398
1335,256,2,2,4,3,32,0.014,9100
1338,256,2,2,4,4,4,0.011,3031
1339,256,2,2,4,4,8,0.018,3109
1340,256,2,2,4,4,16,0.014,6309
1345,256,2,3,1,1,8,0.024,2305
1346,256,2,3,1,1,16,0.010,4246
1347,256,2,3,1,1,32,0.011,7211
1350,256,2,3,1,2,4,0.012,3088
1351,256,2,3,1,2,8,0.020,3224
1352,256,2,3,1,2,16,0.015,6193
1356,256,2,3,1,3,4,0.012,3742
1357,256,2,3,1,3,8,0.019,3866
1358,256,2,3,1,3,16,0.008,7990
1362,256,2,3,1,4,4,0.006,4470
1363,256,2,3,1,4,8,0.019,4544
1364,256,2,3,1,4,16,0.008,9364
1368,256,2,3,2,1,4,0.015,2277
1369,256,2,3,2,1,8,0.024,2484
1370,256,2,3,2,1,16,0.011,4335
1371,256,2,3,2,1,32,0.011,7009
1374,256,2,3,2,2,4,0.012,2957
1375,256,2,3,2,2,8,0.019,3268
1376,256,2,3,2,2,16,0.015,6078
1377,256,2,3,2,2,32,0.009,10405
1380,256,2,3,2,3,4,0.012,3744
1381,256,2,3,2,3,8,0.018,3900
1382,256,2,3,2,3,16,0.014,7857
1386,256,2,3,2,4,4,0.011,4481
1387,256,2,3,2,4,8,0.018,4585
1388,256,2,3,2,4,16,0.008,9275
1392,256,2,3,3,1,4,0.015,2376
1393,256,2,3,3,1,8,0.023,2542
1394,256,2,3,3,1,16,0.020,4509
1395,256,2,3,3,1,32,0.019,7452
1398,256,2,3,3,2,4,0.013,3222
1399,256,2,3,3,2,8,0.021,3415
1400,256,2,3,3,2,16,0.015,6298
1401,256,2,3,3,2,32,0.015,10487
1404,256,2,3,3,3,4,0.011,3769
1405,256,2,3,3,3,8,0.019,4081
1406,256,2,3,3,3,16,0.008,7866
1410,256,2,3,3,4,4,0.011,4697
1411,256,2,3,3,4,8,0.019,4756
1412,256,2,3,3,4,16,0.008,9701
1416,256,2,3,4,1,4,0.014,2358
1417,256,2,3,4,1,8,0.024,2377
1418,256,2,3,4,1,16,0.019,4224
1419,256,2,3,4,1,32,0.011,7263
1422,256,2,3,4,2,4,0.012,3091
1423,256,2,3,4,2,8,0.019,3236
1424,256,2,3,4,2,16,0.015,5877
1428,256,2,3,4,3,4,0.011,3718
1429,256,2,3,4,3,8,0.018,3899
1430,256,2,3,4,3,16,0.014,7865
1434,256,2,3,4,4,4,0.006,4480
1435,256,2,3,4,4,8,0.018,4603
1436,256,2,3,4,4,16,0.008,9513
1440,256,2,4,1,1,4,0.014,2883
1442,256,2,4,1,1,16,0.019,5556
1443,256,2,4,1,1,32,0.019,9289
1446,256,2,4,1,2,4,0.012,3951
1447,256,2,4,1,2,8,0.020,3896
1448,256,2,4,1,2,16,0.009,7578
1452,256,2,4,1,3,4,0.011,4800
1453,256,2,4,1,3,8,0.018,4868
1454,256,2,4,1,3,16,0.008,9837
1458,256,2,4,1,4,4,0.006,5731
1459,256,2,4,1,4,8,0.018,5777
1460,256,2,4,1,4,16,0.013,12094
1464,256,2,4,2,1,4,0.014,2851
1465,256,2,4,2,1,8,0.023,2985
1466,256,2,4,2,1,16,0.011,5639
1467,256,2,4,2,1,32,0.011,9617
1470,256,2,4,2,2,4,0.012,3954
1471,256,2,4,2,2,8,0.019,4056
1472,256,2,4,2,2,16,0.015,7857
1476,256,2,4,2,3,4,0.012,4766
1477,256,2,4,2,3,8,0.018,4877
1478,256,2,4,2,3,16,0.008,9924
1482,256,2,4,2,4,4,0.006,5765
1483,256,2,4,2,4,8,0.010,5822
1484,256,2,4,2,4,16,0.008,12183
1488,256,2,4,3,1,4,0.014,2942
1489,256,2,4,3,1,8,0.024,3133
1490,256,2,4,3,1,16,0.019,5947
1491,256,2,4,3,1,32,0.019,9619
1495,256,2,4,3,2,8,0.020,4235
1496,256,2,4,3,2,16,0.014,7985
1500,256,2,4,3,3,4,0.012,4994
1501,256,2,4,3,3,8,0.018,5068
1502,256,2,4,3,3,16,0.014,10009
1506,256,2,4,3,4,4,0.011,5867
1507,256,2,4,3,4,8,0.018,5828
1508,256,2,4,3,4,16,0.013,12279
1512,256,2,4,4,1,4,0.015,2894
1513,256,2,4,4,1,8,0.024,3046
1514,256,2,4,4,1,16,0.019,5670
1515,256,2,4,4,1,32,0.019,9698
1519,256,2,4,4,2,8,0.020,4090
1520,256,2,4,4,2,16,0.015,7909
1525,256,2,4,4,3,8,0.019,4906
1526,256,2,4,4,3,16,0.008,9874
1530,256,2,4,4,4,4,0.006,5820
1531,256,2,4,4,4,8,0.018,5830
1532,256,2,4,4,4,16,0.007,12199
1536,256,3,1,1,1,4,0.010,1245
1538,256,3,1,1,1,16,0.014,2212
1539,256,3,1,1,1,32,0.014,3530
1540,256,3,1,1,1,64,0.014,5987
1541,256,3,1,1,1,128,0.018,10598
1542,256,3,1,1,2,4,0.009,1541
1543,256,3,1,1,2,8,0.016,1594
1544,256,3,1,1,2,16,0.012,3258
1545,256,3,1,1,2,32,0.012,5473
1548,256,3,1,1,3,4,0.008,1844
1549,256,3,1,1,3,8,0.015,1965
1550,256,3,1,1,3,16,0.011,4023
1551,256,3,1,1,3,32,0.011,7148
1554,256,3,1,1,4,4,0.008,2211
1555,256,3,1,1,4,8,0.014,2172
1556,256,3,1,1,4,16,0.011,4873
1557,256,3,1,1,4,32,0.011,8176
1560,256,3,1,2,1,4,0.010,1159
1562,256,3,1,2,1,16,0.014,2075
1563,256,3,1,2,1,32,0.014,3921
1564,256,3,1,2,1,64,0.013,7009
1565,256,3,1,2,1,128,0.018,11012
1566,256,3,1,2,2,4,0.009,1515
1567,256,3,1,2,2,8,0.016,1663
1568,256,3,1,2,2,16,0.012,3099
1569,256,3,1,2,2,32,0.011,5551
1572,256,3,1,2,3,4,0.008,1938
1574,256,3,1,2,3,16,0.011,3979
1575,256,3,1,2,3,32,0.011,6958
1578,256,3,1,2,4,4,0.008,2320
1579,256,3,1,2,4,8,0.014,2225
1580,256,3,1,2,4,16,0.011,5111
1581,256,3,1,2,4,32,0.010,8679
1585,256,3,1,3,1,8,0.017,1537
1586,256,3,1,3,1,16,0.014,2696
1587,256,3,1,3,1,32,0.014,4867
1588,256,3,1,3,1,64,0.012,7226
1591,256,3,1,3,2,8,0.015,1872
1592,256,3,1,3,2,16,0.012,3541
1593,256,3,1,3,2,32,0.010,5925
1596,256,3,1,3,3,4,0.009,2148
1597,256,3,1,3,3,8,0.014,2225
1598,256,3,1,3,3,16,0.011,4372
1599,256,3,1,3,3,32,0.010,7512
1602,256,3,1,3,4,4,0.008,2398
1603,256,3,1,3,4,8,0.015,2431
1604,256,3,1,3,4,16,0.011,5095
1605,256,3,1,3,4,32,0.010,8930
1608,256,3,1,4,1,4,0.011,1235
1610,256,3,1,4,1,16,0.014,2169
1611,256,3,1,4,1,32,0.013,3775
1612,256,3,1,4,1,64,0.015,7307
1614,256,3,1,4,2,4,0.009,1599
1615,256,3,1,4,2,8,0.015,1663
1616,256,3,1,4,2,16,0.011,3220
1617,256,3,1,4,2,32,0.012,5948
1620,256,3,1,4,3,4,0.009,1955
1621,256,3,1,4,3,8,0.014,2019
1622,256,3,1,4,3,16,0.012,4023
1623,256,3,1,4,3,32,0.011,7265
1626,256,3,1,4,4,4,0.009,2302
1627,256,3,1,4,4,8,0.015,2249
1628,256,3,1,4,4,16,0.010,5367
1629,256,3,1,4,4,32,0.011,9186
1632,256,3,2,1,1,4,0.011,2118
1633,256,3,2,1,1,8,0.018,2176
1634,256,3,2,1,1,16,0.014,4211
1635,256,3,2,1,1,32,0.012,7106
1638,256,3,2,1,2,4,0.009,3000
1639,256,3,2,1,2,8,0.016,3043
1640,256,3,2,1,2,16,0.010,5909
1644,256,3,2,1,3,4,0.008,3659
1645,256,3,2,1,3,8,0.014,3752
1646,256,3,2,1,3,16,0.010,7577
1650,256,3,2,1,4,4,0.008,4495
1651,256,3,2,1,4,8,0.013,4477
1652,256,3,2,1,4,16,0.010,9538
1656,256,3,2,2,1,4,0.011,2159
1657,256,3,2,2,1,8,0.017,2386
1658,256,3,2,2,1,16,0.014,3948
1659,256,3,2,2,1,32,0.014,6810
1662,256,3,2,2,2,4,0.009,3045
1663,256,3,2,2,2,8,0.015,3205
1664,256,3,2,2,2,16,0.011,6309
1665,256,3,2,2,2,32,0.010,10182
1668,256,3,2,2,3,4,0.008,3744
1669,256,3,2,2,3,8,0.014,3873
1670,256,3,2,2,3,16,0.011,7493
1674,256,3,2,2,4,4,0.008,4370
1675,256,3,2,2,4,8,0.013,4529
1676,256,3,2,2,4,16,0.009,9194
1681,256,3,2,3,1,8,0.018,2609
1682,256,3,2,3,1,16,0.014,4811
1683,256,3,2,3,1,32,0.012,7687
1686,256,3,2,3,2,4,0.009,3297
1687,256,3,2,3,2,8,0.015,3404
1688,256,3,2,3,2,16,0.010,6420
1692,256,3,2,3,3,4,0.008,3867
1693,256,3,2,3,3,8,0.014,4040
1694,256,3,2,3,3,16,0.009,7993
1698,256,3,2,3,4,4,0.008,4550
1699,256,3,2,3,4,8,0.014,4758
1700,256,3,2,3,4,16,0.010,9742
1704,256,3,2,4,1,4,0.011,2195
1706,256,3,2,4,1,16,0.011,3973
1710,256,3,2,4,2,4,0.009,2988
1711,256,3,2,4,2,8,0.015,3203
1712,256,3,2,4,2,16,0.011,6209
1716,256,3,2,4,3,4,0.009,3775
1717,256,3,2,4,3,8,0.014,3935
1718,256,3,2,4,3,16,0.009,7710
1722,256,3,2,4,4,4,0.008,4470
1723,256,3,2,4,4,8,0.014,4557
1724,256,3,2,4,4,16,0.010,9247
1728,256,3,3,1,1,4,0.011,3292
1729,256,3,3,1,1,8,0.017,3607
1730,256,3,3,1,1,16,0.015,6375
1734,256,3,3,1,2,4,0.008,4492
1735,256,3,3,1,2,8,0.015,4793
1736,256,3,3,1,2,16,0.010,8985
1740,256,3,3,1,3,4,0.008,5610
1741,256,3,3,1,3,8,0.012,5715
1742,256,3,3,1,3,16,0.010,11208
1746,256,3,3,1,4,4,0.007,6958
1747,256,3,3,1,4,8,0.013,6868
1752,256,3,3,2,1,4,0.009,3241
1753,256,3,3,2,1,8,0.017,3710
1754,256,3,3,2,1,16,0.012,6095
1755,256,3,3,2,1,32,0.012,10666
1758,256,3,3,2,2,4,0.008,4613
1759,256,3,3,2,2,8,0.016,4828
1760,256,3,3,2,2,16,0.012,9292
1764,256,3,3,2,3,4,0.007,5559
1765,256,3,3,2,3,8,0.014,5710
1766,256,3,3,2,3,16,0.010,11151
1770,256,3,3,2,4,4,0.007,6862
1771,256,3,3,2,4,8,0.013,6929
1776,256,3,3,3,1,4,0.011,3607
1777,256,3,3,3,1,8,0.017,3893
1778,256,3,3,3,1,16,0.012,6679
1782,256,3,3,3,2,4,0.008,4736
1783,256,3,3,3,2,8,0.015,5051
1784,256,3,3,3,2,16,0.011,9191
1788,256,3,3,3,3,4,0.008,5738
1789,256,3,3,3,3,8,0.012,5893
1790,256,3,3,3,3,16,0.009,11768
1794,256,3,3,3,4,4,0.008,7142
1795,256,3,3,3,4,8,0.011,7059
1800,256,3,3,4,1,4,0.011,3446
1801,256,3,3,4,1,8,0.015,3732
1802,256,3,3,4,1,16,0.012,6521
1803,256,3,3,4,1,32,0.012,10861
1806,256,3,3,4,2,4,0.008,4543
1807,256,3,3,4,2,8,0.015,4855
1808,256,3,3,4,2,16,0.011,9086
1812,256,3,3,4,3,4,0.008,5722
1813,256,3,3,4,3,8,0.012,5723
1814,256,3,3,4,3,16,0.009,11169
1818,256,3,3,4,4,4,0.007,7007
1819,256,3,3,4,4,8,0.013,6914
1824,256,3,4,1,1,4,0.010,4199
1825,256,3,4,1,1,8,0.017,4338
1826,256,3,4,1,1,16,0.012,8018
1830,256,3,4,1,2,4,0.009,5965
1831,256,3,4,1,2,8,0.015,5801
1832,256,3,4,1,2,16,0.010,11272
1836,256,3,4,1,3,4,0.007,7110
1837,256,3,4,1,3,8,0.014,7401
1842,256,3,4,1,4,4,0.008,8763
1843,256,3,4,1,4,8,0.013,8525
1848,256,3,4,2,1,4,0.010,4133
1850,256,3,4,2,1,16,0.012,7753
1854,256,3,4,2,2,4,0.008,5800
1855,256,3,4,2,2,8,0.014,6022
1856,256,3,4,2,2,16,0.011,11553
1860,256,3,4,2,3,4,0.009,7289
1861,256,3,4,2,3,8,0.014,7346
1866,256,3,4,2,4,4,0.008,8786
1867,256,3,4,2,4,8,0.013,8562
1872,256,3,4,3,1,4,0.009,4280
1873,256,3,4,3,1,8,0.019,4718
1874,256,3,4,3,1,16,0.012,8402
1878,256,3,4,3,2,4,0.009,6385
1879,256,3,4,3,2,8,0.015,6355
1880,256,3,4,3,2,16,0.010,11999
1884,256,3,4,3,3,4,0.008,7627
1890,256,3,4,3,4,4,0.007,8913
1891,256,3,4,3,4,8,0.011,8970
1896,256,3,4,4,1,4,0.011,4151
1897,256,3,4,4,1,8,0.018,4425
1898,256,3,4,4,1,16,0.012,7873
1902,256,3,4,4,2,4,0.009,6287
1903,256,3,4,4,2,8,0.015,6024
1904,256,3,4,4,2,16,0.010,11485
1908,256,3,4,4,3,4,0.008,7537
1909,256,3,4,4,3,8,0.014,7450
1914,256,3,4,4,4,4,0.007,9085
1915,256,3,4,4,4,8,0.014,8567
1920,256,4,1,1,1,4,0.008,1488
1921,256,4,1,1,1,8,0.013,1617
1922,256,4,1,1,1,16,0.010,2916
1923,256,4,1,1,1,32,0.010,4949
1926,256,4,1,1,2,4,0.007,2010
1927,256,4,1,1,2,8,0.010,2049
1928,256,4,1,1,2,16,0.009,4310
1929,256,4,1,1,2,32,0.009,7269
1932,256,4,1,1,3,4,0.006,2526
1933,256,4,1,1,3,8,0.010,2546
1934,256,4,1,1,3,16,0.009,5313
1935,256,4,1,1,3,32,0.009,8893
1938,256,4,1,1,4,4,0.006,3017
1939,256,4,1,1,4,8,0.011,2783
1940,256,4,1,1,4,16,0.009,6181
1944,256,4,1,2,1,4,0.008,1478
1945,256,4,1,2,1,8,0.013,1713
1946,256,4,1,2,1,16,0.010,2870
1947,256,4,1,2,1,32,0.011,4784
1950,256,4,1,2,2,4,0.007,2057
1951,256,4,1,2,2,8,0.011,2176
1952,256,4,1,2,2,16,0.009,4195
1953,256,4,1,2,2,32,0.009,7465
1956,256,4,1,2,3,4,0.007,2587
1957,256,4,1,2,3,8,0.011,2614
1958,256,4,1,2,3,16,0.009,5477
1959,256,4,1,2,3,32,0.009,9690
1962,256,4,1,2,4,4,0.006,3017
1963,256,4,1,2,4,8,0.011,2875
1964,256,4,1,2,4,16,0.009,6466
1968,256,4,1,3,1,4,0.008,1774
1969,256,4,1,3,1,8,0.013,2012
1970,256,4,1,3,1,16,0.011,3518
1971,256,4,1,3,1,32,0.010,6067
1974,256,4,1,3,2,4,0.007,2225
1975,256,4,1,3,2,8,0.011,2407
1976,256,4,1,3,2,16,0.009,4673
1977,256,4,1,3,2,32,0.009,7789
1980,256,4,1,3,3,4,0.006,2823
1981,256,4,1,3,3,8,0.011,2987
1982,256,4,1,3,3,16,0.009,5705
1983,256,4,1,3,3,32,0.009,10233
1986,256,4,1,3,4,4,0.006,3223
1987,256,4,1,3,4,8,0.010,3321
1988,256,4,1,3,4,16,0.009,7215
1992,256,4,1,4,1,4,0.008,1623
1993,256,4,1,4,1,8,0.012,1807
1994,256,4,1,4,1,16,0.010,2868
1995,256,4,1,4,1,32,0.011,4784
1998,256,4,1,4,2,4,0.007,2117
1999,256,4,1,4,2,8,0.011,2168
2000,256,4,1,4,2,16,0.009,4285
2001,256,4,1,4,2,32,0.009,7477
2005,256,4,1,4,3,8,0.011,2642
2006,256,4,1,4,3,16,0.009,6035
2007,256,4,1,4,3,32,0.009,9522
2011,256,4,1,4,4,8,0.011,2950
2012,256,4,1,4,4,16,0.008,6524
2016,256,4,2,1,1,4,0.008,2806
2017,256,4,2,1,1,8,0.013,3071
2018,256,4,2,1,1,16,0.010,5559
2019,256,4,2,1,1,32,0.011,9524
2022,256,4,2,1,2,4,0.007,3855
2023,256,4,2,1,2,8,0.011,4032
2024,256,4,2,1,2,16,0.009,7941
2028,256,4,2,1,3,4,0.006,4797
2029,256,4,2,1,3,8,0.011,4931
2030,256,4,2,1,3,16,0.008,9872
2034,256,4,2,1,4,4,0.006,5824
2035,256,4,2,1,4,8,0.010,5882
2036,256,4,2,1,4,16,0.008,12278
2040,256,4,2,2,1,4,0.008,2762
2041,256,4,2,2,1,8,0.013,3207
2042,256,4,2,2,1,16,0.010,5297
2043,256,4,2,2,1,32,0.011,8956
2046,256,4,2,2,2,4,0.007,3956
2047,256,4,2,2,2,8,0.011,4187
2048,256,4,2,2,2,16,0.009,8235
2052,256,4,2,2,3,4,0.007,4946
2053,256,4,2,2,3,8,0.011,5131
2054,256,4,2,2,3,16,0.008,10296
2058,256,4,2,2,4,4,0.006,5804
2059,256,4,2,2,4,8,0.011,5865
2060,256,4,2,2,4,16,0.008,12318
2064,256,4,2,3,1,4,0.008,2991
2065,256,4,2,3,1,8,0.013,3448
2066,256,4,2,3,1,16,0.011,6108
2067,256,4,2,3,1,32,0.011,10403
2070,256,4,2,3,2,4,0.007,4211
2071,256,4,2,3,2,8,0.011,4479
2072,256,4,2,3,2,16,0.009,8261
2076,256,4,2,3,3,4,0.007,5021
2077,256,4,2,3,3,8,0.011,5288
2078,256,4,2,3,3,16,0.008,10523
2082,256,4,2,3,4,4,0.006,6027
2083,256,4,2,3,4,8,0.011,6162
2084,256,4,2,3,4,16,0.008,12816
2088,256,4,2,4,1,4,0.008,2838
2089,256,4,2,4,1,8,0.014,3167
2090,256,4,2,4,1,16,0.010,5202
2091,256,4,2,4,1,32,0.010,8864
2094,256,4,2,4,2,4,0.007,4078
2095,256,4,2,4,2,8,0.011,4312
2096,256,4,2,4,2,16,0.009,8600
2100,256,4,2,4,3,4,0.007,4913
2101,256,4,2,4,3,8,0.011,5061
2102,256,4,2,4,3,16,0.008,10143
2106,256,4,2,4,4,4,0.006,5960
2107,256,4,2,4,4,8,0.010,5936
2112,256,4,3,1,1,4,0.008,4384
2113,256,4,3,1,1,8,0.013,4711
2114,256,4,3,1,1,16,0.011,8559
2118,256,4,3,1,2,4,0.007,6463
2119,256,4,3,1,2,8,0.012,6254
2120,256,4,3,1,2,16,0.009,11861
2124,256,4,3,1,3,4,0.007,7549
2125,256,4,3,1,3,8,0.011,7444
2130,256,4,3,1,4,4,0.006,9050
2131,256,4,3,1,4,8,0.010,8742
2136,256,4,3,2,1,4,0.008,4434
2137,256,4,3,2,1,8,0.013,4843
2138,256,4,3,2,1,16,0.011,8018
2142,256,4,3,2,2,4,0.007,6434
2143,256,4,3,2,2,8,0.011,6167
2144,256,4,3,2,2,16,0.009,11872
2148,256,4,3,2,3,4,0.007,7680
2149,256,4,3,2,3,8,0.011,7732
2154,256,4,3,2,4,4,0.007,9128
2155,256,4,3,2,4,8,0.010,8975
2160,256,4,3,3,1,4,0.008,4740
2161,256,4,3,3,1,8,0.013,5060
2162,256,4,3,3,1,16,0.011,9108
2166,256,4,3,3,2,4,0.007,6518
2167,256,4,3,3,2,8,0.011,6424
2168,256,4,3,3,2,16,0.009,12303
2172,256,4,3,3,3,4,0.007,7905
2173,256,4,3,3,3,8,0.011,7805
2178,256,4,3,3,4,4,0.006,9219
2179,256,4,3,3,4,8,0.010,9190
2184,256,4,3,4,1,4,0.008,4347
2185,256,4,3,4,1,8,0.013,4867
2186,256,4,3,4,1,16,0.011,8073
2190,256,4,3,4,2,4,0.007,6470
2191,256,4,3,4,2,8,0.011,6441
2192,256,4,3,4,2,16,0.009,11908
2196,256,4,3,4,3,4,0.007,7630
2197,256,4,3,4,3,8,0.011,7858
2202,256,4,3,4,4,4,0.006,9129
2203,256,4,3,4,4,8,0.010,9064
2208,256,4,4,1,1,4,0.008,5626
2209,256,4,4,1,1,8,0.013,5953
2210,256,4,4,1,1,16,0.011,10638
2214,256,4,4,1,2,4,0.007,7655
2215,256,4,4,1,2,8,0.011,8138
2220,256,4,4,1,3,4,0.007,9440
2221,256,4,4,1,3,8,0.011,9363
2226,256,4,4,1,4,4,0.006,11353
2227,256,4,4,1,4,8,0.010,10954
2232,256,4,4,2,1,4,0.008,5934
2233,256,4,4,2,1,8,0.014,6412
2234,256,4,4,2,1,16,0.011,10008
2238,256,4,4,2,2,4,0.007,7728
2239,256,4,4,2,2,8,0.011,7872
2244,256,4,4,2,3,4,0.007,9716
2245,256,4,4,2,3,8,0.011,9475
2250,256,4,4,2,4,4,0.006,11308
2251,256,4,4,2,4,8,0.010,11146
2256,256,4,4,3,1,4,0.008,6204
2257,256,4,4,3,1,8,0.013,6732
2258,256,4,4,3,1,16,0.011,11476
2262,256,4,4,3,2,4,0.007,8000
2263,256,4,4,3,2,8,0.011,8436
2268,256,4,4,3,3,4,0.007,9759
2269,256,4,4,3,3,8,0.010,9822
2274,256,4,4,3,4,4,0.006,11489
2275,256,4,4,3,4,8,0.010,11272
2280,256,4,4,4,1,4,0.008,5703
2281,256,4,4,4,1,8,0.014,6468
2282,256,4,4,4,1,16,0.011,10400
2286,256,4,4,4,2,4,0.007,7931
2287,256,4,4,4,2,8,0.011,7819
2292,256,4,4,4,3,4,0.007,9605
2293,256,4,4,4,3,8,0.011,9690
2298,256,4,4,4,4,4,0.006,11486
2299,256,4,4,4,4,8,0.010,11070
2304,1024,1,1,1,1,4,0.149,392
2305,1024,1,1,1,1,8,0.213,452
2307,1024,1,1,1,1,32,0.230,1118
2308,1024,1,1,1,1,64,0.200,1825
2309,1024,1,1,1,1,128,0.222,3186
2310,1024,1,1,1,2,4,0.123,532
2311,1024,1,1,1,2,8,0.173,557
2312,1024,1,1,1,2,16,0.155,1024
2313,1024,1,1,1,2,32,0.193,2061
2314,1024,1,1,1,2,64,0.160,3755
2315,1024,1,1,1,2,128,0.186,5073
2316,1024,1,1,1,3,4,0.119,705
2317,1024,1,1,1,3,8,0.165,703
2318,1024,1,1,1,3,16,0.142,1299
2319,1024,1,1,1,3,32,0.182,2369
2320,1024,1,1,1,3,64,0.143,4018
2321,1024,1,1,1,3,128,0.166,7224
2322,1024,1,1,1,4,4,0.115,780
2324,1024,1,1,1,4,16,0.132,1590
2325,1024,1,1,1,4,32,0.173,2867
2326,1024,1,1,1,4,64,0.135,4995
2327,1024,1,1,1,4,128,0.162,8684
2328,1024,1,1,2,1,4,0.139,410
2329,1024,1,1,2,1,8,0.226,448
2330,1024,1,1,2,1,16,0.178,679
2331,1024,1,1,2,1,32,0.229,1192
2332,1024,1,1,2,1,64,0.200,1950
2333,1024,1,1,2,1,128,0.223,3510
2334,1024,1,1,2,2,4,0.120,533
2335,1024,1,1,2,2,8,0.181,569
2336,1024,1,1,2,2,16,0.158,1058
2337,1024,1,1,2,2,32,0.195,1975
2338,1024,1,1,2,2,64,0.159,3724
2339,1024,1,1,2,2,128,0.178,5140
2340,1024,1,1,2,3,4,0.117,666
2341,1024,1,1,2,3,8,0.167,710
2342,1024,1,1,2,3,16,0.142,1315
2343,1024,1,1,2,3,32,0.181,2452
2344,1024,1,1,2,3,64,0.145,4166
2345,1024,1,1,2,3,128,0.166,7212
2346,1024,1,1,2,4,4,0.114,795
2348,1024,1,1,2,4,16,0.131,1607
2349,1024,1,1,2,4,32,0.172,3003
2350,1024,1,1,2,4,64,0.137,5130
2351,1024,1,1,2,4,128,0.170,8924
2352,1024,1,1,3,1,4,0.138,468
2353,1024,1,1,3,1,8,0.232,525
2354,1024,1,1,3,1,16,0.177,801
2355,1024,1,1,3,1,32,0.240,1574
2356,1024,1,1,3,1,64,0.203,2178
2357,1024,1,1,3,1,128,0.231,4675
2358,1024,1,1,3,2,4,0.123,591
2359,1024,1,1,3,2,8,0.186,620
2360,1024,1,1,3,2,16,0.152,1129
2362,1024,1,1,3,2,64,0.159,3410
2363,1024,1,1,3,2,128,0.181,5523
2364,1024,1,1,3,3,4,0.119,729
2365,1024,1,1,3,3,8,0.160,741
2366,1024,1,1,3,3,16,0.136,1432
2367,1024,1,1,3,3,32,0.167,2775
2368,1024,1,1,3,3,64,0.141,4319
2369,1024,1,1,3,3,128,0.170,7632
2370,1024,1,1,3,4,4,0.118,853
2371,1024,1,1,3,4,8,0.152,887
2372,1024,1,1,3,4,16,0.133,1723
2373,1024,1,1,3,4,32,0.175,3134
2375,1024,1,1,3,4,128,0.164,9308
2376,1024,1,1,4,1,4,0.150,435
2377,1024,1,1,4,1,8,0.237,471
2378,1024,1,1,4,1,16,0.178,708
2379,1024,1,1,4,1,32,0.238,1220
2380,1024,1,1,4,1,64,0.196,1984
2381,1024,1,1,4,1,128,0.241,3502
2382,1024,1,1,4,2,4,0.127,573
2383,1024,1,1,4,2,8,0.172,608
2384,1024,1,1,4,2,16,0.159,1093
2385,1024,1,1,4,2,32,0.203,2157
2386,1024,1,1,4,2,64,0.160,3172
2387,1024,1,1,4,2,128,0.192,5482
2388,1024,1,1,4,3,4,0.115,660
2389,1024,1,1,4,3,8,0.169,719
2390,1024,1,1,4,3,16,0.136,1380
2391,1024,1,1,4,3,32,0.180,2413
2392,1024,1,1,4,3,64,0.144,4246
2393,1024,1,1,4,3,128,0.170,7290
2394,1024,1,1,4,4,4,0.115,830
2395,1024,1,1,4,4,8,0.160,820
2396,1024,1,1,4,4,16,0.132,1666
2397,1024,1,1,4,4,32,0.180,2937
2398,1024,1,1,4,4,64,0.135,4892
2399,1024,1,1,4,4,128,0.169,8952
2400,1024,1,2,1,1,4,0.147,745
2401,1024,1,2,1,1,8,0.234,840
2402,1024,1,2,1,1,16,0.200,1334
2403,1024,1,2,1,1,32,0.245,2502
2404,1024,1,2,1,1,64,0.206,3941
2405,1024,1,2,1,1,128,0.236,7006
2406,1024,1,2,1,2,4,0.128,1055
2407,1024,1,2,1,2,8,0.188,1067
2408,1024,1,2,1,2,16,0.161,1980
2409,1024,1,2,1,2,32,0.199,3651
2410,1024,1,2,1,2,64,0.162,5969
2411,1024,1,2,1,2,128,0.191,11102
2412,1024,1,2,1,3,4,0.121,1299
2413,1024,1,2,1,3,8,0.168,1298
2414,1024,1,2,1,3,16,0.138,2704
2415,1024,1,2,1,3,32,0.184,4969
2418,1024,1,2,1,4,4,0.114,1576
2419,1024,1,2,1,4,8,0.162,1537
2420,1024,1,2,1,4,16,0.132,3300
2421,1024,1,2,1,4,32,0.173,5821
2424,1024,1,2,2,1,4,0.148,751
2425,1024,1,2,2,1,8,0.233,833
2426,1024,1,2,2,1,16,0.179,1384
2427,1024,1,2,2,1,32,0.230,2575
2428,1024,1,2,2,1,64,0.204,4115
2429,1024,1,2,2,1,128,0.239,7199
2430,1024,1,2,2,2,4,0.126,1066
2431,1024,1,2,2,2,8,0.186,1105
2432,1024,1,2,2,2,16,0.156,2045
2433,1024,1,2,2,2,32,0.199,3713
2435,1024,1,2,2,2,128,0.191,11145
2436,1024,1,2,2,3,4,0.124,1266
2437,1024,1,2,2,3,8,0.171,1302
2438,1024,1,2,2,3,16,0.138,2738
2439,1024,1,2,2,3,32,0.184,4875
2442,1024,1,2,2,4,4,0.113,1519
2443,1024,1,2,2,4,8,0.159,1543
2444,1024,1,2,2,4,16,0.134,3278
2445,1024,1,2,2,4,32,0.178,5861
2448,1024,1,2,3,1,4,0.155,833
2449,1024,1,2,3,1,8,0.226,920
2450,1024,1,2,3,1,16,0.190,1405
2451,1024,1,2,3,1,32,0.246,2654
2452,1024,1,2,3,1,64,0.210,4465
2453,1024,1,2,3,1,128,0.245,7672
2455,1024,1,2,3,2,8,0.187,1178
2456,1024,1,2,3,2,16,0.155,2062
2459,1024,1,2,3,2,128,0.191,11669
2460,1024,1,2,3,3,4,0.123,1318
2461,1024,1,2,3,3,8,0.174,1391
2462,1024,1,2,3,3,16,0.139,2821
2463,1024,1,2,3,3,32,0.182,4885
2466,1024,1,2,3,4,4,0.116,1587
2467,1024,1,2,3,4,8,0.164,1624
2468,1024,1,2,3,4,16,0.131,3382
2469,1024,1,2,3,4,32,0.180,5956
2472,1024,1,2,4,1,4,0.151,778
2473,1024,1,2,4,1,8,0.225,860
2474,1024,1,2,4,1,16,0.196,1377
2475,1024,1,2,4,1,32,0.247,2531
2476,1024,1,2,4,1,64,0.205,4092
2477,1024,1,2,4,1,128,0.245,7261
2478,1024,1,2,4,2,4,0.130,1077
2479,1024,1,2,4,2,8,0.189,1124
2480,1024,1,2,4,2,16,0.155,2074
2481,1024,1,2,4,2,32,0.200,3671
2483,1024,1,2,4,2,128,0.194,11383
2484,1024,1,2,4,3,4,0.119,1382
2485,1024,1,2,4,3,8,0.173,1339
2486,1024,1,2,4,3,16,0.142,2747
2487,1024,1,2,4,3,32,0.182,4740
2490,1024,1,2,4,4,4,0.118,1543
2491,1024,1,2,4,4,8,0.159,1600
2492,1024,1,2,4,4,16,0.134,3397
2493,1024,1,2,4,4,32,0.177,5941
2496,1024,1,3,1,1,4,0.149,1201
2497,1024,1,3,1,1,8,0.242,1222
2498,1024,1,3,1,1,16,0.197,2338
2499,1024,1,3,1,1,32,0.248,3426
2500,1024,1,3,1,1,64,0.209,6227
2501,1024,1,3,1,1,128,0.247,10528
2502,1024,1,3,1,2,4,0.131,1655
2503,1024,1,3,1,2,8,0.186,1617
2504,1024,1,3,1,2,16,0.155,3081
2505,1024,1,3,1,2,32,0.206,5531
2509,1024,1,3,1,3,8,0.183,1868
2510,1024,1,3,1,3,16,0.143,4297
2511,1024,1,3,1,3,32,0.189,7140
2514,1024,1,3,1,4,4,0.117,2299
2515,1024,1,3,1,4,8,0.175,2236
2516,1024,1,3,1,4,16,0.133,5023
2517,1024,1,3,1,4,32,0.181,8353
2520,1024,1,3,2,1,4,0.150,1203
2522,1024,1,3,2,1,16,0.192,2324
2523,1024,1,3,2,1,32,0.250,3814
2524,1024,1,3,2,1,64,0.208,6504
2525,1024,1,3,2,1,128,0.242,10542
2526,1024,1,3,2,2,4,0.130,1625
2527,1024,1,3,2,2,8,0.196,1615
2528,1024,1,3,2,2,16,0.160,3176
2529,1024,1,3,2,2,32,0.202,5554
2532,1024,1,3,2,3,4,0.121,1890
2533,1024,1,3,2,3,8,0.184,1858
2534,1024,1,3,2,3,16,0.141,3979
2535,1024,1,3,2,3,32,0.189,7264
2538,1024,1,3,2,4,4,0.114,2336
2539,1024,1,3,2,4,8,0.161,2241
2540,1024,1,3,2,4,16,0.134,4881
2541,1024,1,3,2,4,32,0.182,8717
2545,1024,1,3,3,1,8,0.242,1332
2546,1024,1,3,3,1,16,0.195,2471
2547,1024,1,3,3,1,32,0.246,3640
2548,1024,1,3,3,1,64,0.203,6356
2549,1024,1,3,3,1,128,0.235,11275
2550,1024,1,3,3,2,4,0.129,1723
2551,1024,1,3,3,2,8,0.187,1741
2552,1024,1,3,3,2,16,0.158,3473
2553,1024,1,3,3,2,32,0.204,5729
2556,1024,1,3,3,3,4,0.123,1981
2557,1024,1,3,3,3,8,0.182,2025
2558,1024,1,3,3,3,16,0.140,4311
2559,1024,1,3,3,3,32,0.184,7559
2562,1024,1,3,3,4,4,0.117,2449
2563,1024,1,3,3,4,8,0.165,2321
2564,1024,1,3,3,4,16,0.134,5064
2565,1024,1,3,3,4,32,0.186,8630
2568,1024,1,3,4,1,4,0.152,1229
2569,1024,1,3,4,1,8,0.234,1293
2570,1024,1,3,4,1,16,0.203,2359
2571,1024,1,3,4,1,32,0.248,3791
2572,1024,1,3,4,1,64,0.201,6120
2573,1024,1,3,4,1,128,0.258,10782
2574,1024,1,3,4,2,4,0.135,1652
2575,1024,1,3,4,2,8,0.196,1681
2576,1024,1,3,4,2,16,0.159,3073
2577,1024,1,3,4,2,32,0.199,5853
2580,1024,1,3,4,3,4,0.122,1930
2581,1024,1,3,4,3,8,0.180,1923
2582,1024,1,3,4,3,16,0.139,4055
2583,1024,1,3,4,3,32,0.188,7173
2586,1024,1,3,4,4,4,0.116,2364
2587,1024,1,3,4,4,8,0.168,2247
2588,1024,1,3,4,4,16,0.133,4858
2589,1024,1,3,4,4,32,0.181,8391
2592,1024,1,4,1,1,4,0.156,1427
2593,1024,1,4,1,1,8,0.238,1525
2594,1024,1,4,1,1,16,0.200,2991
2595,1024,1,4,1,1,32,0.251,5021
2598,1024,1,4,1,2,4,0.128,2013
2599,1024,1,4,1,2,8,0.199,1920
2600,1024,1,4,1,2,16,0.159,4191
2601,1024,1,4,1,2,32,0.202,7214
2604,1024,1,4,1,3,4,0.118,2454
2605,1024,1,4,1,3,8,0.177,2372
2606,1024,1,4,1,3,16,0.143,5280
2607,1024,1,4,1,3,32,0.191,8859
2611,1024,1,4,1,4,8,0.172,2895
2612,1024,1,4,1,4,16,0.133,6653
2613,1024,1,4,1,4,32,0.183,11456
2616,1024,1,4,2,1,4,0.155,1447
2617,1024,1,4,2,1,8,0.244,1533
2618,1024,1,4,2,1,16,0.194,2999
2619,1024,1,4,2,1,32,0.252,4789
2622,1024,1,4,2,2,4,0.132,1996
2623,1024,1,4,2,2,8,0.201,1929
2624,1024,1,4,2,2,16,0.158,4192
2625,1024,1,4,2,2,32,0.199,7359
2628,1024,1,4,2,3,4,0.121,2457
2629,1024,1,4,2,3,8,0.194,2472
2630,1024,1,4,2,3,16,0.143,5257
2631,1024,1,4,2,3,32,0.191,9004
2634,1024,1,4,2,4,4,0.119,3033
2635,1024,1,4,2,4,8,0.177,2870
2636,1024,1,4,2,4,16,0.132,6393
2637,1024,1,4,2,4,32,0.184,11416
2640,1024,1,4,3,1,4,0.150,1500
2641,1024,1,4,3,1,8,0.238,1594
2643,1024,1,4,3,1,32,0.255,5081
2646,1024,1,4,3,2,4,0.131,2089
2647,1024,1,4,3,2,8,0.195,2084
2649,1024,1,4,3,2,32,0.204,7224
2652,1024,1,4,3,3,4,0.122,2508
2653,1024,1,4,3,3,8,0.179,2453
2654,1024,1,4,3,3,16,0.141,5194
2655,1024,1,4,3,3,32,0.190,9107
2659,1024,1,4,3,4,8,0.170,3064
2660,1024,1,4,3,4,16,0.133,6616
2661,1024,1,4,3,4,32,0.184,11313
2664,1024,1,4,4,1,4,0.153,1459
2665,1024,1,4,4,1,8,0.240,1573
2666,1024,1,4,4,1,16,0.192,2989
2667,1024,1,4,4,1,32,0.253,4861
2670,1024,1,4,4,2,4,0.130,2010
2671,1024,1,4,4,2,8,0.198,2065
2672,1024,1,4,4,2,16,0.158,4128
2673,1024,1,4,4,2,32,0.207,7383
2676,1024,1,4,4,3,4,0.123,2555
2677,1024,1,4,4,3,8,0.179,2493
2678,1024,1,4,4,3,16,0.139,5277
2679,1024,1,4,4,3,32,0.188,9330
2682,1024,1,4,4,4,4,0.117,3015
2683,1024,1,4,4,4,8,0.171,3021
2684,1024,1,4,4,4,16,0.132,6480
2685,1024,1,4,4,4,32,0.184,11355
2688,1024,2,1,1,1,4,0.268,827
2689,1024,2,1,1,1,8,0.431,887
2690,1024,2,1,1,1,16,0.375,1525
2691,1024,2,1,1,1,32,0.444,2625
2692,1024,2,1,1,1,64,0.371,4330
2693,1024,2,1,1,1,128,0.457,7221
2694,1024,2,1,1,2,4,0.227,1044
2695,1024,2,1,1,2,8,0.387,1088
2696,1024,2,1,1,2,16,0.294,2211
2697,1024,2,1,1,2,32,0.382,3609
2699,1024,2,1,1,2,128,0.397,10788
2700,1024,2,1,1,3,4,0.221,1277
2701,1024,2,1,1,3,8,0.372,1378
2702,1024,2,1,1,3,16,0.275,2749
2703,1024,2,1,1,3,32,0.353,4961
2706,1024,2,1,1,4,4,0.209,1536
2707,1024,2,1,1,4,8,0.352,1538
2708,1024,2,1,1,4,16,0.259,3461
2709,1024,2,1,1,4,32,0.345,6056
2712,1024,2,1,2,1,4,0.265,843
2713,1024,2,1,2,1,8,0.453,941
2715,1024,2,1,2,1,32,0.465,2656
2716,1024,2,1,2,1,64,0.366,3921
2717,1024,2,1,2,1,128,0.472,8649
2718,1024,2,1,2,2,4,0.233,1084
2720,1024,2,1,2,2,16,0.306,2026
2721,1024,2,1,2,2,32,0.401,3533
2723,1024,2,1,2,2,128,0.398,10784
2724,1024,2,1,2,3,4,0.214,1335
2725,1024,2,1,2,3,8,0.352,1446
2726,1024,2,1,2,3,16,0.275,2705
2727,1024,2,1,2,3,32,0.372,4811
2730,1024,2,1,2,4,4,0.203,1531
2731,1024,2,1,2,4,8,0.346,1584
2732,1024,2,1,2,4,16,0.258,3356
2733,1024,2,1,2,4,32,0.355,5670
2736,1024,2,1,3,1,4,0.279,915
2737,1024,2,1,3,1,8,0.446,1120
2738,1024,2,1,3,1,16,0.361,1811
2739,1024,2,1,3,1,32,0.447,2923
2740,1024,2,1,3,1,64,0.363,4887
2741,1024,2,1,3,1,128,0.451,8479
2742,1024,2,1,3,2,4,0.225,1223
2743,1024,2,1,3,2,8,0.402,1329
2744,1024,2,1,3,2,16,0.288,2384
2745,1024,2,1,3,2,32,0.386,4076
2747,1024,2,1,3,2,128,0.384,12588
2748,1024,2,1,3,3,4,0.211,1483
2749,1024,2,1,3,3,8,0.376,1578
2751,1024,2,1,3,3,32,0.356,5401
2754,1024,2,1,3,4,4,0.210,1681
2755,1024,2,1,3,4,8,0.354,1773
2756,1024,2,1,3,4,16,0.262,3635
2757,1024,2,1,3,4,32,0.343,6465
2760,1024,2,1,4,1,4,0.274,876
2761,1024,2,1,4,1,8,0.458,957
2763,1024,2,1,4,1,32,0.450,2439
2764,1024,2,1,4,1,64,0.359,4375
2765,1024,2,1,4,1,128,0.475,8470
2766,1024,2,1,4,2,4,0.227,1102
2768,1024,2,1,4,2,16,0.292,1969
2769,1024,2,1,4,2,32,0.384,3625
2770,1024,2,1,4,2,64,0.295,6349
2771,1024,2,1,4,2,128,0.394,10964
2772,1024,2,1,4,3,4,0.209,1451
2773,1024,2,1,4,3,8,0.349,1406
2774,1024,2,1,4,3,16,0.259,2786
2775,1024,2,1,4,3,32,0.362,4986
2778,1024,2,1,4,4,4,0.204,1544
2780,1024,2,1,4,4,16,0.276,3171
2781,1024,2,1,4,4,32,0.361,5622
2784,1024,2,2,1,1,4,0.265,1502
2785,1024,2,2,1,1,8,0.450,1575
2786,1024,2,2,1,1,16,0.351,3135
2787,1024,2,2,1,1,32,0.252,4934
2790,1024,2,2,1,2,4,0.222,2073
2791,1024,2,2,1,2,8,0.377,2126
2792,1024,2,2,1,2,16,0.294,4161
2793,1024,2,2,1,2,32,0.376,7160
2796,1024,2,2,1,3,4,0.210,2601
2797,1024,2,2,1,3,8,0.347,2457
2798,1024,2,2,1,3,16,0.151,5450
2799,1024,2,2,1,3,32,0.363,9261
2802,1024,2,2,1,4,4,0.198,3163
2803,1024,2,2,1,4,8,0.334,3057
2804,1024,2,2,1,4,16,0.143,6589
2805,1024,2,2,1,4,32,0.333,11275
2808,1024,2,2,2,1,4,0.274,1458
2810,1024,2,2,2,1,16,0.365,2919
2811,1024,2,2,2,1,32,0.461,4857
2814,1024,2,2,2,2,4,0.229,2083
2815,1024,2,2,2,2,8,0.388,2160
2816,1024,2,2,2,2,16,0.281,4081
2817,1024,2,2,2,2,32,0.377,7153
2820,1024,2,2,2,3,4,0.213,2527
2821,1024,2,2,2,3,8,0.380,2527
2822,1024,2,2,2,3,16,0.151,5450
2823,1024,2,2,2,3,32,0.358,9446
2826,1024,2,2,2,4,4,0.207,3078
2827,1024,2,2,2,4,8,0.338,3113
2828,1024,2,2,2,4,16,0.240,6502
2829,1024,2,2,2,4,32,0.191,11681
2832,1024,2,2,3,1,4,0.282,1648
2833,1024,2,2,3,1,8,0.457,1788
2834,1024,2,2,3,1,16,0.382,3307
2835,1024,2,2,3,1,32,0.446,5580
2838,1024,2,2,3,2,4,0.233,2200
2840,1024,2,2,3,2,16,0.287,4873
2841,1024,2,2,3,2,32,0.210,7610
2844,1024,2,2,3,3,4,0.208,2727
2846,1024,2,2,3,3,16,0.150,5460
2847,1024,2,2,3,3,32,0.346,9540
2851,1024,2,2,3,4,8,0.349,3326
2852,1024,2,2,3,4,16,0.142,6648
2853,1024,2,2,3,4,32,0.343,11957
2856,1024,2,2,4,1,4,0.274,1493
2857,1024,2,2,4,1,8,0.463,1650
2858,1024,2,2,4,1,16,0.354,2812
2859,1024,2,2,4,1,32,0.461,5045
2863,1024,2,2,4,2,8,0.389,2089
2864,1024,2,2,4,2,16,0.282,3894
2865,1024,2,2,4,2,32,0.380,7546
2868,1024,2,2,4,3,4,0.217,2596
2869,1024,2,2,4,3,8,0.337,2541
2870,1024,2,2,4,3,16,0.270,5602
2871,1024,2,2,4,3,32,0.354,9306
2874,1024,2,2,4,4,4,0.207,3173
2875,1024,2,2,4,4,8,0.345,3115
2876,1024,2,2,4,4,16,0.248,6839
2877,1024,2,2,4,4,32,0.332,11555
2881,1024,2,3,1,1,8,0.467,2389
2882,1024,2,3,1,1,16,0.357,4420
2883,1024,2,3,1,1,32,0.250,7300
2886,1024,2,3,1,2,4,0.232,3214
2887,1024,2,3,1,2,8,0.371,3199
2888,1024,2,3,1,2,16,0.160,6347
2889,1024,2,3,1,2,32,0.212,10449
2892,1024,2,3,1,3,4,0.209,3804
2893,1024,2,3,1,3,8,0.341,3917
2894,1024,2,3,1,3,16,0.150,8017
2895,1024,2,3,1,3,32,0.202,13180
2898,1024,2,3,1,4,4,0.202,4611
2899,1024,2,3,1,4,8,0.321,4630
2900,1024,2,3,1,4,16,0.235,9757
2904,1024,2,3,2,1,4,0.271,2226
2905,1024,2,3,2,1,8,0.477,2325
2906,1024,2,3,2,1,16,0.371,4441
2907,1024,2,3,2,1,32,0.251,7321
2910,1024,2,3,2,2,4,0.239,3105
2911,1024,2,3,2,2,8,0.380,3258
2912,1024,2,3,2,2,16,0.164,6390
2913,1024,2,3,2,2,32,0.207,10483
2916,1024,2,3,2,3,4,0.216,3858
2917,1024,2,3,2,3,8,0.352,4040
2918,1024,2,3,2,3,16,0.257,8082
2919,1024,2,3,2,3,32,0.197,13242
2922,1024,2,3,2,4,4,0.205,4631
2923,1024,2,3,2,4,8,0.333,4556
2924,1024,2,3,2,4,16,0.141,9594
2928,1024,2,3,3,1,4,0.276,2526
2929,1024,2,3,3,1,8,0.460,2587
2930,1024,2,3,3,1,16,0.357,4653
2931,1024,2,3,3,1,32,0.253,7860
2934,1024,2,3,3,2,4,0.228,3409
2936,1024,2,3,3,2,16,0.163,6493
2937,1024,2,3,3,2,32,0.212,10516
2940,1024,2,3,3,3,4,0.211,3893
2941,1024,2,3,3,3,8,0.353,4110
2942,1024,2,3,3,3,16,0.149,8118
2946,1024,2,3,3,4,4,0.207,4900
2947,1024,2,3,3,4,8,0.334,4789
2948,1024,2,3,3,4,16,0.142,9887
2952,1024,2,3,4,1,4,0.274,2323
2953,1024,2,3,4,1,8,0.474,2456
2954,1024,2,3,4,1,16,0.371,4473
2955,1024,2,3,4,1,32,0.447,7297
2958,1024,2,3,4,2,4,0.227,3197
2959,1024,2,3,4,2,8,0.382,3231
2960,1024,2,3,4,2,16,0.286,6290
2961,1024,2,3,4,2,32,0.369,10715
2964,1024,2,3,4,3,4,0.219,3889
2965,1024,2,3,4,3,8,0.371,4027
2966,1024,2,3,4,3,16,0.148,8012
2967,1024,2,3,4,3,32,0.358,13272
2970,1024,2,3,4,4,4,0.209,4632
2971,1024,2,3,4,4,8,0.347,4715
2972,1024,2,3,4,4,16,0.254,9566
2976,1024,2,4,1,1,4,0.272,3025
2977,1024,2,4,1,1,8,0.462,2951
2978,1024,2,4,1,1,16,0.199,5663
2979,1024,2,4,1,1,32,0.448,9259
2982,1024,2,4,1,2,4,0.226,4148
2983,1024,2,4,1,2,8,0.367,4103
2984,1024,2,4,1,2,16,0.162,7941
2985,1024,2,4,1,2,32,0.366,13114
2988,1024,2,4,1,3,4,0.213,4911
2989,1024,2,4,1,3,8,0.344,4895
2990,1024,2,4,1,3,16,0.147,10083
2994,1024,2,4,1,4,4,0.212,5921
2995,1024,2,4,1,4,8,0.333,5856
2996,1024,2,4,1,4,16,0.239,12407
3000,1024,2,4,2,1,4,0.281,2851
3001,1024,2,4,2,1,8,0.457,3057
3002,1024,2,4,2,1,16,0.210,5787
3003,1024,2,4,2,1,32,0.453,9809
3006,1024,2,4,2,2,4,0.231,4052
3007,1024,2,4,2,2,8,0.369,4136
3008,1024,2,4,2,2,16,0.161,8223
3009,1024,2,4,2,2,32,0.207,13216
3012,1024,2,4,2,3,4,0.124,4879
3013,1024,2,4,2,3,8,0.347,5114
3014,1024,2,4,2,3,16,0.146,10276
3018,1024,2,4,2,4,4,0.198,6052
3019,1024,2,4,2,4,8,0.186,5917
3020,1024,2,4,2,4,16,0.138,12542
3024,1024,2,4,3,1,4,0.271,3067
3026,1024,2,4,3,1,16,0.199,5841
3027,1024,2,4,3,1,32,0.443,9894
3030,1024,2,4,3,2,4,0.226,4235
3031,1024,2,4,3,2,8,0.375,4248
3032,1024,2,4,3,2,16,0.163,8324
3036,1024,2,4,3,3,4,0.122,5145
3037,1024,2,4,3,3,8,0.341,5226
3038,1024,2,4,3,3,16,0.241,10730
3042,1024,2,4,3,4,4,0.203,6101
3043,1024,2,4,3,4,8,0.330,6024
3044,1024,2,4,3,4,16,0.139,12690
3048,1024,2,4,4,1,4,0.279,2985
3049,1024,2,4,4,1,8,0.474,3074
3050,1024,2,4,4,1,16,0.367,6290
3051,1024,2,4,4,1,32,0.443,9806
3054,1024,2,4,4,2,4,0.228,4079
3055,1024,2,4,4,2,8,0.371,4193
3056,1024,2,4,4,2,16,0.163,8028
3057,1024,2,4,4,2,32,0.382,13165
3060,1024,2,4,4,3,4,0.124,5033
3061,1024,2,4,4,3,8,0.346,4997
3062,1024,2,4,4,3,16,0.146,10207
3066,1024,2,4,4,4,4,0.119,6008
3067,1024,2,4,4,4,8,0.339,5990
3068,1024,2,4,4,4,16,0.236,12526
3072,1024,3,1,1,1,4,0.216,1214
3073,1024,3,1,1,1,8,0.357,1264
3074,1024,3,1,1,1,16,0.282,2296
3075,1024,3,1,1,1,32,0.372,3798
3076,1024,3,1,1,1,64,0.284,6338
3077,1024,3,1,1,1,128,0.359,10962
3079,1024,3,1,1,2,8,0.307,1596
3081,1024,3,1,1,2,32,0.260,5465
3084,1024,3,1,1,3,4,0.167,1950
3085,1024,3,1,1,3,8,0.295,1958
3086,1024,3,1,1,3,16,0.221,4167
3087,1024,3,1,1,3,32,0.287,7195
3090,1024,3,1,1,4,4,0.160,2339
3091,1024,3,1,1,4,8,0.298,2137
3092,1024,3,1,1,4,16,0.212,4981
3093,1024,3,1,1,4,32,0.300,8621
3096,1024,3,1,2,1,4,0.212,1224
3097,1024,3,1,2,1,8,0.347,1383
3098,1024,3,1,2,1,16,0.287,2352
3099,1024,3,1,2,1,32,0.362,3883
3100,1024,3,1,2,1,64,0.287,6697
3102,1024,3,1,2,2,4,0.187,1594
3103,1024,3,1,2,2,8,0.311,1759
3104,1024,3,1,2,2,16,0.237,3239
3105,1024,3,1,2,2,32,0.308,5701
3108,1024,3,1,2,3,4,0.168,1980
3109,1024,3,1,2,3,8,0.287,2053
3110,1024,3,1,2,3,16,0.221,4139
3111,1024,3,1,2,3,32,0.288,7290
3114,1024,3,1,2,4,4,0.152,2330
3115,1024,3,1,2,4,8,0.284,2245
3116,1024,3,1,2,4,16,0.218,5109
3117,1024,3,1,2,4,32,0.245,8902
3121,1024,3,1,3,1,8,0.346,1587
3122,1024,3,1,3,1,16,0.286,2744
3123,1024,3,1,3,1,32,0.355,4690
3126,1024,3,1,3,2,4,0.183,1836
3127,1024,3,1,3,2,8,0.306,1880
3128,1024,3,1,3,2,16,0.246,3690
3129,1024,3,1,3,2,32,0.320,6361
3132,1024,3,1,3,3,4,0.170,2210
3133,1024,3,1,3,3,8,0.294,2191
3134,1024,3,1,3,3,16,0.215,4479
3135,1024,3,1,3,3,32,0.284,7948
3138,1024,3,1,3,4,4,0.159,2512
3139,1024,3,1,3,4,8,0.285,2429
3140,1024,3,1,3,4,16,0.208,5134
3141,1024,3,1,3,4,32,0.249,9194
3144,1024,3,1,4,1,4,0.208,1261
3145,1024,3,1,4,1,8,0.367,1363
3146,1024,3,1,4,1,16,0.282,2058
3147,1024,3,1,4,1,32,0.362,3897
3148,1024,3,1,4,1,64,0.289,7001
3150,1024,3,1,4,2,4,0.178,1646
3151,1024,3,1,4,2,8,0.299,1750
3152,1024,3,1,4,2,16,0.239,3139
3153,1024,3,1,4,2,32,0.309,5668
3156,1024,3,1,4,3,4,0.170,2119
3157,1024,3,1,4,3,8,0.293,2047
3158,1024,3,1,4,3,16,0.229,4270
3159,1024,3,1,4,3,32,0.288,7397
3162,1024,3,1,4,4,4,0.160,2343
3163,1024,3,1,4,4,8,0.288,2252
3164,1024,3,1,4,4,16,0.215,5012
3165,1024,3,1,4,4,32,0.286,8948
3168,1024,3,2,1,1,4,0.217,2255
3170,1024,3,2,1,1,16,0.278,4516
3171,1024,3,2,1,1,32,0.338,7384
3174,1024,3,2,1,2,4,0.182,3149
3175,1024,3,2,1,2,8,0.302,3121
3176,1024,3,2,1,2,16,0.196,6172
3177,1024,3,2,1,2,32,0.309,10514
3180,1024,3,2,1,3,4,0.170,3807
3181,1024,3,2,1,3,8,0.287,3848
3182,1024,3,2,1,3,16,0.228,7879
3183,1024,3,2,1,3,32,0.248,13230
3186,1024,3,2,1,4,4,0.164,4559
3187,1024,3,2,1,4,8,0.260,4534
3188,1024,3,2,1,4,16,0.176,9770
3192,1024,3,2,2,1,4,0.204,2157
3193,1024,3,2,2,1,8,0.346,2402
3194,1024,3,2,2,1,16,0.300,4104
3195,1024,3,2,2,1,32,0.297,6995
3198,1024,3,2,2,2,4,0.177,3150
3199,1024,3,2,2,2,8,0.290,3333
3200,1024,3,2,2,2,16,0.199,6647
3201,1024,3,2,2,2,32,0.251,10977
3205,1024,3,2,2,3,8,0.291,3979
3206,1024,3,2,2,3,16,0.213,7899
3207,1024,3,2,2,3,32,0.279,13224
3210,1024,3,2,2,4,4,0.163,4612
3211,1024,3,2,2,4,8,0.280,4649
3212,1024,3,2,2,4,16,0.201,9492
3216,1024,3,2,3,1,4,0.211,2530
3217,1024,3,2,3,1,8,0.343,2621
3218,1024,3,2,3,1,16,0.239,4880
3219,1024,3,2,3,1,32,0.301,7905
3222,1024,3,2,3,2,4,0.188,3378
3223,1024,3,2,3,2,8,0.299,3479
3224,1024,3,2,3,2,16,0.234,6552
3225,1024,3,2,3,2,32,0.262,10962
3228,1024,3,2,3,3,4,0.170,3980
3234,1024,3,2,3,4,4,0.143,4819
3235,1024,3,2,3,4,8,0.286,4877
3236,1024,3,2,3,4,16,0.196,9911
3240,1024,3,2,4,1,4,0.209,2261
3241,1024,3,2,4,1,8,0.347,2394
3242,1024,3,2,4,1,16,0.297,4133
3243,1024,3,2,4,1,32,0.359,7185
3246,1024,3,2,4,2,4,0.182,3286
3247,1024,3,2,4,2,8,0.294,3287
3248,1024,3,2,4,2,16,0.226,6949
3249,1024,3,2,4,2,32,0.299,10910
3252,1024,3,2,4,3,4,0.172,3883
3253,1024,3,2,4,3,8,0.280,4007
3254,1024,3,2,4,3,16,0.182,7729
3255,1024,3,2,4,3,32,0.238,13227
3258,1024,3,2,4,4,4,0.165,4660
3259,1024,3,2,4,4,8,0.277,4655
3260,1024,3,2,4,4,16,0.198,9662
3264,1024,3,3,1,1,4,0.218,3598
3266,1024,3,3,1,1,16,0.239,6514
3267,1024,3,3,1,1,32,0.341,10829
3270,1024,3,3,1,2,4,0.159,4641
3271,1024,3,3,1,2,8,0.285,4782
3272,1024,3,3,1,2,16,0.199,9294
3276,1024,3,3,1,3,4,0.174,5736
3277,1024,3,3,1,3,8,0.258,5664
3278,1024,3,3,1,3,16,0.180,11735
3282,1024,3,3,1,4,4,0.170,7116
3283,1024,3,3,1,4,8,0.230,6976
3288,1024,3,3,2,1,4,0.216,3524
3289,1024,3,3,2,1,8,0.357,3757
3290,1024,3,3,2,1,16,0.247,6784
3300,1024,3,3,2,3,4,0.174,5890
3301,1024,3,3,2,3,8,0.232,5881
3302,1024,3,3,2,3,16,0.211,11706
3306,1024,3,3,2,4,4,0.143,7118
3307,1024,3,3,2,4,8,0.234,7073
3312,1024,3,3,3,1,4,0.215,3587
3313,1024,3,3,3,1,8,0.332,3970
3314,1024,3,3,3,1,16,0.243,6971
3315,1024,3,3,3,1,32,0.308,11277
3318,1024,3,3,3,2,4,0.155,4975
3319,1024,3,3,3,2,8,0.303,5241
3320,1024,3,3,3,2,16,0.198,9457
3324,1024,3,3,3,3,4,0.172,6117
3325,1024,3,3,3,3,8,0.284,6436
3326,1024,3,3,3,3,16,0.211,12256
3330,1024,3,3,3,4,4,0.164,7374
3331,1024,3,3,3,4,8,0.235,7168
3336,1024,3,3,4,1,4,0.212,3665
3337,1024,3,3,4,1,8,0.347,3828
3338,1024,3,3,4,1,16,0.297,6859
3339,1024,3,3,4,1,32,0.350,10872
3343,1024,3,3,4,2,8,0.288,4937
3344,1024,3,3,4,2,16,0.227,9274
3348,1024,3,3,4,3,4,0.172,5754
3349,1024,3,3,4,3,8,0.283,5872
3366,1024,3,4,1,2,4,0.158,6152
3367,1024,3,4,1,2,8,0.303,6317
3368,1024,3,4,1,2,16,0.198,12113
3372,1024,3,4,1,3,4,0.148,7195
3373,1024,3,4,1,3,8,0.274,7376
3378,1024,3,4,1,4,4,0.144,9059
3379,1024,3,4,1,4,8,0.255,8800
3384,1024,3,4,2,1,4,0.228,4255
3385,1024,3,4,2,1,8,0.301,4631
3386,1024,3,4,2,1,16,0.244,8189
3387,1024,3,4,2,1,32,0.313,13222
3390,1024,3,4,2,2,4,0.181,6520
3391,1024,3,4,2,2,8,0.279,6223
3392,1024,3,4,2,2,16,0.219,12122
3396,1024,3,4,2,3,4,0.167,7507
3397,1024,3,4,2,3,8,0.241,7616
3402,1024,3,4,2,4,4,0.159,9137
3403,1024,3,4,2,4,8,0.276,8969
3408,1024,3,4,3,1,4,0.186,4649
3409,1024,3,4,3,1,8,0.348,4772
3410,1024,3,4,3,1,16,0.292,8768
3414,1024,3,4,3,2,4,0.177,6417
3432,1024,3,4,4,1,4,0.187,4411
3433,1024,3,4,4,1,8,0.300,4657
3434,1024,3,4,4,1,16,0.286,8360
3435,1024,3,4,4,1,32,0.353,13221
3438,1024,3,4,4,2,4,0.174,6236
3439,1024,3,4,4,2,8,0.247,6606
3440,1024,3,4,4,2,16,0.195,11992
3444,1024,3,4,4,3,4,0.160,7549
3445,1024,3,4,4,3,8,0.273,7687
3450,1024,3,4,4,4,4,0.142,9021
3451,1024,3,4,4,4,8,0.264,9128
3456,1024,4,1,1,1,4,0.182,1591
3457,1024,4,1,1,1,8,0.263,1704
3458,1024,4,1,1,1,16,0.249,2990
3459,1024,4,1,1,1,32,0.307,5265
3462,1024,4,1,1,2,4,0.155,2071
3463,1024,4,1,1,2,8,0.254,2108
3464,1024,4,1,1,2,16,0.207,4373
3465,1024,4,1,1,2,32,0.261,7367
3468,1024,4,1,1,3,4,0.143,2552
3469,1024,4,1,1,3,8,0.239,2623
3470,1024,4,1,1,3,16,0.195,5524
3471,1024,4,1,1,3,32,0.257,9158
3474,1024,4,1,1,4,4,0.142,2963
3475,1024,4,1,1,4,8,0.227,2999
3476,1024,4,1,1,4,16,0.193,6749
3477,1024,4,1,1,4,32,0.258,11243
3480,1024,4,1,2,1,4,0.182,1576
3481,1024,4,1,2,1,8,0.280,1877
3482,1024,4,1,2,1,16,0.238,2773
3483,1024,4,1,2,1,32,0.292,4961
3486,1024,4,1,2,2,4,0.154,2014
3487,1024,4,1,2,2,8,0.243,2237
3492,1024,4,1,2,3,4,0.149,2726
3494,1024,4,1,2,3,16,0.197,5616
3498,1024,4,1,2,4,4,0.144,3096
3499,1024,4,1,2,4,8,0.244,3117
3500,1024,4,1,2,4,16,0.190,6753
3501,1024,4,1,2,4,32,0.251,12254
3504,1024,4,1,3,1,4,0.188,1875
3505,1024,4,1,3,1,8,0.279,2043
3506,1024,4,1,3,1,16,0.234,3645
3507,1024,4,1,3,1,32,0.295,6348
3510,1024,4,1,3,2,4,0.154,2301
3511,1024,4,1,3,2,8,0.241,2483
3512,1024,4,1,3,2,16,0.213,4846
3513,1024,4,1,3,2,32,0.261,8359
3516,1024,4,1,3,3,4,0.146,2989
3517,1024,4,1,3,3,8,0.239,3170
3518,1024,4,1,3,3,16,0.194,5929
3519,1024,4,1,3,3,32,0.252,10205
3522,1024,4,1,3,4,4,0.142,3281
3523,1024,4,1,3,4,8,0.246,3414
3524,1024,4,1,3,4,16,0.191,7095
3525,1024,4,1,3,4,32,0.255,11946
3528,1024,4,1,4,1,4,0.181,1644
3529,1024,4,1,4,1,8,0.301,1826
3530,1024,4,1,4,1,16,0.230,3001
3531,1024,4,1,4,1,32,0.303,5080
3534,1024,4,1,4,2,4,0.157,2168
3535,1024,4,1,4,2,8,0.270,2231
3536,1024,4,1,4,2,16,0.206,4360
3537,1024,4,1,4,2,32,0.263,7317
3540,1024,4,1,4,3,4,0.146,2782
3541,1024,4,1,4,3,8,0.243,2805
3542,1024,4,1,4,3,16,0.201,6553
3543,1024,4,1,4,3,32,0.255,9984
3547,1024,4,1,4,4,8,0.247,3132
3548,1024,4,1,4,4,16,0.193,6849
3549,1024,4,1,4,4,32,0.249,12119
3552,1024,4,2,1,1,4,0.187,2953
3553,1024,4,2,1,1,8,0.296,3163
3554,1024,4,2,1,1,16,0.239,5856
3564,1024,4,2,1,3,4,0.149,4964
3565,1024,4,2,1,3,8,0.245,5136
3566,1024,4,2,1,3,16,0.188,10394
3570,1024,4,2,1,4,4,0.143,6124
3571,1024,4,2,1,4,8,0.224,5992
3576,1024,4,2,2,1,4,0.185,2849
3577,1024,4,2,2,1,8,0.298,3262
3578,1024,4,2,2,1,16,0.242,5791
3579,1024,4,2,2,1,32,0.305,8829
3582,1024,4,2,2,2,4,0.156,4070
3583,1024,4,2,2,2,8,0.263,4378
3584,1024,4,2,2,2,16,0.203,8701
3589,1024,4,2,2,3,8,0.249,5251
3590,1024,4,2,2,3,16,0.187,10419
3594,1024,4,2,2,4,4,0.146,6110
3595,1024,4,2,2,4,8,0.233,6192
3596,1024,4,2,2,4,16,0.179,12807
3600,1024,4,2,3,1,4,0.184,3338
3601,1024,4,2,3,1,8,0.298,3585
3602,1024,4,2,3,1,16,0.243,6426
3603,1024,4,2,3,1,32,0.312,10719
3606,1024,4,2,3,2,4,0.157,4389
3607,1024,4,2,3,2,8,0.256,4612
3608,1024,4,2,3,2,16,0.201,8698
3630,1024,4,2,4,2,4,0.155,4205
3631,1024,4,2,4,2,8,0.250,4298
3632,1024,4,2,4,2,16,0.202,8997
3636,1024,4,2,4,3,4,0.149,5100
3637,1024,4,2,4,3,8,0.245,5307
3638,1024,4,2,4,3,16,0.191,10379
3643,1024,4,2,4,4,8,0.233,6219
3644,1024,4,2,4,4,16,0.178,12817
3648,1024,4,3,1,1,4,0.185,4572
3649,1024,4,3,1,1,8,0.297,4720
3650,1024,4,3,1,1,16,0.243,8631
3654,1024,4,3,1,2,4,0.158,6373
3655,1024,4,3,1,2,8,0.256,6496
3656,1024,4,3,1,2,16,0.198,12345
3660,1024,4,3,1,3,4,0.149,7540
3661,1024,4,3,1,3,8,0.235,7862
3666,1024,4,3,1,4,4,0.145,9180
3667,1024,4,3,1,4,8,0.223,9166
3673,1024,4,3,2,1,8,0.311,5009
3696,1024,4,3,3,1,4,0.190,4929
3697,1024,4,3,3,1,8,0.297,5239
3698,1024,4,3,3,1,16,0.250,9568
3702,1024,4,3,3,2,4,0.154,6799
3703,1024,4,3,3,2,8,0.253,7346
3704,1024,4,3,3,2,16,0.199,12639
3708,1024,4,3,3,3,4,0.148,7884
3709,1024,4,3,3,3,8,0.243,8068
3714,1024,4,3,3,4,4,0.147,9595
3715,1024,4,3,3,4,8,0.229,9449
3720,1024,4,3,4,1,4,0.188,4701
3721,1024,4,3,4,1,8,0.305,4907
3722,1024,4,3,4,1,16,0.247,8393
3723,1024,4,3,4,1,32,0.307,13167
3726,1024,4,3,4,2,4,0.160,6846
3727,1024,4,3,4,2,8,0.252,6611
3728,1024,4,3,4,2,16,0.202,12392
3732,1024,4,3,4,3,4,0.150,7846
3733,1024,4,3,4,3,8,0.240,7905
3762,1024,4,4,1,4,4,0.150,11736
3763,1024,4,4,1,4,8,0.230,11295
3768,1024,4,4,2,1,4,0.187,5876
3769,1024,4,4,2,1,8,0.306,6566
3770,1024,4,4,2,1,16,0.246,10721
3774,1024,4,4,2,2,4,0.157,7886
3775,1024,4,4,2,2,8,0.253,8204
3780,1024,4,4,2,3,4,0.149,10014
3781,1024,4,4,2,3,8,0.238,9934
3786,1024,4,4,2,4,4,0.144,11780
3787,1024,4,4,2,4,8,0.228,11454
3792,1024,4,4,3,1,4,0.185,6324
3793,1024,4,4,3,1,8,0.312,6576
3794,1024,4,4,3,1,16,0.247,11582
3798,1024,4,4,3,2,4,0.159,8357
3799,1024,4,4,3,2,8,0.254,8384
3828,1024,4,4,4,3,4,0.150,10114
3829,1024,4,4,4,3,8,0.234,10019
3834,1024,4,4,4,4,4,0.144,11899
3835,1024,4,4,4,4,8,0.230,11456
3840,2048,1,1,1,1,4,0.633,416
3841,2048,1,1,1,1,8,1.025,436
3842,2048,1,1,1,1,16,0.802,663
3843,2048,1,1,1,1,32,1.002,1132
3844,2048,1,1,1,1,64,1.015,2147
3845,2048,1,1,1,1,128,0.989,3978
3846,2048,1,1,1,2,4,0.528,524
3847,2048,1,1,1,2,8,0.790,583
3848,2048,1,1,1,2,16,0.672,1024
3849,2048,1,1,1,2,32,0.829,1906
3850,2048,1,1,1,2,64,0.793,3762
3851,2048,1,1,1,2,128,0.795,4931
3852,2048,1,1,1,3,4,0.516,679
3853,2048,1,1,1,3,8,0.722,701
3854,2048,1,1,1,3,16,0.601,1327
3855,2048,1,1,1,3,32,0.786,2385
3856,2048,1,1,1,3,64,0.728,4030
3857,2048,1,1,1,3,128,0.732,6982
3858,2048,1,1,1,4,4,0.494,780
3859,2048,1,1,1,4,8,0.695,779
3860,2048,1,1,1,4,16,0.569,1556
3861,2048,1,1,1,4,32,0.764,2848
3862,2048,1,1,1,4,64,0.723,4937
3863,2048,1,1,1,4,128,0.720,8674
3864,2048,1,1,2,1,4,0.602,408
3865,2048,1,1,2,1,8,1.021,464
3866,2048,1,1,2,1,16,0.784,696
3867,2048,1,1,2,1,32,1.014,1226
3868,2048,1,1,2,1,64,0.986,2311
3869,2048,1,1,2,1,128,1.018,4247
3870,2048,1,1,2,2,4,0.516,544
3871,2048,1,1,2,2,8,0.825,583
3872,2048,1,1,2,2,16,0.676,1064
3873,2048,1,1,2,2,32,0.818,1900
3874,2048,1,1,2,2,64,0.820,3579
3875,2048,1,1,2,2,128,0.807,5450
3876,2048,1,1,2,3,4,0.524,673
3877,2048,1,1,2,3,8,0.779,704
3878,2048,1,1,2,3,16,0.587,1335
3879,2048,1,1,2,3,32,0.726,2437
3880,2048,1,1,2,3,64,0.793,4123
3881,2048,1,1,2,3,128,0.748,7248
3882,2048,1,1,2,4,4,0.505,780
3883,2048,1,1,2,4,8,0.681,781
3884,2048,1,1,2,4,16,0.570,1612
3885,2048,1,1,2,4,32,0.759,2950
3886,2048,1,1,2,4,64,0.718,5069
3887,2048,1,1,2,4,128,0.717,9003
3888,2048,1,1,3,1,4,0.623,454
3890,2048,1,1,3,1,16,0.788,813
3891,2048,1,1,3,1,32,1.003,1611
3892,2048,1,1,3,1,64,0.997,2558
3893,2048,1,1,3,1,128,0.943,3797
3894,2048,1,1,3,2,4,0.549,616
3895,2048,1,1,3,2,8,0.810,624
3896,2048,1,1,3,2,16,0.667,1155
3897,2048,1,1,3,2,32,0.798,1956
3898,2048,1,1,3,2,64,0.823,3192
3899,2048,1,1,3,2,128,0.835,5520
3900,2048,1,1,3,3,4,0.513,730
3901,2048,1,1,3,3,8,0.730,752
3902,2048,1,1,3,3,16,0.606,1445
3903,2048,1,1,3,3,32,0.784,2550
3904,2048,1,1,3,3,64,0.756,4396
3905,2048,1,1,3,3,128,0.757,7787
3906,2048,1,1,3,4,4,0.505,867
3907,2048,1,1,3,4,8,0.715,889
3908,2048,1,1,3,4,16,0.580,1712
3909,2048,1,1,3,4,32,0.747,3031
3910,2048,1,1,3,4,64,0.719,5315
3911,2048,1,1,3,4,128,0.737,9235
3912,2048,1,1,4,1,4,0.636,423
3913,2048,1,1,4,1,8,0.980,472
3914,2048,1,1,4,1,16,0.766,721
3915,2048,1,1,4,1,32,1.007,1202
3916,2048,1,1,4,1,64,1.005,2028
3917,2048,1,1,4,1,128,0.968,3510
3918,2048,1,1,4,2,4,0.545,582
3919,2048,1,1,4,2,8,0.818,589
3920,2048,1,1,4,2,16,0.686,1093
3921,2048,1,1,4,2,32,0.842,2169
3922,2048,1,1,4,2,64,0.828,3544
3923,2048,1,1,4,2,128,0.823,5530
3924,2048,1,1,4,3,4,0.513,681
3925,2048,1,1,4,3,8,0.724,763
3926,2048,1,1,4,3,16,0.602,1333
3927,2048,1,1,4,3,32,0.770,2419
3928,2048,1,1,4,3,64,0.792,4205
3929,2048,1,1,4,3,128,0.757,7341
3930,2048,1,1,4,4,4,0.487,853
3931,2048,1,1,4,4,8,0.664,841
3932,2048,1,1,4,4,16,0.567,1647
3933,2048,1,1,4,4,32,0.773,2813
3934,2048,1,1,4,4,64,0.722,5109
3935,2048,1,1,4,4,128,0.748,8981
3936,2048,1,2,1,1,4,0.657,804
3938,2048,1,2,1,1,16,0.826,1341
3939,2048,1,2,1,1,32,1.003,2405
3940,2048,1,2,1,1,64,1.022,4181
3941,2048,1,2,1,1,128,1.108,7010
3942,2048,1,2,1,2,4,0.573,1080
3943,2048,1,2,1,2,8,0.800,1094
3944,2048,1,2,1,2,16,0.687,2048
3945,2048,1,2,1,2,32,0.863,3601
3946,2048,1,2,1,2,64,0.839,6274
3947,2048,1,2,1,2,128,0.831,11248
3948,2048,1,2,1,3,4,0.529,1278
3949,2048,1,2,1,3,8,0.742,1292
3950,2048,1,2,1,3,16,0.609,2616
3951,2048,1,2,1,3,32,0.782,4820
3952,2048,1,2,1,3,64,0.758,7806
3954,2048,1,2,1,4,4,0.517,1582
3955,2048,1,2,1,4,8,0.710,1557
3956,2048,1,2,1,4,16,0.560,3357
3957,2048,1,2,1,4,32,0.782,5914
3958,2048,1,2,1,4,64,0.754,9772
3960,2048,1,2,2,1,4,0.640,812
3961,2048,1,2,2,1,8,0.986,869
3962,2048,1,2,2,1,16,0.820,1419
3964,2048,1,2,2,1,64,1.034,4226
3965,2048,1,2,2,1,128,1.012,7355
3966,2048,1,2,2,2,4,0.564,1077
3967,2048,1,2,2,2,8,0.857,1102
3968,2048,1,2,2,2,16,0.678,2099
3969,2048,1,2,2,2,32,0.865,3649
3970,2048,1,2,2,2,64,0.848,6389
3971,2048,1,2,2,2,128,0.818,11437
3972,2048,1,2,2,3,4,0.526,1304
3973,2048,1,2,2,3,8,0.738,1292
3974,2048,1,2,2,3,16,0.594,2788
3975,2048,1,2,2,3,32,0.805,4901
3976,2048,1,2,2,3,64,0.775,8019
3978,2048,1,2,2,4,4,0.508,1588
3979,2048,1,2,2,4,8,0.756,1549
3980,2048,1,2,2,4,16,0.578,3304
3981,2048,1,2,2,4,32,0.783,5994
3982,2048,1,2,2,4,64,0.754,10209
3984,2048,1,2,3,1,4,0.662,843
3985,2048,1,2,3,1,8,0.982,909
3986,2048,1,2,3,1,16,0.869,1553
3987,2048,1,2,3,1,32,1.062,2734
3988,2048,1,2,3,1,64,1.026,4309
3989,2048,1,2,3,1,128,1.033,7724
3990,2048,1,2,3,2,4,0.555,1099
3991,2048,1,2,3,2,8,0.834,1158
3992,2048,1,2,3,2,16,0.671,2130
3993,2048,1,2,3,2,32,0.846,3799
3994,2048,1,2,3,2,64,0.850,6703
3995,2048,1,2,3,2,128,0.823,11921
3996,2048,1,2,3,3,4,0.521,1356
3997,2048,1,2,3,3,8,0.710,1388
3998,2048,1,2,3,3,16,0.599,3050
3999,2048,1,2,3,3,32,0.805,4998
4000,2048,1,2,3,3,64,0.789,8334
4003,2048,1,2,3,4,8,0.735,1626
4004,2048,1,2,3,4,16,0.586,3431
4005,2048,1,2,3,4,32,0.765,6031
4006,2048,1,2,3,4,64,0.787,10883
4008,2048,1,2,4,1,4,0.678,769
4009,2048,1,2,4,1,8,1.015,854
4010,2048,1,2,4,1,16,0.887,1438
4011,2048,1,2,4,1,32,1.022,2498
4012,2048,1,2,4,1,64,1.047,4163
4013,2048,1,2,4,1,128,1.042,7446
4014,2048,1,2,4,2,4,0.554,1094
4015,2048,1,2,4,2,8,0.840,1145
4016,2048,1,2,4,2,16,0.667,2092
4017,2048,1,2,4,2,32,0.873,3843
4018,2048,1,2,4,2,64,0.837,6482
4019,2048,1,2,4,2,128,0.839,11324
4020,2048,1,2,4,3,4,0.517,1308
4022,2048,1,2,4,3,16,0.622,2844
4023,2048,1,2,4,3,32,0.779,4952
4024,2048,1,2,4,3,64,0.797,8212
4026,2048,1,2,4,4,4,0.504,1574
4027,2048,1,2,4,4,8,0.715,1580
4028,2048,1,2,4,4,16,0.573,3463
4029,2048,1,2,4,4,32,0.786,5903
4030,2048,1,2,4,4,64,0.763,10008
4032,2048,1,3,1,1,4,0.667,1202
4033,2048,1,3,1,1,8,1.071,1251
4034,2048,1,3,1,1,16,0.820,2374
4035,2048,1,3,1,1,32,1.083,3479
4036,2048,1,3,1,1,64,1.054,6198
4037,2048,1,3,1,1,128,1.033,10260
4038,2048,1,3,1,2,4,0.549,1606
4039,2048,1,3,1,2,8,0.853,1626
4040,2048,1,3,1,2,16,0.695,3064
4041,2048,1,3,1,2,32,0.877,5328
4042,2048,1,3,1,2,64,0.868,8838
4044,2048,1,3,1,3,4,0.519,2006
4045,2048,1,3,1,3,8,0.774,1964
4046,2048,1,3,1,3,16,0.624,3942
4047,2048,1,3,1,3,32,0.816,7320
4048,2048,1,3,1,3,64,0.810,12297
4050,2048,1,3,1,4,4,0.512,2354
4051,2048,1,3,1,4,8,0.702,2233
4052,2048,1,3,1,4,16,0.573,5033
4053,2048,1,3,1,4,32,0.795,8285
4056,2048,1,3,2,1,4,0.636,1191
4057,2048,1,3,2,1,8,1.114,1256
4058,2048,1,3,2,1,16,0.828,2399
4059,2048,1,3,2,1,32,1.077,3816
4060,2048,1,3,2,1,64,1.064,5874
4061,2048,1,3,2,1,128,1.093,10851
4062,2048,1,3,2,2,4,0.550,1654
4063,2048,1,3,2,2,8,0.872,1658
4064,2048,1,3,2,2,16,0.686,3158
4065,2048,1,3,2,2,32,0.883,5612
4066,2048,1,3,2,2,64,0.861,9129
4068,2048,1,3,2,3,4,0.525,2014
4069,2048,1,3,2,3,8,0.818,1932
4070,2048,1,3,2,3,16,0.620,4258
4071,2048,1,3,2,3,32,0.825,7370
4072,2048,1,3,2,3,64,0.812,12341
4075,2048,1,3,2,4,8,0.746,2280
4076,2048,1,3,2,4,16,0.572,5422
4077,2048,1,3,2,4,32,0.784,8643
4080,2048,1,3,3,1,4,0.648,1233
4081,2048,1,3,3,1,8,0.984,1347
4082,2048,1,3,3,1,16,0.826,2222
4083,2048,1,3,3,1,32,1.092,3885
4084,2048,1,3,3,1,64,1.022,6581
4085,2048,1,3,3,1,128,1.075,11458
4086,2048,1,3,3,2,4,0.575,1684
4087,2048,1,3,3,2,8,0.838,1734
4088,2048,1,3,3,2,16,0.696,3338
4089,2048,1,3,3,2,32,0.876,5578
4090,2048,1,3,3,2,64,0.847,9454
4092,2048,1,3,3,3,4,0.527,2026
4093,2048,1,3,3,3,8,0.784,1959
4094,2048,1,3,3,3,16,0.606,4146
4095,2048,1,3,3,3,32,0.820,7378
4096,2048,1,3,3,3,64,0.802,12594
4098,2048,1,3,3,4,4,0.514,2391
4099,2048,1,3,3,4,8,0.751,2399
4100,2048,1,3,3,4,16,0.589,5037
4101,2048,1,3,3,4,32,0.787,8488
4106,2048,1,3,4,1,16,0.823,2222
4107,2048,1,3,4,1,32,1.088,3758
4108,2048,1,3,4,1,64,1.082,6055
4109,2048,1,3,4,1,128,1.066,11171
4110,2048,1,3,4,2,4,0.559,1681
4111,2048,1,3,4,2,8,0.779,1712
4112,2048,1,3,4,2,16,0.685,3212
4113,2048,1,3,4,2,32,0.878,5439
4114,2048,1,3,4,2,64,0.880,9081
4116,2048,1,3,4,3,4,0.542,2008
4117,2048,1,3,4,3,8,0.812,1924
4118,2048,1,3,4,3,16,0.608,4086
4119,2048,1,3,4,3,32,0.824,7240
4120,2048,1,3,4,3,64,0.794,12373
4122,2048,1,3,4,4,4,0.509,2313
4123,2048,1,3,4,4,8,0.747,2383
4124,2048,1,3,4,4,16,0.568,5130
4125,2048,1,3,4,4,32,0.780,8782
4128,2048,1,4,1,1,4,0.661,1469
4129,2048,1,4,1,1,8,1.039,1524
4130,2048,1,4,1,1,16,0.825,2993
4131,2048,1,4,1,1,32,1.103,4913
4132,2048,1,4,1,1,64,1.029,8206
4134,2048,1,4,1,2,4,0.549,2031
4135,2048,1,4,1,2,8,0.857,1954
4136,2048,1,4,1,2,16,0.680,4142
4137,2048,1,4,1,2,32,0.892,7262
4138,2048,1,4,1,2,64,0.875,11954
4140,2048,1,4,1,3,4,0.526,2447
4141,2048,1,4,1,3,8,0.802,2465
4142,2048,1,4,1,3,16,0.618,5182
4143,2048,1,4,1,3,32,0.824,9221
4146,2048,1,4,1,4,4,0.520,3091
4147,2048,1,4,1,4,8,0.756,2889
4148,2048,1,4,1,4,16,0.595,6680
4149,2048,1,4,1,4,32,0.799,11294
4152,2048,1,4,2,1,4,0.661,1518
4158,2048,1,4,2,2,4,0.561,1983
4159,2048,1,4,2,2,8,0.870,2097
4160,2048,1,4,2,2,16,0.696,4166
4161,2048,1,4,2,2,32,0.903,7148
4162,2048,1,4,2,2,64,0.855,12102
4164,2048,1,4,2,3,4,0.520,2451
4165,2048,1,4,2,3,8,0.794,2529
4166,2048,1,4,2,3,16,0.617,5228
4167,2048,1,4,2,3,32,0.815,9064
4170,2048,1,4,2,4,4,0.517,3021
4171,2048,1,4,2,4,8,0.724,2921
4172,2048,1,4,2,4,16,0.581,6620
4173,2048,1,4,2,4,32,0.793,11627
4176,2048,1,4,3,1,4,0.656,1461
4177,2048,1,4,3,1,8,1.034,1597
4178,2048,1,4,3,1,16,0.841,3080
4179,2048,1,4,3,1,32,1.076,5065
4180,2048,1,4,3,1,64,1.045,8444
4182,2048,1,4,3,2,4,0.561,2121
4183,2048,1,4,3,2,8,0.843,2003
4184,2048,1,4,3,2,16,0.687,4260
4185,2048,1,4,3,2,32,0.883,7428
4186,2048,1,4,3,2,64,0.876,12257
4188,2048,1,4,3,3,4,0.536,2559
4189,2048,1,4,3,3,8,0.786,2475
4190,2048,1,4,3,3,16,0.617,5238
4191,2048,1,4,3,3,32,0.824,9383
4194,2048,1,4,3,4,4,0.515,3124
4195,2048,1,4,3,4,8,0.757,3093
4196,2048,1,4,3,4,16,0.581,6764
4197,2048,1,4,3,4,32,0.814,11651
4200,2048,1,4,4,1,4,0.672,1514
4201,2048,1,4,4,1,8,1.052,1569
4202,2048,1,4,4,1,16,0.875,2989
4203,2048,1,4,4,1,32,1.106,5089
4204,2048,1,4,4,1,64,1.051,8514
4206,2048,1,4,4,2,4,0.570,2019
4207,2048,1,4,4,2,8,0.853,1987
4208,2048,1,4,4,2,16,0.675,4131
4209,2048,1,4,4,2,32,0.890,7441
4210,2048,1,4,4,2,64,0.904,12235
4212,2048,1,4,4,3,4,0.529,2471
4213,2048,1,4,4,3,8,0.779,2518
4224,2048,2,1,1,1,4,1.301,843
4225,2048,2,1,1,1,8,2.194,872
4226,2048,2,1,1,1,16,1.697,1510
4227,2048,2,1,1,1,32,2.077,2583
4228,2048,2,1,1,1,64,2.216,4139
4229,2048,2,1,1,1,128,2.102,7335
4230,2048,2,1,1,2,4,1.076,1099
4231,2048,2,1,1,2,8,1.804,1095
4232,2048,2,1,1,2,16,1.400,2136
4233,2048,2,1,1,2,32,1.872,3667
4234,2048,2,1,1,2,64,1.896,5900
4235,2048,2,1,1,2,128,1.798,11307
4236,2048,2,1,1,3,4,1.015,1362
4237,2048,2,1,1,3,8,1.735,1349
4238,2048,2,1,1,3,16,1.287,2669
4239,2048,2,1,1,3,32,1.764,4994
4240,2048,2,1,1,3,64,0.937,7973
4242,2048,2,1,1,4,4,0.969,1555
4243,2048,2,1,1,4,8,1.657,1519
4244,2048,2,1,1,4,16,1.242,3337
4245,2048,2,1,1,4,32,1.693,6147
4246,2048,2,1,1,4,64,1.636,10222
4248,2048,2,1,2,1,4,1.314,848
4249,2048,2,1,2,1,8,2.218,945
4250,2048,2,1,2,1,16,1.692,1472
4251,2048,2,1,2,1,32,2.240,2417
4252,2048,2,1,2,1,64,2.160,4221
4253,2048,2,1,2,1,128,2.158,8209
4254,2048,2,1,2,2,4,1.091,1085
4255,2048,2,1,2,2,8,1.845,1140
4256,2048,2,1,2,2,16,1.438,2085
4257,2048,2,1,2,2,32,1.922,3437
4258,2048,2,1,2,2,64,1.827,6121
4259,2048,2,1,2,2,128,1.842,10350
4260,2048,2,1,2,3,4,1.027,1381
4261,2048,2,1,2,3,8,1.776,1448
4262,2048,2,1,2,3,16,1.330,2720
4263,2048,2,1,2,3,32,0.942,5095
4264,2048,2,1,2,3,64,0.899,8044
4266,2048,2,1,2,4,4,1.032,1505
4268,2048,2,1,2,4,16,1.241,3319
4269,2048,2,1,2,4,32,1.642,5804
4270,2048,2,1,2,4,64,1.675,10008
4272,2048,2,1,3,1,4,1.357,962
4274,2048,2,1,3,1,16,1.706,1750
4275,2048,2,1,3,1,32,2.225,3043
4276,2048,2,1,3,1,64,2.086,5009
4277,2048,2,1,3,1,128,2.138,8650
4278,2048,2,1,3,2,4,1.110,1216
4279,2048,2,1,3,2,8,1.799,1374
4280,2048,2,1,3,2,16,1.464,2211
4281,2048,2,1,3,2,32,1.821,4486
4282,2048,2,1,3,2,64,1.773,7245
4284,2048,2,1,3,3,4,0.998,1520
4285,2048,2,1,3,3,8,1.732,1589
4290,2048,2,1,3,4,4,0.969,1702
4291,2048,2,1,3,4,8,1.769,1812
4292,2048,2,1,3,4,16,1.242,3691
4293,2048,2,1,3,4,32,1.775,6360
4294,2048,2,1,3,4,64,1.708,10836
4296,2048,2,1,4,1,4,1.313,886
4297,2048,2,1,4,1,8,2.173,963
4298,2048,2,1,4,1,16,1.762,1542
4299,2048,2,1,4,1,32,2.181,2495
4300,2048,2,1,4,1,64,2.138,4375
4301,2048,2,1,4,1,128,2.117,8196
4302,2048,2,1,4,2,4,1.092,1131
4303,2048,2,1,4,2,8,1.829,1156
4304,2048,2,1,4,2,16,1.383,1996
4305,2048,2,1,4,2,32,1.867,3629
4306,2048,2,1,4,2,64,1.903,5715
4308,2048,2,1,4,3,4,1.020,1443
4310,2048,2,1,4,3,16,1.255,2768
4311,2048,2,1,4,3,32,1.748,4825
4312,2048,2,1,4,3,64,1.732,8322
4314,2048,2,1,4,4,4,0.947,1544
4315,2048,2,1,4,4,8,1.615,1632
4316,2048,2,1,4,4,16,1.247,3502
4317,2048,2,1,4,4,32,0.946,5872
4318,2048,2,1,4,4,64,1.692,9926
4320,2048,2,2,1,1,4,1.329,1518
4321,2048,2,2,1,1,8,2.208,1606
4322,2048,2,2,1,1,16,1.676,2850
4323,2048,2,2,1,1,32,2.202,5135
4324,2048,2,2,1,1,64,2.114,8390
4326,2048,2,2,1,2,4,1.054,2134
4327,2048,2,2,1,2,8,1.801,2132
4328,2048,2,2,1,2,16,1.350,4216
4329,2048,2,2,1,2,32,1.820,7362
4330,2048,2,2,1,2,64,1.882,12469
4332,2048,2,2,1,3,4,1.027,2618
4333,2048,2,2,1,3,8,1.732,2472
4334,2048,2,2,1,3,16,1.213,5337
4335,2048,2,2,1,3,32,1.663,9458
4338,2048,2,2,1,4,4,0.994,3196
4340,2048,2,2,1,4,16,1.153,6793
4341,2048,2,2,1,4,32,0.919,11308
4356,2048,2,2,2,3,4,1.027,2613
4357,2048,2,2,2,3,8,1.641,2616
4358,2048,2,2,2,3,16,1.174,5518
4359,2048,2,2,2,3,32,0.932,9318
4362,2048,2,2,2,4,4,1.019,3191
4363,2048,2,2,2,4,8,1.616,3149
4364,2048,2,2,2,4,16,1.190,6484
4365,2048,2,2,2,4,32,1.610,11585
4368,2048,2,2,3,1,4,1.258,1668
4370,2048,2,2,3,1,16,1.726,3178
4371,2048,2,2,3,1,32,1.193,5603
4372,2048,2,2,3,1,64,2.261,9006
4374,2048,2,2,3,2,4,1.072,2247
4375,2048,2,2,3,2,8,1.768,2334
4376,2048,2,2,3,2,16,1.291,4628
4377,2048,2,2,3,2,32,0.995,7724
4378,2048,2,2,3,2,64,1.754,13063
4380,2048,2,2,3,3,4,1.013,2731
4381,2048,2,2,3,3,8,1.697,2755
4383,2048,2,2,3,3,32,1.700,10247
4386,2048,2,2,3,4,4,0.972,3310
4387,2048,2,2,3,4,8,1.612,3300
4388,2048,2,2,3,4,16,0.681,6932
4393,2048,2,2,4,1,8,2.112,1664
4422,2048,2,3,1,2,4,1.067,3284
4423,2048,2,3,1,2,8,1.809,3279
4424,2048,2,3,1,2,16,1.325,6556
4425,2048,2,3,1,2,32,1.016,10641
4429,2048,2,3,1,3,8,1.668,4071
4430,2048,2,3,1,3,16,1.196,7926
4431,2048,2,3,1,3,32,0.953,13211
4434,2048,2,3,1,4,4,0.563,4694
4435,2048,2,3,1,4,8,1.639,4602
4436,2048,2,3,1,4,16,0.670,9602
4440,2048,2,3,2,1,4,1.408,2292
4441,2048,2,3,2,1,8,2.235,2389
4442,2048,2,3,2,1,16,0.964,4454
4443,2048,2,3,2,1,32,2.159,7545
4444,2048,2,3,2,1,64,2.233,11804
4458,2048,2,3,2,4,4,0.571,4715
4488,2048,2,3,4,1,4,1.294,2477
4490,2048,2,3,4,1,16,0.990,4444
4491,2048,2,3,4,1,32,2.105,7222
4492,2048,2,3,4,1,64,2.153,11884
4494,2048,2,3,4,2,4,1.090,3124
4495,2048,2,3,4,2,8,1.806,3302
4496,2048,2,3,4,2,16,0.776,6737
4497,2048,2,3,4,2,32,0.974,10793
4500,2048,2,3,4,3,4,1.004,4007
4501,2048,2,3,4,3,8,1.615,3966
4502,2048,2,3,4,3,16,1.267,8130
4506,2048,2,3,4,4,4,1.051,4606
4507,2048,2,3,4,4,8,1.598,4672
4543,2048,2,4,2,2,8,1.837,4258
4554,2048,2,4,2,4,4,1.002,6012
4555,2048,2,4,2,4,8,1.536,5995
4560,2048,2,4,3,1,4,1.300,3250
4561,2048,2,4,3,1,8,2.197,3234
4563,2048,2,4,3,1,32,2.132,10036
4566,2048,2,4,3,2,4,0.624,4215
4567,2048,2,4,3,2,8,1.808,4371
4568,2048,2,4,3,2,16,1.399,8452
4597,2048,2,4,4,3,8,1.642,5017
4621,2048,3,1,1,3,8,1.175,1967
4622,2048,3,1,1,3,16,0.937,4326
4623,2048,3,1,1,3,32,1.163,7303
4624,2048,3,1,1,3,64,1.185,12488
4626,2048,3,1,1,4,4,0.633,2273
4627,2048,3,1,1,4,8,1.123,2234
4628,2048,3,1,1,4,16,0.843,4831
4629,2048,3,1,1,4,32,1.141,8480
4633,2048,3,1,2,1,8,1.404,1400
4635,2048,3,1,2,1,32,1.403,4054
4638,2048,3,1,2,2,4,0.699,1625
4639,2048,3,1,2,2,8,1.205,1725
4644,2048,3,1,2,3,4,0.672,1971
4645,2048,3,1,2,3,8,1.144,2086
4668,2048,3,1,3,3,4,0.679,2187
4674,2048,3,1,3,4,4,0.649,2578
4686,2048,3,1,4,2,4,0.709,1704
4687,2048,3,1,4,2,8,1.251,1772
4689,2048,3,1,4,2,32,1.235,5991
4690,2048,3,1,4,2,64,1.246,9925
4692,2048,3,1,4,3,4,0.672,2080
4693,2048,3,1,4,3,8,1.150,2079
4694,2048,3,1,4,3,16,0.925,4063
4695,2048,3,1,4,3,32,1.180,7466
4696,2048,3,1,4,3,64,1.129,12144
4698,2048,3,1,4,4,4,0.648,2420
4699,2048,3,1,4,4,8,1.195,2339
4700,2048,3,1,4,4,16,0.758,5686
4701,2048,3,1,4,4,32,1.175,9072
4717,2048,3,2,1,3,8,1.113,3978
4741,2048,3,2,2,3,8,1.097,3988
4752,2048,3,2,3,1,4,0.894,2520
4753,2048,3,2,3,1,8,1.417,2665
4754,2048,3,2,3,1,16,1.099,5161
4755,2048,3,2,3,1,32,1.398,8235
4756,2048,3,2,3,1,64,1.402,13214
4758,2048,3,2,3,2,4,0.684,3310
4759,2048,3,2,3,2,8,1.151,3493
4760,2048,3,2,3,2,16,0.796,6758
4761,2048,3,2,3,2,32,1.161,11046
4818,2048,3,3,1,4,4,0.570,7303
4819,2048,3,3,1,4,8,1.097,6941
4824,2048,3,3,2,1,4,0.842,3573
4825,2048,3,3,2,1,8,1.368,3839
4826,2048,3,3,2,1,16,0.976,6332
4884,2048,3,3,4,3,4,0.674,5863
4885,2048,3,3,4,3,8,1.090,5927
4886,2048,3,3,4,3,16,0.717,11692
4890,2048,3,3,4,4,4,0.563,7241
4891,2048,3,3,4,4,8,1.048,7109
4950,2048,3,4,3,2,4,0.727,6369
4951,2048,3,4,3,2,8,1.135,6533
4952,2048,3,4,3,2,16,0.844,12548
4956,2048,3,4,3,3,4,0.642,7846
4957,2048,3,4,3,3,8,0.935,7874
4968,2048,3,4,4,1,4,0.859,4353
5004,2048,4,1,1,3,4,0.584,2654
5017,2048,4,1,2,1,8,1.159,1834
5018,2048,4,1,2,1,16,0.966,2824
5019,2048,4,1,2,1,32,1.139,4942
5020,2048,4,1,2,1,64,1.120,8300
5022,2048,4,1,2,2,4,0.624,2167
5023,2048,4,1,2,2,8,0.978,2222
5025,2048,4,1,2,2,32,1.038,7372
5029,2048,4,1,2,3,8,0.949,2792
5035,2048,4,1,2,4,8,0.956,3171
5064,2048,4,1,4,1,4,0.732,1684
5072,2048,4,1,4,2,16,0.829,4567
5076,2048,4,1,4,3,4,0.578,2778
5082,2048,4,1,4,4,4,0.561,3240
5083,2048,4,1,4,4,8,0.945,3190
5084,2048,4,1,4,4,16,0.768,7491
5085,2048,4,1,4,4,32,0.981,12296
5148,2048,4,2,3,3,4,0.587,5373
5149,2048,4,2,3,3,8,0.969,5491
5150,2048,4,2,3,3,16,0.736,10904
5161,2048,4,2,4,1,8,1.169,3339
5214,2048,4,3,2,2,4,0.616,6564
5215,2048,4,3,2,2,8,0.998,6514
5280,2048,4,4,1,1,4,0.716,5891
5328,2048,4,4,3,1,4,0.740,6644
5379,4096,1,1,1,1,32,4.091,1116
5384,4096,1,1,1,2,16,2.941,1037
5385,4096,1,1,1,2,32,3.564,1917
5388,4096,1,1,1,3,4,2.240,672
5392,4096,1,1,1,3,64,3.169,4094
5395,4096,1,1,1,4,8,3.001,785
5397,4096,1,1,1,4,32,3.298,2948
5400,4096,1,1,2,1,4,2.713,415
5407,4096,1,1,2,2,8,3.563,557
5408,4096,1,1,2,2,16,2.975,0
5409,4096,1,1,2,2,32,3.671,2030
5412,4096,1,1,2,3,4,2.221,689
5480,4096,1,2,1,2,16,3.010,2058
5502,4096,1,2,2,2,4,2.393,1074
5504,4096,1,2,2,2,16,2.990,2082
5520,4096,1,2,3,1,4,2.833,838
5521,4096,1,2,3,1,8,4.531,920
5526,4096,1,2,3,2,4,2.442,1117
5539,4096,1,2,3,4,8,3.024,1619
5544,4096,1,2,4,1,4,2.961,818
5550,4096,1,2,4,2,4,2.381,1097
5569,4096,1,3,1,1,8,4.527,1216
5574,4096,1,3,1,2,4,2.413,1676
5592,4096,1,3,2,1,4,2.871,1188
5593,4096,1,3,2,1,8,4.405,1268
5610,4096,1,3,2,4,4,2.211,2385
5677,4096,1,4,1,3,8,3.456,2429
5683,4096,1,4,1,4,8,3.349,2928
5689,4096,1,4,2,1,8,4.529,1562
5719,4096,1,4,3,2,8,3.618,2137
5726,4096,1,4,3,3,16,2.669,5632
5730,4096,1,4,3,4,4,2.268,3099
5736,4096,1,4,4,1,4,2.843,1439
5737,4096,1,4,4,1,8,4.746,1582
5744,4096,1,4,4,2,16,3.017,4318
5762,4096,2,1,1,1,16,7.115,1556
5766,4096,2,1,1,2,4,4.226,1091
5767,4096,2,1,1,2,8,7.277,1095
5772,4096,2,1,1,3,4,4.055,1337
5784,4096,2,1,2,1,4,5.150,836
5785,4096,2,1,2,1,8,8.388,919
5786,4096,2,1,2,1,16,6.709,1518
5792,4096,2,1,2,2,16,5.539,2200
5798,4096,2,1,2,3,16,5.184,2857
5802,4096,2,1,2,4,4,3.846,1597
5804,4096,2,1,2,4,16,4.951,3268
5814,4096,2,1,3,2,4,4.280,1278
5838,4096,2,1,4,2,4,4.391,1153
5846,4096,2,1,4,3,16,5.375,2693
5851,4096,2,1,4,4,8,6.729,1639
5856,4096,2,2,1,1,4,5.012,1517
5857,4096,2,2,1,1,8,8.640,1596
5858,4096,2,2,1,1,16,6.867,3037
5862,4096,2,2,1,2,4,4.291,2251
5868,4096,2,2,1,3,4,4.019,2689
5893,4096,2,2,2,3,8,6.437,2554
5940,4096,2,2,4,3,4,4.086,2575
5952,4096,2,3,1,1,4,5.127,2348
5964,4096,2,3,1,3,4,4.063,3985
5983,4096,2,3,2,2,8,7.190,3316
5994,4096,2,3,2,4,4,4.443,4761
6027,4096,2,3,4,1,32,4.764,7374
6096,4096,2,4,3,1,4,5.221,0
6148,4096,3,1,1,1,64,5.912,6098
6162,4096,3,1,1,4,4,2.583,2348
6163,4096,3,1,1,4,8,4.586,2173
6222,4096,3,1,4,2,4,2.904,1702
6229,4096,3,1,4,3,8,4.616,2166
6270,4096,3,2,2,2,4,2.685,3230
6288,4096,3,2,3,1,4,3.417,2601
6337,4096,3,3,1,1,8,5.727,3763
6349,4096,3,3,1,3,8,4.161,5740
6379,4096,3,3,2,4,8,4.141,7173
6408,4096,3,3,4,1,4,3.459,3603
6414,4096,3,3,4,2,4,2.948,4887
6433,4096,3,4,1,1,8,4.745,4606
6535,4096,4,1,1,2,8,4.048,2078
6536,4096,4,1,1,2,16,3.303,4473
6552,4096,4,1,2,1,4,2.943,1602
6577,4096,4,1,3,1,8,4.340,2094
6582,4096,4,1,3,2,4,2.413,2436
6606,4096,4,1,4,2,4,2.487,2329
6607,4096,4,1,4,2,8,3.932,2261
6608,4096,4,1,4,2,16,3.327,4657
6620,4096,4,1,4,4,16,3.072,7083
6654,4096,4,2,2,2,4,2.490,4158
6674,4096,4,2,3,1,16,3.846,6684
6696,4096,4,2,4,1,4,2.967,2975
6913,8192,1,1,1,1,8,18.013,468
6915,8192,1,1,1,1,32,18.161,1119
6921,8192,1,1,1,2,32,14.139,1954
6932,8192,1,1,1,4,16,10.749,1631
6933,8192,1,1,1,4,32,14.208,2980
6936,8192,1,1,2,1,4,12.207,436
6938,8192,1,1,2,1,16,14.737,708
6943,8192,1,1,2,2,8,13.598,584
6954,8192,1,1,2,4,4,9.461,822
6955,8192,1,1,2,4,8,12.591,816
6960,8192,1,1,3,1,4,11.612,468
6962,8192,1,1,3,1,16,14.790,798
6967,8192,1,1,3,2,8,14.715,648
6978,8192,1,1,3,4,4,9.548,889
6996,8192,1,1,4,3,4,9.662,711
6997,8192,1,1,4,3,8,13.302,744
7002,8192,1,1,4,4,4,9.504,853
7003,8192,1,1,4,4,8,13.195,852
7004,8192,1,1,4,4,16,10.878,1664
7009,8192,1,2,1,1,8,20.099,853
7010,8192,1,2,1,1,16,15.938,1497
7021,8192,1,2,1,3,8,13.852,1333
7026,8192,1,2,1,4,4,9.528,1579
7044,8192,1,2,2,3,4,10.180,1332
7051,8192,1,2,2,4,8,13.443,1597
7057,8192,1,2,3,1,8,19.484,938
7080,8192,1,2,4,1,4,12.565,855
7087,8192,1,2,4,2,8,15.880,1145
7092,8192,1,2,4,3,4,9.713,1338
7099,8192,1,2,4,4,8,13.431,1635
7112,8192,1,3,1,2,16,12.976,3484
7136,8192,1,3,2,2,16,13.013,3362
7153,8192,1,3,3,1,8,19.665,1373
7172,8192,1,3,3,4,16,10.887,5327
7177,8192,1,3,4,1,8,20.468,1310
7183,8192,1,3,4,2,8,16.036,1722
7196,8192,1,3,4,4,16,10.716,5078
7206,8192,1,4,1,2,4,10.603,2052
7224,8192,1,4,2,1,4,12.551,1460
7230,8192,1,4,2,2,4,10.669,2053
7261,8192,1,4,3,3,8,14.807,2545
7278,8192,1,4,4,2,4,10.512,2253
7284,8192,1,4,4,3,4,10.155,2582
7302,8192,2,1,1,2,4,19.852,1133
7310,8192,2,1,1,3,16,23.893,2881
7321,8192,2,1,2,1,8,40.340,975
7333,8192,2,1,2,3,8,31.795,1432
7345,8192,2,1,3,1,8,41.074,1179
7346,8192,2,1,3,1,16,32.551,1808
7370,8192,2,1,4,1,16,31.749,1461
7374,8192,2,1,4,2,4,20.200,1168
7377,8192,2,1,4,2,32,34.618,3636
7388,8192,2,1,4,4,16,23.596,3381
7395,8192,2,2,1,1,32,40.174,5306
7410,8192,2,2,1,4,4,17.868,3232
7424,8192,2,2,2,2,16,25.686,4348
7429,8192,2,2,2,3,8,29.505,2630
7435,8192,2,2,2,4,8,30.543,3160
7476,8192,2,2,4,3,4,18.725,2655
7477,8192,2,2,4,3,8,30.744,2661
7494,8192,2,3,1,2,4,20.291,3258
7495,8192,2,3,1,2,8,33.215,3357
7500,8192,2,3,1,3,4,18.528,4149
7621,8192,2,4,2,3,8,31.555,5085
7686,8192,3,1,1,2,4,13.816,1677
7694,8192,3,1,1,3,16,17.972,4358
7698,8192,3,1,1,4,4,12.616,2352
7710,8192,3,1,2,2,4,14.118,1690
7723,8192,3,1,2,4,8,22.275,2328
7735,8192,3,1,3,2,8,24.306,1996
7740,8192,3,1,3,3,4,13.679,2320
7741,8192,3,1,3,3,8,22.736,2429
7770,8192,3,1,4,4,4,12.396,2467
7772,8192,3,1,4,4,16,15.041,5263
7788,8192,3,2,1,3,4,13.523,4095
7825,8192,3,2,3,1,8,28.512,2715
7920,8192,3,3,3,1,4,16.532,3947
8064,8192,4,1,1,1,4,15.893,1661
8070,8192,4,1,1,2,4,13.068,2153
8076,8192,4,1,1,3,4,11.938,2771
8089,8192,4,1,2,1,8,22.448,1875
8094,8192,4,1,2,2,4,12.915,2159
8101,8192,4,1,2,3,8,20.782,2805
8112,8192,4,1,3,1,4,15.591,1906
8113,8192,4,1,3,1,8,23.024,2184
8148,8192,4,1,4,3,4,12.186,2867
8166,8192,4,2,1,2,4,13.312,4233
8281,8192,4,3,2,1,8,26.068,5222
