n,knob_PARTITION_FACTOR,knob_SUBDIM_X,knob_UNROLL_FACTOR1,knob_UNROLL_FACTOR2,obj1,obj2
0000,1,1,1,1,88.322,216
0001,1,1,1,2,88.322,216
0002,1,1,1,3,88.322,216
0003,1,1,1,4,88.322,216
0004,1,1,1,5,88.322,216
0005,1,1,1,6,88.322,216
0006,1,1,1,7,88.322,216
0007,1,1,1,8,88.322,216
0008,1,1,2,1,87.114,256
0009,1,1,2,2,87.114,256
0010,1,1,2,3,87.114,256
0011,1,1,2,4,87.114,256
0012,1,1,2,5,87.114,256
0013,1,1,2,6,87.114,256
0014,1,1,2,7,87.114,256
0015,1,1,2,8,87.114,256
0016,1,1,3,1,88.907,277
0017,1,1,3,2,88.907,277
0018,1,1,3,3,88.907,277
0019,1,1,3,4,88.907,277
0020,1,1,3,5,88.907,277
0021,1,1,3,6,88.907,277
0022,1,1,3,7,88.907,277
0023,1,1,3,8,88.907,277
0024,1,1,4,1,89.594,283
0025,1,1,4,2,89.594,283
0026,1,1,4,3,89.594,283
0027,1,1,4,4,89.594,283
0028,1,1,4,5,89.594,283
0029,1,1,4,6,89.594,283
0030,1,1,4,7,89.594,283
0031,1,1,4,8,89.594,283
0032,1,1,5,1,89.916,355
0033,1,1,5,2,89.916,355
0034,1,1,5,3,89.916,355
0035,1,1,5,4,89.916,355
0036,1,1,5,5,89.916,355
0037,1,1,5,6,89.916,355
0038,1,1,5,7,89.916,355
0039,1,1,5,8,89.916,355
0040,1,1,6,1,88.669,393
0041,1,1,6,2,88.669,393
0042,1,1,6,3,88.669,393
0043,1,1,6,4,88.669,393
0044,1,1,6,5,88.669,393
0045,1,1,6,6,88.669,393
0046,1,1,6,7,88.669,393
0047,1,1,6,8,88.669,393
0048,1,1,7,1,89.873,422
0049,1,1,7,2,89.873,422
0050,1,1,7,3,89.873,422
0051,1,1,7,4,89.873,422
0052,1,1,7,5,89.873,422
0053,1,1,7,6,89.873,422
0054,1,1,7,7,89.873,422
0055,1,1,7,8,89.873,422
0056,1,1,8,1,89.271,395
0057,1,1,8,2,89.271,395
0058,1,1,8,3,89.271,395
0059,1,1,8,4,89.271,395
0060,1,1,8,5,89.271,395
0061,1,1,8,6,89.271,395
0062,1,1,8,7,89.271,395
0063,1,1,8,8,89.271,395
0064,1,2,1,1,88.483,239
0065,1,2,1,2,88.812,232
0066,1,2,1,3,88.812,232
0067,1,2,1,4,88.812,232
0068,1,2,1,5,88.812,232
0069,1,2,1,6,88.812,232
0070,1,2,1,7,88.812,232
0071,1,2,1,8,88.812,232
0072,1,2,2,1,91.885,280
0073,1,2,2,2,92.301,285
0074,1,2,2,3,92.301,285
0075,1,2,2,4,92.301,285
0076,1,2,2,5,92.301,285
0077,1,2,2,6,92.301,285
0078,1,2,2,7,92.301,285
0079,1,2,2,8,92.301,285
0080,1,2,3,1,89.693,323
0081,1,2,3,2,89.862,384
0082,1,2,3,3,89.862,384
0083,1,2,3,4,89.862,384
0084,1,2,3,5,89.862,384
0085,1,2,3,6,89.862,384
0086,1,2,3,7,89.862,384
0087,1,2,3,8,89.862,384
0088,1,2,4,1,89.305,366
0089,1,2,4,2,90.205,404
0090,1,2,4,3,90.205,404
0091,1,2,4,4,90.205,404
0092,1,2,4,5,90.205,404
0093,1,2,4,6,90.205,404
0094,1,2,4,7,90.205,404
0095,1,2,4,8,90.205,404
0096,1,2,5,1,92.722,441
0097,1,2,5,2,89.604,538
0098,1,2,5,3,89.604,538
0099,1,2,5,4,89.604,538
0100,1,2,5,5,89.604,538
0101,1,2,5,6,89.604,538
0102,1,2,5,7,89.604,538
0103,1,2,5,8,89.604,538
0104,1,2,6,1,90.864,414
0105,1,2,6,2,90.420,582
0106,1,2,6,3,90.420,582
0107,1,2,6,4,90.420,582
0108,1,2,6,5,90.420,582
0109,1,2,6,6,90.420,582
0110,1,2,6,7,90.420,582
0111,1,2,6,8,90.420,582
0112,1,2,7,1,91.036,477
0113,1,2,7,2,88.787,695
0114,1,2,7,3,88.787,695
0115,1,2,7,4,88.787,695
0116,1,2,7,5,88.787,695
0117,1,2,7,6,88.787,695
0118,1,2,7,7,88.787,695
0119,1,2,7,8,88.787,695
0120,1,2,8,1,89.025,432
0121,1,2,8,2,90.506,680
0122,1,2,8,3,90.506,680
0123,1,2,8,4,90.506,680
0124,1,2,8,5,90.506,680
0125,1,2,8,6,90.506,680
0126,1,2,8,7,90.506,680
0127,1,2,8,8,90.506,680
0128,1,4,1,1,87.731,201
0129,1,4,1,2,88.404,284
0130,1,4,1,3,137.322,332
0131,1,4,1,4,89.669,303
0132,1,4,1,5,89.669,303
0133,1,4,1,6,89.669,303
0134,1,4,1,7,89.669,303
0135,1,4,1,8,89.669,303
0136,1,4,2,1,89.088,266
0137,1,4,2,2,88.858,305
0138,1,4,2,3,135.581,473
0139,1,4,2,4,89.228,391
0140,1,4,2,5,89.228,391
0141,1,4,2,6,89.228,391
0142,1,4,2,7,89.228,391
0143,1,4,2,8,89.228,391
0144,1,4,3,1,89.669,326
0145,1,4,3,2,89.815,406
0146,1,4,3,3,134.453,612
0147,1,4,3,4,91.022,551
0148,1,4,3,5,91.022,551
0149,1,4,3,6,91.022,551
0150,1,4,3,7,91.022,551
0151,1,4,3,8,91.022,551
0152,1,4,4,1,90.119,306
0153,1,4,4,2,88.729,409
0154,1,4,4,3,138.546,760
0155,1,4,4,4,89.431,656
0156,1,4,4,5,89.431,656
0157,1,4,4,6,89.431,656
0158,1,4,4,7,89.431,656
0159,1,4,4,8,89.431,656
0160,1,4,5,1,90.603,393
0161,1,4,5,2,89.266,578
0162,1,4,5,3,131.487,897
0163,1,4,5,4,87.884,882
0164,1,4,5,5,87.884,882
0165,1,4,5,6,87.884,882
0166,1,4,5,7,87.884,882
0167,1,4,5,8,87.884,882
0168,1,4,6,1,90.625,436
0169,1,4,6,2,87.880,601
0170,1,4,6,3,137.580,1046
0171,1,4,6,4,95.609,1002
0172,1,4,6,5,95.609,1002
0173,1,4,6,6,95.609,1002
0174,1,4,6,7,95.609,1002
0175,1,4,6,8,95.609,1002
0176,1,4,7,1,89.884,484
0177,1,4,7,2,89.257,745
0178,1,4,7,3,136.727,1221
0179,1,4,7,4,92.162,1219
0180,1,4,7,5,92.162,1219
0181,1,4,7,6,92.162,1219
0182,1,4,7,7,92.162,1219
0183,1,4,7,8,92.162,1219
0184,1,4,8,1,87.454,435
0185,1,4,8,2,90.340,653
0186,1,4,8,3,142.365,1281
0187,1,4,8,4,89.957,1200
0188,1,4,8,5,89.957,1200
0189,1,4,8,6,89.957,1200
0190,1,4,8,7,89.957,1200
0191,1,4,8,8,89.957,1200
0192,1,8,1,1,87.838,229
0193,1,8,1,2,87.888,288
0194,1,8,1,3,101.586,306
0195,1,8,1,4,88.380,295
0196,1,8,1,5,115.092,415
0197,1,8,1,6,133.736,458
0198,1,8,1,7,157.363,472
0199,1,8,1,8,88.733,405
0200,1,8,2,1,92.632,286
0201,1,8,2,2,89.383,298
0202,1,8,2,3,99.966,479
0203,1,8,2,4,90.358,404
0204,1,8,2,5,113.332,616
0205,1,8,2,6,136.926,703
0206,1,8,2,7,162.740,704
0207,1,8,2,8,91.311,630
0208,1,8,3,1,91.676,338
0209,1,8,3,2,87.600,384
0210,1,8,3,3,102.070,622
0211,1,8,3,4,94.248,576
0212,1,8,3,5,113.964,796
0213,1,8,3,6,135.364,1086
0214,1,8,3,7,174.155,1074
0215,1,8,3,8,93.224,990
0216,1,8,4,1,89.924,317
0217,1,8,4,2,93.369,419
0218,1,8,4,3,100.776,719
0219,1,8,4,4,89.402,613
0220,1,8,4,5,115.051,939
0221,1,8,4,6,136.716,1147
0222,1,8,4,7,162.608,1289
0223,1,8,4,8,90.763,1187
0224,1,8,5,1,88.938,395
0225,1,8,5,2,89.578,552
0226,1,8,5,3,103.135,875
0227,1,8,5,4,88.287,808
0228,1,8,5,5,116.235,1303
0229,1,8,5,6,137.155,1492
0230,1,8,5,7,160.675,1693
0231,1,8,5,8,90.980,1461
0232,1,8,6,1,89.304,422
0233,1,8,6,2,88.676,611
0234,1,8,6,3,104.961,989
0235,1,8,6,4,89.630,913
0236,1,8,6,5,113.241,1495
0237,1,8,6,6,143.796,1769
0238,1,8,6,7,171.037,1978
0239,1,8,6,8,90.336,1752
0240,1,8,7,1,90.818,486
0241,1,8,7,2,89.804,746
0242,1,8,7,3,102.482,1199
0243,1,8,7,4,88.512,1094
0244,1,8,7,5,116.867,1778
0245,1,8,7,6,137.574,2095
0246,1,8,7,7,166.880,2319
0247,1,8,7,8,95.718,2189
0248,1,8,8,1,88.495,425
0249,1,8,8,2,90.199,626
0250,1,8,8,3,103.991,1274
0251,1,8,8,4,93.409,1046
0252,1,8,8,5,115.601,1815
0253,1,8,8,6,139.085,2090
0254,1,8,8,7,173.833,2366
0255,1,8,8,8,91.150,2125
0256,1,16,1,1,88.580,248
0257,1,16,1,2,89.048,259
0258,1,16,1,3,102.671,319
0259,1,16,1,4,88.455,297
0260,1,16,1,5,115.757,419
0261,1,16,1,6,101.764,434
0262,1,16,1,7,116.666,482
0263,1,16,1,8,89.819,422
0264,1,16,2,1,89.139,246
0265,1,16,2,2,89.575,326
0266,1,16,2,3,102.078,469
0267,1,16,2,4,91.217,412
0268,1,16,2,5,112.882,628
0269,1,16,2,6,103.916,724
0270,1,16,2,7,117.667,672
0271,1,16,2,8,88.981,599
0272,1,16,3,1,88.325,291
0273,1,16,3,2,88.944,403
0274,1,16,3,3,100.764,602
0275,1,16,3,4,89.931,561
0276,1,16,3,5,112.644,831
0277,1,16,3,6,99.700,926
0278,1,16,3,7,117.388,1048
0279,1,16,3,8,89.220,920
0280,1,16,4,1,89.236,317
0281,1,16,4,2,90.510,422
0282,1,16,4,3,102.997,745
0283,1,16,4,4,90.035,606
0284,1,16,4,5,111.123,985
0285,1,16,4,6,102.368,1166
0286,1,16,4,7,118.259,1270
0287,1,16,4,8,92.591,1069
0288,1,16,5,1,90.251,377
0289,1,16,5,2,89.613,532
0290,1,16,5,3,103.607,889
0291,1,16,5,4,90.105,784
0292,1,16,5,5,116.932,1271
0293,1,16,5,6,108.793,1489
0294,1,16,5,7,117.984,1708
0295,1,16,5,8,90.577,1360
0296,1,16,6,1,91.345,407
0297,1,16,6,2,91.104,579
0298,1,16,6,3,105.599,1081
0299,1,16,6,4,94.540,911
0300,1,16,6,5,112.819,1505
0301,1,16,6,6,103.483,1721
0302,1,16,6,7,125.892,2027
0303,1,16,6,8,93.529,1666
0304,1,16,7,1,88.834,477
0305,1,16,7,2,87.444,736
0306,1,16,7,3,104.927,1194
0307,1,16,7,4,91.138,1071
0308,1,16,7,5,119.029,1768
0309,1,16,7,6,105.434,2052
0310,1,16,7,7,123.133,2275
0311,1,16,7,8,93.544,1961
0312,1,16,8,1,88.935,464
0313,1,16,8,2,89.146,623
0314,1,16,8,3,106.176,1295
0315,1,16,8,4,88.434,1091
0316,1,16,8,5,115.635,1921
0317,1,16,8,6,109.717,2094
0318,1,16,8,7,127.651,2348
0319,1,16,8,8,90.915,1975
0320,1,32,1,1,90.063,237
0321,1,32,1,2,89.682,254
0322,1,32,1,3,91.931,307
0323,1,32,1,4,87.553,313
0324,1,32,1,5,97.408,402
0325,1,32,1,6,100.190,451
0326,1,32,1,7,99.687,469
0327,1,32,1,8,89.528,400
0328,1,32,2,1,90.643,270
0329,1,32,2,2,88.952,300
0330,1,32,2,3,94.834,447
0331,1,32,2,4,86.951,366
0332,1,32,2,5,99.723,630
0333,1,32,2,6,101.676,704
0334,1,32,2,7,99.487,692
0335,1,32,2,8,87.391,607
0336,1,32,3,1,88.336,310
0337,1,32,3,2,89.674,387
0338,1,32,3,3,93.618,629
0339,1,32,3,4,91.037,560
0340,1,32,3,5,100.325,791
0341,1,32,3,6,102.562,1069
0342,1,32,3,7,100.983,1050
0343,1,32,3,8,90.907,906
0344,1,32,4,1,88.623,346
0345,1,32,4,2,88.318,423
0346,1,32,4,3,92.485,738
0347,1,32,4,4,91.560,604
0348,1,32,4,5,98.677,937
0349,1,32,4,6,101.990,1166
0350,1,32,4,7,101.802,1241
0351,1,32,4,8,90.087,1104
0352,1,32,5,1,91.175,385
0353,1,32,5,2,90.000,570
0354,1,32,5,3,96.335,857
0355,1,32,5,4,86.097,809
0356,1,32,5,5,99.917,1272
0357,1,32,5,6,105.720,1523
0358,1,32,5,7,107.144,1678
0359,1,32,5,8,94.853,1410
0360,1,32,6,1,96.543,430
0361,1,32,6,2,91.004,602
0362,1,32,6,3,94.280,970
0363,1,32,6,4,92.442,904
0364,1,32,6,5,99.535,1470
0365,1,32,6,6,99.742,1659
0366,1,32,6,7,106.410,1980
0367,1,32,6,8,91.377,1634
0368,1,32,7,1,91.025,486
0369,1,32,7,2,91.289,729
0370,1,32,7,3,97.666,1213
0371,1,32,7,4,90.632,1098
0372,1,32,7,5,106.370,1783
0373,1,32,7,6,103.363,2061
0374,1,32,7,7,104.759,2306
0375,1,32,7,8,88.825,1909
0376,1,32,8,1,88.580,433
0377,1,32,8,2,90.445,665
0378,1,32,8,3,93.881,1240
0379,1,32,8,4,90.593,1076
0380,1,32,8,5,100.345,1888
0381,1,32,8,6,104.843,2132
0382,1,32,8,7,109.500,2418
0383,1,32,8,8,90.292,1940
0384,2,1,1,1,71.314,226
0385,2,1,1,2,71.314,226
0386,2,1,1,3,71.314,226
0387,2,1,1,4,71.314,226
0388,2,1,1,5,71.314,226
0389,2,1,1,6,71.314,226
0390,2,1,1,7,71.314,226
0391,2,1,1,8,71.314,226
0392,2,1,2,1,70.321,260
0393,2,1,2,2,70.321,260
0394,2,1,2,3,70.321,260
0395,2,1,2,4,70.321,260
0396,2,1,2,5,70.321,260
0397,2,1,2,6,70.321,260
0398,2,1,2,7,70.321,260
0399,2,1,2,8,70.321,260
0400,2,1,3,1,72.443,348
0401,2,1,3,2,72.443,348
0402,2,1,3,3,72.443,348
0403,2,1,3,4,72.443,348
0404,2,1,3,5,72.443,348
0405,2,1,3,6,72.443,348
0406,2,1,3,7,72.443,348
0407,2,1,3,8,72.443,348
0408,2,1,4,1,71.265,327
0409,2,1,4,2,71.265,327
0410,2,1,4,3,71.265,327
0411,2,1,4,4,71.265,327
0412,2,1,4,5,71.265,327
0413,2,1,4,6,71.265,327
0414,2,1,4,7,71.265,327
0415,2,1,4,8,71.265,327
0416,2,1,5,1,72.227,482
0417,2,1,5,2,72.227,482
0418,2,1,5,3,72.227,482
0419,2,1,5,4,72.227,482
0420,2,1,5,5,72.227,482
0421,2,1,5,6,72.227,482
0422,2,1,5,7,72.227,482
0423,2,1,5,8,72.227,482
0424,2,1,6,1,73.121,512
0425,2,1,6,2,73.121,512
0426,2,1,6,3,73.121,512
0427,2,1,6,4,73.121,512
0428,2,1,6,5,73.121,512
0429,2,1,6,6,73.121,512
0430,2,1,6,7,73.121,512
0431,2,1,6,8,73.121,512
0432,2,1,7,1,71.539,647
0433,2,1,7,2,71.539,647
0434,2,1,7,3,71.539,647
0435,2,1,7,4,71.539,647
0436,2,1,7,5,71.539,647
0437,2,1,7,6,71.539,647
0438,2,1,7,7,71.539,647
0439,2,1,7,8,71.539,647
0440,2,1,8,1,72.708,538
0441,2,1,8,2,72.708,538
0442,2,1,8,3,72.708,538
0443,2,1,8,4,72.708,538
0444,2,1,8,5,72.708,538
0445,2,1,8,6,72.708,538
0446,2,1,8,7,72.708,538
0447,2,1,8,8,72.708,538
0448,2,2,1,1,71.160,212
0449,2,2,1,2,70.210,280
0450,2,2,1,3,70.210,280
0451,2,2,1,4,70.210,280
0452,2,2,1,5,70.210,280
0453,2,2,1,6,70.210,280
0454,2,2,1,7,70.210,280
0455,2,2,1,8,70.210,280
0456,2,2,2,1,71.054,274
0457,2,2,2,2,72.554,369
0458,2,2,2,3,72.554,369
0459,2,2,2,4,72.554,369
0460,2,2,2,5,72.554,369
0461,2,2,2,6,72.554,369
0462,2,2,2,7,72.554,369
0463,2,2,2,8,72.554,369
0464,2,2,3,1,71.724,379
0465,2,2,3,2,69.983,509
0466,2,2,3,3,69.983,509
0467,2,2,3,4,69.983,509
0468,2,2,3,5,69.983,509
0469,2,2,3,6,69.983,509
0470,2,2,3,7,69.983,509
0471,2,2,3,8,69.983,509
0472,2,2,4,1,70.254,394
0473,2,2,4,2,73.069,534
0474,2,2,4,3,73.069,534
0475,2,2,4,4,73.069,534
0476,2,2,4,5,73.069,534
0477,2,2,4,6,73.069,534
0478,2,2,4,7,73.069,534
0479,2,2,4,8,73.069,534
0480,2,2,5,1,70.709,592
0481,2,2,5,2,71.633,841
0482,2,2,5,3,71.633,841
0483,2,2,5,4,71.633,841
0484,2,2,5,5,71.633,841
0485,2,2,5,6,71.633,841
0486,2,2,5,7,71.633,841
0487,2,2,5,8,71.633,841
0488,2,2,6,1,72.257,558
0489,2,2,6,2,70.920,913
0490,2,2,6,3,70.920,913
0491,2,2,6,4,70.920,913
0492,2,2,6,5,70.920,913
0493,2,2,6,6,70.920,913
0494,2,2,6,7,70.920,913
0495,2,2,6,8,70.920,913
0496,2,2,7,1,75.730,726
0497,2,2,7,2,72.218,1137
0498,2,2,7,3,72.218,1137
0499,2,2,7,4,72.218,1137
0500,2,2,7,5,72.218,1137
0501,2,2,7,6,72.218,1137
0502,2,2,7,7,72.218,1137
0503,2,2,7,8,72.218,1137
0504,2,2,8,1,71.121,600
0505,2,2,8,2,71.229,965
0506,2,2,8,3,71.229,965
0507,2,2,8,4,71.229,965
0508,2,2,8,5,71.229,965
0509,2,2,8,6,71.229,965
0510,2,2,8,7,71.229,965
0511,2,2,8,8,71.229,965
0512,2,4,1,1,71.624,232
0513,2,4,1,2,74.241,280
0514,2,4,1,3,110.702,382
0515,2,4,1,4,71.987,339
0516,2,4,1,5,71.987,339
0517,2,4,1,6,71.987,339
0518,2,4,1,7,71.987,339
0519,2,4,1,8,71.987,339
0520,2,4,2,1,72.624,275
0521,2,4,2,2,71.262,383
0522,2,4,2,3,108.458,706
0523,2,4,2,4,72.433,518
0524,2,4,2,5,72.433,518
0525,2,4,2,6,72.433,518
0526,2,4,2,7,72.433,518
0527,2,4,2,8,72.433,518
0528,2,4,3,1,70.819,438
0529,2,4,3,2,74.081,535
0530,2,4,3,3,111.953,926
0531,2,4,3,4,69.519,917
0532,2,4,3,5,69.519,917
0533,2,4,3,6,69.519,917
0534,2,4,3,7,69.519,917
0535,2,4,3,8,69.519,917
0536,2,4,4,1,72.288,381
0537,2,4,4,2,73.548,614
0538,2,4,4,3,108.779,1152
0539,2,4,4,4,72.853,969
0540,2,4,4,5,72.853,969
0541,2,4,4,6,72.853,969
0542,2,4,4,7,72.853,969
0543,2,4,4,8,72.853,969
0544,2,4,5,1,73.870,566
0545,2,4,5,2,72.155,832
0546,2,4,5,3,108.199,1490
0547,2,4,5,4,73.008,1487
0548,2,4,5,5,73.008,1487
0549,2,4,5,6,73.008,1487
0550,2,4,5,7,73.008,1487
0551,2,4,5,8,73.008,1487
0552,2,4,6,1,71.378,575
0553,2,4,6,2,71.631,913
0554,2,4,6,3,113.796,1803
0555,2,4,6,4,72.931,1664
0556,2,4,6,5,72.931,1664
0557,2,4,6,6,72.931,1664
0558,2,4,6,7,72.931,1664
0559,2,4,6,8,72.931,1664
0560,2,4,7,1,71.043,715
0561,2,4,7,2,75.328,1199
0562,2,4,7,3,110.664,2110
0563,2,4,7,4,72.365,2170
0564,2,4,7,5,72.365,2170
0565,2,4,7,6,72.365,2170
0566,2,4,7,7,72.365,2170
0567,2,4,7,8,72.365,2170
0568,2,4,8,1,70.079,608
0569,2,4,8,2,72.963,1160
0570,2,4,8,3,111.397,2279
0571,2,4,8,4,81.431,1798
0572,2,4,8,5,81.431,1798
0573,2,4,8,6,81.431,1798
0574,2,4,8,7,81.431,1798
0575,2,4,8,8,81.431,1798
0576,2,8,1,1,71.271,253
0577,2,8,1,2,72.840,276
0578,2,8,1,3,78.933,392
0579,2,8,1,4,71.058,405
0580,2,8,1,5,91.133,506
0581,2,8,1,6,111.944,550
0582,2,8,1,7,127.506,688
0583,2,8,1,8,73.430,532
0584,2,8,2,1,70.972,263
0585,2,8,2,2,70.710,380
0586,2,8,2,3,82.114,645
0587,2,8,2,4,71.009,670
0588,2,8,2,5,88.296,930
0589,2,8,2,6,107.431,1039
0590,2,8,2,7,128.603,1244
0591,2,8,2,8,71.916,987
0592,2,8,3,1,72.924,356
0593,2,8,3,2,73.899,537
0594,2,8,3,3,79.310,953
0595,2,8,3,4,72.092,916
0596,2,8,3,5,90.456,1429
0597,2,8,3,6,109.739,1596
0598,2,8,3,7,130.063,1998
0599,2,8,3,8,71.779,1765
0600,2,8,4,1,73.895,396
0601,2,8,4,2,71.028,618
0602,2,8,4,3,82.201,1173
0603,2,8,4,4,71.851,1174
0604,2,8,4,5,96.795,1873
0605,2,8,4,6,110.899,2036
0606,2,8,4,7,129.836,2415
0607,2,8,4,8,77.245,1834
0608,2,8,5,1,73.853,581
0609,2,8,5,2,72.413,870
0610,2,8,5,3,81.545,1522
0611,2,8,5,4,72.385,1467
0612,2,8,5,5,94.283,2278
0613,2,8,5,6,115.247,2721
0614,2,8,5,7,137.857,3140
0615,2,8,5,8,72.820,2826
0616,2,8,6,1,71.877,559
0617,2,8,6,2,72.534,962
0618,2,8,6,3,83.683,1760
0619,2,8,6,4,72.102,1741
0620,2,8,6,5,96.970,2646
0621,2,8,6,6,117.362,3078
0622,2,8,6,7,136.444,3674
0623,2,8,6,8,72.975,3055
0624,2,8,7,1,74.541,717
0625,2,8,7,2,73.367,1154
0626,2,8,7,3,82.164,2013
0627,2,8,7,4,72.437,2072
0628,2,8,7,5,98.097,3171
0629,2,8,7,6,112.590,3607
0630,2,8,7,7,134.127,4261
0631,2,8,7,8,79.507,3849
0632,2,8,8,1,74.986,629
0633,2,8,8,2,71.543,1130
0634,2,8,8,3,83.670,2182
0635,2,8,8,4,72.839,2153
0636,2,8,8,5,96.816,3515
0637,2,8,8,6,115.205,3800
0638,2,8,8,7,134.605,4606
0639,2,8,8,8,83.064,3395
0640,2,16,1,1,70.799,219
0641,2,16,1,2,69.943,308
0642,2,16,1,3,80.293,381
0643,2,16,1,4,72.494,394
0644,2,16,1,5,90.084,585
0645,2,16,1,6,79.858,569
0646,2,16,1,7,95.784,696
0647,2,16,1,8,71.393,621
0648,2,16,2,1,73.808,276
0649,2,16,2,2,71.955,362
0650,2,16,2,3,82.459,634
0651,2,16,2,4,70.724,613
0652,2,16,2,5,90.836,933
0653,2,16,2,6,79.558,1041
0654,2,16,2,7,95.637,1296
0655,2,16,2,8,71.118,1058
0656,2,16,3,1,72.589,374
0657,2,16,3,2,71.433,504
0658,2,16,3,3,82.336,933
0659,2,16,3,4,70.666,919
0660,2,16,3,5,92.278,1493
0661,2,16,3,6,81.436,1609
0662,2,16,3,7,97.175,1898
0663,2,16,3,8,73.158,1696
0664,2,16,4,1,72.037,399
0665,2,16,4,2,72.067,612
0666,2,16,4,3,82.314,1122
0667,2,16,4,4,73.148,1162
0668,2,16,4,5,93.210,1824
0669,2,16,4,6,82.884,2111
0670,2,16,4,7,99.845,2392
0671,2,16,4,8,74.213,2023
0672,2,16,5,1,71.594,548
0673,2,16,5,2,72.836,855
0674,2,16,5,3,82.686,1516
0675,2,16,5,4,71.175,1512
0676,2,16,5,5,89.971,2253
0677,2,16,5,6,82.831,2536
0678,2,16,5,7,99.863,3093
0679,2,16,5,8,77.105,2773
0680,2,16,6,1,72.031,568
0681,2,16,6,2,71.863,1020
0682,2,16,6,3,84.666,1791
0683,2,16,6,4,73.124,1716
0684,2,16,6,5,98.371,2753
0685,2,16,6,6,86.939,3043
0686,2,16,6,7,102.127,3602
0687,2,16,6,8,77.421,3107
0688,2,16,7,1,71.217,710
0689,2,16,7,2,71.325,1196
0690,2,16,7,3,83.945,2081
0691,2,16,7,4,73.110,2169
0692,2,16,7,5,95.915,3177
0693,2,16,7,6,84.438,3530
0694,2,16,7,7,101.523,4136
0695,2,16,7,8,75.035,3753
0696,2,16,8,1,71.745,666
0697,2,16,8,2,72.376,1110
0698,2,16,8,3,81.975,2330
0699,2,16,8,4,70.457,2151
0700,2,16,8,5,96.799,3562
0701,2,16,8,6,87.565,3752
0702,2,16,8,7,100.827,4546
0703,2,16,8,8,75.648,3814
0704,2,32,1,1,72.174,229
0705,2,32,1,2,70.373,281
0706,2,32,1,3,75.710,399
0707,2,32,1,4,71.445,436
0708,2,32,1,5,81.276,525
0709,2,32,1,6,82.224,557
0710,2,32,1,7,79.508,677
0711,2,32,1,8,71.951,605
0712,2,32,2,1,70.550,292
0713,2,32,2,2,70.399,383
0714,2,32,2,3,73.202,639
0715,2,32,2,4,70.225,602
0716,2,32,2,5,79.095,928
0717,2,32,2,6,80.270,1038
0718,2,32,2,7,83.156,1206
0719,2,32,2,8,75.149,1092
0720,2,32,3,1,68.463,455
0721,2,32,3,2,70.994,515
0722,2,32,3,3,75.305,885
0723,2,32,3,4,77.542,898
0724,2,32,3,5,80.206,1457
0725,2,32,3,6,84.305,1553
0726,2,32,3,7,82.735,1920
0727,2,32,3,8,73.346,1674
0728,2,32,4,1,70.584,413
0729,2,32,4,2,74.061,639
0730,2,32,4,3,74.708,1143
0731,2,32,4,4,71.910,1111
0732,2,32,4,5,78.408,1759
0733,2,32,4,6,82.136,2075
0734,2,32,4,7,81.924,2456
0735,2,32,4,8,71.616,2091
0736,2,32,5,1,71.345,527
0737,2,32,5,2,71.375,840
0738,2,32,5,3,75.857,1487
0739,2,32,5,4,74.132,1466
0740,2,32,5,5,81.629,2262
0741,2,32,5,6,84.462,2567
0742,2,32,5,7,84.101,3005
0743,2,32,5,8,75.008,2695
0744,2,32,6,1,70.180,567
0745,2,32,6,2,72.110,1043
0746,2,32,6,3,74.771,1810
0747,2,32,6,4,74.222,1756
0748,2,32,6,5,82.433,2657
0749,2,32,6,6,87.253,3033
0750,2,32,6,7,83.260,3686
0751,2,32,6,8,73.903,3022
0752,2,32,7,1,71.895,719
0753,2,32,7,2,72.656,1130
0754,2,32,7,3,75.325,2011
0755,2,32,7,4,74.433,2138
0756,2,32,7,5,87.563,3191
0757,2,32,7,6,86.784,3526
0758,2,32,7,7,84.064,4220
0759,2,32,7,8,78.258,3663
0760,2,32,8,1,72.381,647
0761,2,32,8,2,74.009,1160
0762,2,32,8,3,76.933,2132
0763,2,32,8,4,71.832,2091
0764,2,32,8,5,85.450,3454
0765,2,32,8,6,86.314,3812
0766,2,32,8,7,86.822,4474
0767,2,32,8,8,73.516,3889
0768,4,1,1,1,72.715,187
0769,4,1,1,2,72.715,187
0770,4,1,1,3,72.715,187
0771,4,1,1,4,72.715,187
0772,4,1,1,5,72.715,187
0773,4,1,1,6,72.715,187
0774,4,1,1,7,72.715,187
0775,4,1,1,8,72.715,187
0776,4,1,2,1,69.436,271
0777,4,1,2,2,69.436,271
0778,4,1,2,3,69.436,271
0779,4,1,2,4,69.436,271
0780,4,1,2,5,69.436,271
0781,4,1,2,6,69.436,271
0782,4,1,2,7,69.436,271
0783,4,1,2,8,69.436,271
0784,4,1,3,1,72.538,347
0785,4,1,3,2,72.538,347
0786,4,1,3,3,72.538,347
0787,4,1,3,4,72.538,347
0788,4,1,3,5,72.538,347
0789,4,1,3,6,72.538,347
0790,4,1,3,7,72.538,347
0791,4,1,3,8,72.538,347
0792,4,1,4,1,73.500,376
0793,4,1,4,2,73.500,376
0794,4,1,4,3,73.500,376
0795,4,1,4,4,73.500,376
0796,4,1,4,5,73.500,376
0797,4,1,4,6,73.500,376
0798,4,1,4,7,73.500,376
0799,4,1,4,8,73.500,376
0800,4,1,5,1,71.144,541
0801,4,1,5,2,71.144,541
0802,4,1,5,3,71.144,541
0803,4,1,5,4,71.144,541
0804,4,1,5,5,71.144,541
0805,4,1,5,6,71.144,541
0806,4,1,5,7,71.144,541
0807,4,1,5,8,71.144,541
0808,4,1,6,1,73.654,588
0809,4,1,6,2,73.654,588
0810,4,1,6,3,73.654,588
0811,4,1,6,4,73.654,588
0812,4,1,6,5,73.654,588
0813,4,1,6,6,73.654,588
0814,4,1,6,7,73.654,588
0815,4,1,6,8,73.654,588
0816,4,1,7,1,71.943,685
0817,4,1,7,2,71.943,685
0818,4,1,7,3,71.943,685
0819,4,1,7,4,71.943,685
0820,4,1,7,5,71.943,685
0821,4,1,7,6,71.943,685
0822,4,1,7,7,71.943,685
0823,4,1,7,8,71.943,685
0824,4,1,8,1,74.169,596
0825,4,1,8,2,74.169,596
0826,4,1,8,3,74.169,596
0827,4,1,8,4,74.169,596
0828,4,1,8,5,74.169,596
0829,4,1,8,6,74.169,596
0830,4,1,8,7,74.169,596
0831,4,1,8,8,74.169,596
0832,4,2,1,1,70.893,232
0833,4,2,1,2,70.399,259
0834,4,2,1,3,70.399,259
0835,4,2,1,4,70.399,259
0836,4,2,1,5,70.399,259
0837,4,2,1,6,70.399,259
0838,4,2,1,7,70.399,259
0839,4,2,1,8,70.399,259
0840,4,2,2,1,70.100,282
0841,4,2,2,2,71.798,377
0842,4,2,2,3,71.798,377
0843,4,2,2,4,71.798,377
0844,4,2,2,5,71.798,377
0845,4,2,2,6,71.798,377
0846,4,2,2,7,71.798,377
0847,4,2,2,8,71.798,377
0848,4,2,3,1,73.547,452
0849,4,2,3,2,69.674,580
0850,4,2,3,3,69.674,580
0851,4,2,3,4,69.674,580
0852,4,2,3,5,69.674,580
0853,4,2,3,6,69.674,580
0854,4,2,3,7,69.674,580
0855,4,2,3,8,69.674,580
0856,4,2,4,1,72.738,432
0857,4,2,4,2,73.868,584
0858,4,2,4,3,73.868,584
0859,4,2,4,4,73.868,584
0860,4,2,4,5,73.868,584
0861,4,2,4,6,73.868,584
0862,4,2,4,7,73.868,584
0863,4,2,4,8,73.868,584
0864,4,2,5,1,72.704,615
0865,4,2,5,2,71.470,933
0866,4,2,5,3,71.470,933
0867,4,2,5,4,71.470,933
0868,4,2,5,5,71.470,933
0869,4,2,5,6,71.470,933
0870,4,2,5,7,71.470,933
0871,4,2,5,8,71.470,933
0872,4,2,6,1,71.913,660
0873,4,2,6,2,71.462,1030
0874,4,2,6,3,71.462,1030
0875,4,2,6,4,71.462,1030
0876,4,2,6,5,71.462,1030
0877,4,2,6,6,71.462,1030
0878,4,2,6,7,71.462,1030
0879,4,2,6,8,71.462,1030
0880,4,2,7,1,70.606,821
0881,4,2,7,2,72.562,1265
0882,4,2,7,3,72.562,1265
0883,4,2,7,4,72.562,1265
0884,4,2,7,5,72.562,1265
0885,4,2,7,6,72.562,1265
0886,4,2,7,7,72.562,1265
0887,4,2,7,8,72.562,1265
0888,4,2,8,1,71.096,675
0889,4,2,8,2,72.071,1074
0890,4,2,8,3,72.071,1074
0891,4,2,8,4,72.071,1074
0892,4,2,8,5,72.071,1074
0893,4,2,8,6,72.071,1074
0894,4,2,8,7,72.071,1074
0895,4,2,8,8,72.071,1074
0896,4,4,1,1,71.744,220
0897,4,4,1,2,69.935,336
0898,4,4,1,3,108.678,398
0899,4,4,1,4,71.531,374
0900,4,4,1,5,71.531,374
0901,4,4,1,6,71.531,374
0902,4,4,1,7,71.531,374
0903,4,4,1,8,71.531,374
0904,4,4,2,1,69.813,291
0905,4,4,2,2,71.090,407
0906,4,4,2,3,105.453,680
0907,4,4,2,4,71.891,585
0908,4,4,2,5,71.891,585
0909,4,4,2,6,71.891,585
0910,4,4,2,7,71.891,585
0911,4,4,2,8,71.891,585
0912,4,4,3,1,71.705,419
0913,4,4,3,2,71.331,622
0914,4,4,3,3,107.710,1025
0915,4,4,3,4,69.682,999
0916,4,4,3,5,69.682,999
0917,4,4,3,6,69.682,999
0918,4,4,3,7,69.682,999
0919,4,4,3,8,69.682,999
0920,4,4,4,1,71.618,429
0921,4,4,4,2,75.069,672
0922,4,4,4,3,107.374,1370
0923,4,4,4,4,72.570,1086
0924,4,4,4,5,72.570,1086
0925,4,4,4,6,72.570,1086
0926,4,4,4,7,72.570,1086
0927,4,4,4,8,72.570,1086
0928,4,4,5,1,70.862,577
0929,4,4,5,2,72.035,904
0930,4,4,5,3,110.482,1721
0931,4,4,5,4,75.441,1723
0932,4,4,5,5,75.441,1723
0933,4,4,5,6,75.441,1723
0934,4,4,5,7,75.441,1723
0935,4,4,5,8,75.441,1723
0936,4,4,6,1,71.214,629
0937,4,4,6,2,71.021,1050
0938,4,4,6,3,107.594,1906
0939,4,4,6,4,75.965,1896
0940,4,4,6,5,75.965,1896
0941,4,4,6,6,75.965,1896
0942,4,4,6,7,75.965,1896
0943,4,4,6,8,75.965,1896
0944,4,4,7,1,72.806,796
0945,4,4,7,2,74.486,1266
0946,4,4,7,3,110.651,2290
0947,4,4,7,4,73.199,2222
0948,4,4,7,5,73.199,2222
0949,4,4,7,6,73.199,2222
0950,4,4,7,7,73.199,2222
0951,4,4,7,8,73.199,2222
0952,4,4,8,1,71.996,660
0953,4,4,8,2,71.630,1293
0954,4,4,8,3,113.808,2526
0955,4,4,8,4,73.119,2073
0956,4,4,8,5,73.119,2073
0957,4,4,8,6,73.119,2073
0958,4,4,8,7,73.119,2073
0959,4,4,8,8,73.119,2073
0960,4,8,1,1,72.801,230
0961,4,8,1,2,71.568,295
0962,4,8,1,3,79.262,417
0963,4,8,1,4,71.265,451
0964,4,8,1,5,89.220,566
0965,4,8,1,6,107.212,724
0966,4,8,1,7,124.993,732
0967,4,8,1,8,73.352,607
0968,4,8,2,1,82.079,333
0969,4,8,2,2,70.375,411
0970,4,8,2,3,80.663,684
0971,4,8,2,4,70.751,649
0972,4,8,2,5,92.035,1017
0973,4,8,2,6,106.902,1195
0974,4,8,2,7,128.859,1433
0975,4,8,2,8,75.415,1084
0976,4,8,3,1,72.657,416
0977,4,8,3,2,70.813,611
0978,4,8,3,3,81.998,1027
0979,4,8,3,4,71.585,1104
0980,4,8,3,5,93.927,1617
0981,4,8,3,6,108.231,1797
0982,4,8,3,7,127.401,2134
0983,4,8,3,8,72.888,1824
0984,4,8,4,1,71.780,420
0985,4,8,4,2,71.174,686
0986,4,8,4,3,78.738,1358
0987,4,8,4,4,73.106,1320
0988,4,8,4,5,92.873,2061
0989,4,8,4,6,109.442,2357
0990,4,8,4,7,127.008,2714
0991,4,8,4,8,70.773,2026
0992,4,8,5,1,70.509,576
0993,4,8,5,2,70.737,927
0994,4,8,5,3,82.850,1753
0995,4,8,5,4,73.202,1695
0996,4,8,5,5,94.347,2477
0997,4,8,5,6,110.798,2796
0998,4,8,5,7,137.316,3496
0999,4,8,5,8,75.579,3184
1000,4,8,6,1,71.404,673
1001,4,8,6,2,70.230,996
1002,4,8,6,3,80.307,2096
1003,4,8,6,4,72.197,1945
1004,4,8,6,5,92.543,3006
1005,4,8,6,6,111.908,3554
1006,4,8,6,7,146.328,4192
1007,4,8,6,8,78.949,3544
1008,4,8,7,1,70.956,794
1009,4,8,7,2,73.152,1286
1010,4,8,7,3,83.218,2251
1011,4,8,7,4,71.551,2370
1012,4,8,7,5,93.649,3508
1013,4,8,7,6,110.024,4002
1014,4,8,7,7,133.104,4713
1015,4,8,7,8,82.971,4280
1016,4,8,8,1,72.519,701
1017,4,8,8,2,73.133,1294
1018,4,8,8,3,81.939,2562
1019,4,8,8,4,70.553,2298
1020,4,8,8,5,94.796,3880
1021,4,8,8,6,113.516,4298
1022,4,8,8,7,132.905,5282
1023,4,8,8,8,73.781,3705
1024,4,16,1,1,71.607,232
1025,4,16,1,2,72.144,279
1026,4,16,1,3,81.589,415
1027,4,16,1,4,74.058,427
1028,4,16,1,5,89.031,583
1029,4,16,1,6,82.440,642
1030,4,16,1,7,93.370,753
1031,4,16,1,8,70.989,661
1032,4,16,2,1,71.435,279
1033,4,16,2,2,70.941,410
1034,4,16,2,3,87.565,683
1035,4,16,2,4,70.535,690
1036,4,16,2,5,92.673,1103
1037,4,16,2,6,82.227,1186
1038,4,16,2,7,99.191,1437
1039,4,16,2,8,71.823,1280
1040,4,16,3,1,72.383,432
1041,4,16,3,2,69.379,616
1042,4,16,3,3,82.519,986
1043,4,16,3,4,71.792,1054
1044,4,16,3,5,90.022,1615
1045,4,16,3,6,80.440,1779
1046,4,16,3,7,96.148,2070
1047,4,16,3,8,72.831,1920
1048,4,16,4,1,71.048,508
1049,4,16,4,2,70.202,675
1050,4,16,4,3,83.184,1384
1051,4,16,4,4,72.202,1255
1052,4,16,4,5,92.147,2046
1053,4,16,4,6,82.846,2291
1054,4,16,4,7,98.176,2633
1055,4,16,4,8,72.837,2475
1056,4,16,5,1,71.405,599
1057,4,16,5,2,71.616,912
1058,4,16,5,3,85.065,1657
1059,4,16,5,4,71.957,1703
1060,4,16,5,5,93.560,2650
1061,4,16,5,6,86.245,2924
1062,4,16,5,7,97.527,3547
1063,4,16,5,8,77.346,3171
1064,4,16,6,1,70.354,632
1065,4,16,6,2,71.571,1064
1066,4,16,6,3,83.815,1930
1067,4,16,6,4,69.634,1893
1068,4,16,6,5,95.878,3080
1069,4,16,6,6,83.583,3473
1070,4,16,6,7,100.311,4102
1071,4,16,6,8,72.418,3613
1072,4,16,7,1,72.868,781
1073,4,16,7,2,73.207,1303
1074,4,16,7,3,82.629,2326
1075,4,16,7,4,73.875,2283
1076,4,16,7,5,99.407,3572
1077,4,16,7,6,87.504,4024
1078,4,16,7,7,99.582,4719
1079,4,16,7,8,76.359,4280
1080,4,16,8,1,69.346,686
1081,4,16,8,2,75.144,1340
1082,4,16,8,3,81.666,2441
1083,4,16,8,4,72.417,2334
1084,4,16,8,5,95.166,3914
1085,4,16,8,6,84.983,4105
1086,4,16,8,7,102.440,4852
1087,4,16,8,8,82.980,4319
1088,4,32,1,1,73.472,218
1089,4,32,1,2,72.668,294
1090,4,32,1,3,75.701,384
1091,4,32,1,4,73.362,442
1092,4,32,1,5,78.850,608
1093,4,32,1,6,82.698,614
1094,4,32,1,7,78.004,736
1095,4,32,1,8,71.367,686
1096,4,32,2,1,73.060,293
1097,4,32,2,2,71.663,404
1098,4,32,2,3,74.558,691
1099,4,32,2,4,72.159,670
1100,4,32,2,5,79.198,1039
1101,4,32,2,6,79.313,1211
1102,4,32,2,7,80.138,1435
1103,4,32,2,8,73.688,1252
1104,4,32,3,1,74.635,395
1105,4,32,3,2,73.169,588
1106,4,32,3,3,75.216,1023
1107,4,32,3,4,71.327,1043
1108,4,32,3,5,77.847,1582
1109,4,32,3,6,80.621,1861
1110,4,32,3,7,81.457,2196
1111,4,32,3,8,71.301,1908
1112,4,32,4,1,72.681,458
1113,4,32,4,2,72.084,657
1114,4,32,4,3,75.063,1338
1115,4,32,4,4,76.431,1331
1116,4,32,4,5,84.576,2019
1117,4,32,4,6,81.750,2259
1118,4,32,4,7,81.285,2650
1119,4,32,4,8,70.336,2349
1120,4,32,5,1,73.597,575
1121,4,32,5,2,70.764,922
1122,4,32,5,3,76.007,1713
1123,4,32,5,4,71.278,1693
1124,4,32,5,5,80.604,2628
1125,4,32,5,6,81.078,2896
1126,4,32,5,7,89.084,3473
1127,4,32,5,8,80.174,3056
1128,4,32,6,1,72.398,631
1129,4,32,6,2,72.187,1052
1130,4,32,6,3,75.648,1978
1131,4,32,6,4,70.259,1944
1132,4,32,6,5,84.558,2994
1133,4,32,6,6,83.462,3405
1134,4,32,6,7,84.144,4059
1135,4,32,6,8,74.144,3412
1136,4,32,7,1,72.557,752
1137,4,32,7,2,70.240,1289
1138,4,32,7,3,76.974,2246
1139,4,32,7,4,71.682,2322
1140,4,32,7,5,80.256,3640
1141,4,32,7,6,83.960,3932
1142,4,32,7,7,82.908,4447
1143,4,32,7,8,79.960,4155
1144,4,32,8,1,73.206,718
1145,4,32,8,2,71.181,1363
1146,4,32,8,3,75.808,2362
1147,4,32,8,4,72.331,2357
1148,4,32,8,5,83.485,3874
1149,4,32,8,6,85.415,4277
1150,4,32,8,7,83.381,5119
1151,4,32,8,8,76.017,4334
1152,8,1,1,1,72.535,263
1153,8,1,1,2,72.535,263
1154,8,1,1,3,72.535,263
1155,8,1,1,4,72.535,263
1156,8,1,1,5,72.535,263
1157,8,1,1,6,72.535,263
1158,8,1,1,7,72.535,263
1159,8,1,1,8,72.535,263
1160,8,1,2,1,71.886,309
1161,8,1,2,2,71.886,309
1162,8,1,2,3,71.886,309
1163,8,1,2,4,71.886,309
1164,8,1,2,5,71.886,309
1165,8,1,2,6,71.886,309
1166,8,1,2,7,71.886,309
1167,8,1,2,8,71.886,309
1168,8,1,3,1,71.962,417
1169,8,1,3,2,71.962,417
1170,8,1,3,3,71.962,417
1171,8,1,3,4,71.962,417
1172,8,1,3,5,71.962,417
1173,8,1,3,6,71.962,417
1174,8,1,3,7,71.962,417
1175,8,1,3,8,71.962,417
1176,8,1,4,1,71.961,449
1177,8,1,4,2,71.961,449
1178,8,1,4,3,71.961,449
1179,8,1,4,4,71.961,449
1180,8,1,4,5,71.961,449
1181,8,1,4,6,71.961,449
1182,8,1,4,7,71.961,449
1183,8,1,4,8,71.961,449
1184,8,1,5,1,71.651,631
1185,8,1,5,2,71.651,631
1186,8,1,5,3,71.651,631
1187,8,1,5,4,71.651,631
1188,8,1,5,5,71.651,631
1189,8,1,5,6,71.651,631
1190,8,1,5,7,71.651,631
1191,8,1,5,8,71.651,631
1192,8,1,6,1,71.814,700
1193,8,1,6,2,71.814,700
1194,8,1,6,3,71.814,700
1195,8,1,6,4,71.814,700
1196,8,1,6,5,71.814,700
1197,8,1,6,6,71.814,700
1198,8,1,6,7,71.814,700
1199,8,1,6,8,71.814,700
1200,8,1,7,1,71.573,859
1201,8,1,7,2,71.573,859
1202,8,1,7,3,71.573,859
1203,8,1,7,4,71.573,859
1204,8,1,7,5,71.573,859
1205,8,1,7,6,71.573,859
1206,8,1,7,7,71.573,859
1207,8,1,7,8,71.573,859
1208,8,1,8,1,70.456,719
1209,8,1,8,2,70.456,719
1210,8,1,8,3,70.456,719
1211,8,1,8,4,70.456,719
1212,8,1,8,5,70.456,719
1213,8,1,8,6,70.456,719
1214,8,1,8,7,70.456,719
1215,8,1,8,8,70.456,719
1216,8,2,1,1,70.480,280
1217,8,2,1,2,71.619,334
1218,8,2,1,3,71.619,334
1219,8,2,1,4,71.619,334
1220,8,2,1,5,71.619,334
1221,8,2,1,6,71.619,334
1222,8,2,1,7,71.619,334
1223,8,2,1,8,71.619,334
1224,8,2,2,1,71.751,313
1225,8,2,2,2,69.795,431
1226,8,2,2,3,69.795,431
1227,8,2,2,4,69.795,431
1228,8,2,2,5,69.795,431
1229,8,2,2,6,69.795,431
1230,8,2,2,7,69.795,431
1231,8,2,2,8,69.795,431
1232,8,2,3,1,72.893,437
1233,8,2,3,2,72.442,659
1234,8,2,3,3,72.442,659
1235,8,2,3,4,72.442,659
1236,8,2,3,5,72.442,659
1237,8,2,3,6,72.442,659
1238,8,2,3,7,72.442,659
1239,8,2,3,8,72.442,659
1240,8,2,4,1,72.841,513
1241,8,2,4,2,68.616,746
1242,8,2,4,3,68.616,746
1243,8,2,4,4,68.616,746
1244,8,2,4,5,68.616,746
1245,8,2,4,6,68.616,746
1246,8,2,4,7,68.616,746
1247,8,2,4,8,68.616,746
1248,8,2,5,1,73.306,660
1249,8,2,5,2,72.390,1178
1250,8,2,5,3,72.390,1178
1251,8,2,5,4,72.390,1178
1252,8,2,5,5,72.390,1178
1253,8,2,5,6,72.390,1178
1254,8,2,5,7,72.390,1178
1255,8,2,5,8,72.390,1178
1256,8,2,6,1,71.904,723
1257,8,2,6,2,72.089,1262
1258,8,2,6,3,72.089,1262
1259,8,2,6,4,72.089,1262
1260,8,2,6,5,72.089,1262
1261,8,2,6,6,72.089,1262
1262,8,2,6,7,72.089,1262
1263,8,2,6,8,72.089,1262
1264,8,2,7,1,71.973,943
1265,8,2,7,2,71.900,1657
1266,8,2,7,3,71.900,1657
1267,8,2,7,4,71.900,1657
1268,8,2,7,5,71.900,1657
1269,8,2,7,6,71.900,1657
1270,8,2,7,7,71.900,1657
1271,8,2,7,8,71.900,1657
1272,8,2,8,1,69.179,865
1273,8,2,8,2,71.375,1358
1274,8,2,8,3,71.375,1358
1275,8,2,8,4,71.375,1358
1276,8,2,8,5,71.375,1358
1277,8,2,8,6,71.375,1358
1278,8,2,8,7,71.375,1358
1279,8,2,8,8,71.375,1358
1280,8,4,1,1,71.873,264
1281,8,4,1,2,70.201,316
1282,8,4,1,3,107.530,467
1283,8,4,1,4,70.766,433
1284,8,4,1,5,70.766,433
1285,8,4,1,6,70.766,433
1286,8,4,1,7,70.766,433
1287,8,4,1,8,70.766,433
1288,8,4,2,1,72.401,336
1289,8,4,2,2,70.677,484
1290,8,4,2,3,107.710,812
1291,8,4,2,4,69.553,719
1292,8,4,2,5,69.553,719
1293,8,4,2,6,69.553,719
1294,8,4,2,7,69.553,719
1295,8,4,2,8,69.553,719
1296,8,4,3,1,70.329,445
1297,8,4,3,2,72.414,700
1298,8,4,3,3,105.286,1190
1299,8,4,3,4,71.986,1274
1300,8,4,3,5,71.986,1274
1301,8,4,3,6,71.986,1274
1302,8,4,3,7,71.986,1274
1303,8,4,3,8,71.986,1274
1304,8,4,4,1,69.056,539
1305,8,4,4,2,69.920,851
1306,8,4,4,3,109.992,1689
1307,8,4,4,4,72.174,1317
1308,8,4,4,5,72.174,1317
1309,8,4,4,6,72.174,1317
1310,8,4,4,7,72.174,1317
1311,8,4,4,8,72.174,1317
1312,8,4,5,1,74.197,689
1313,8,4,5,2,69.310,1096
1314,8,4,5,3,107.258,2080
1315,8,4,5,4,70.962,2177
1316,8,4,5,5,70.962,2177
1317,8,4,5,6,70.962,2177
1318,8,4,5,7,70.962,2177
1319,8,4,5,8,70.962,2177
1320,8,4,6,1,70.406,736
1321,8,4,6,2,75.027,1298
1322,8,4,6,3,111.333,2472
1323,8,4,6,4,73.576,2455
1324,8,4,6,5,73.576,2455
1325,8,4,6,6,73.576,2455
1326,8,4,6,7,73.576,2455
1327,8,4,6,8,73.576,2455
1328,8,4,7,1,72.462,913
1329,8,4,7,2,72.999,1604
1330,8,4,7,3,113.591,2826
1331,8,4,7,4,71.883,2849
1332,8,4,7,5,71.883,2849
1333,8,4,7,6,71.883,2849
1334,8,4,7,7,71.883,2849
1335,8,4,7,8,71.883,2849
1336,8,4,8,1,71.807,880
1337,8,4,8,2,71.321,1647
1338,8,4,8,3,111.564,3076
1339,8,4,8,4,73.936,2589
1340,8,4,8,5,73.936,2589
1341,8,4,8,6,73.936,2589
1342,8,4,8,7,73.936,2589
1343,8,4,8,8,73.936,2589
1344,8,8,1,1,70.644,243
1345,8,8,1,2,69.883,356
1346,8,8,1,3,77.821,449
1347,8,8,1,4,71.849,478
1348,8,8,1,5,91.251,673
1349,8,8,1,6,107.522,752
1350,8,8,1,7,123.730,890
1351,8,8,1,8,69.992,714
1352,8,8,2,1,74.350,312
1353,8,8,2,2,70.065,501
1354,8,8,2,3,81.369,820
1355,8,8,2,4,70.321,827
1356,8,8,2,5,89.542,1278
1357,8,8,2,6,111.737,1433
1358,8,8,2,7,132.590,1767
1359,8,8,2,8,69.553,1311
1360,8,8,3,1,71.652,440
1361,8,8,3,2,72.352,675
1362,8,8,3,3,79.977,1182
1363,8,8,3,4,71.611,1351
1364,8,8,3,5,93.304,2016
1365,8,8,3,6,112.022,2238
1366,8,8,3,7,127.626,2687
1367,8,8,3,8,70.524,2377
1368,8,8,4,1,72.674,512
1369,8,8,4,2,69.884,825
1370,8,8,4,3,80.808,1592
1371,8,8,4,4,72.452,1612
1372,8,8,4,5,94.700,2451
1373,8,8,4,6,105.264,2852
1374,8,8,4,7,131.115,3311
1375,8,8,4,8,74.563,2599
1376,8,8,5,1,73.655,669
1377,8,8,5,2,70.789,1116
1378,8,8,5,3,81.216,2018
1379,8,8,5,4,70.314,2093
1380,8,8,5,5,93.090,3158
1381,8,8,5,6,119.398,3546
1382,8,8,5,7,131.720,4149
1383,8,8,5,8,74.952,3813
1384,8,8,6,1,72.728,705
1385,8,8,6,2,76.970,1391
1386,8,8,6,3,81.391,2386
1387,8,8,6,4,74.217,2505
1388,8,8,6,5,94.950,3591
1389,8,8,6,6,108.581,4203
1390,8,8,6,7,135.406,4783
1391,8,8,6,8,73.629,4391
1392,8,8,7,1,71.627,893
1393,8,8,7,2,73.780,1626
1394,8,8,7,3,81.999,2773
1395,8,8,7,4,70.872,2901
1396,8,8,7,5,98.162,4198
1397,8,8,7,6,117.516,4746
1399,8,8,7,8,81.553,5297
1400,8,8,8,1,71.195,872
1401,8,8,8,2,71.010,1615
1402,8,8,8,3,82.229,3091
1403,8,8,8,4,72.899,3013
1404,8,8,8,5,95.613,4621
1405,8,8,8,6,117.462,5200
1406,8,8,8,7,136.982,6153
1407,8,8,8,8,72.758,4684
1408,8,16,1,1,70.884,261
1409,8,16,1,2,73.003,337
1410,8,16,1,3,79.993,472
1411,8,16,1,4,71.024,502
1412,8,16,1,5,92.040,725
1413,8,16,1,6,80.777,735
1414,8,16,1,7,92.050,873
1415,8,16,1,8,74.401,852
1416,8,16,2,1,73.086,328
1417,8,16,2,2,71.955,532
1418,8,16,2,3,78.804,782
1419,8,16,2,4,72.521,829
1420,8,16,2,5,91.319,1274
1421,8,16,2,6,81.134,1421
1422,8,16,2,7,96.563,1777
1423,8,16,2,8,71.729,1619
1424,8,16,3,1,71.902,437
1425,8,16,3,2,71.889,732
1426,8,16,3,3,83.003,1166
1427,8,16,3,4,73.245,1280
1428,8,16,3,5,91.687,1950
1429,8,16,3,6,80.991,2184
1430,8,16,3,7,102.443,2628
1431,8,16,3,8,74.868,2431
1432,8,16,4,1,69.656,516
1433,8,16,4,2,71.844,848
1434,8,16,4,3,79.935,1597
1435,8,16,4,4,72.409,1600
1436,8,16,4,5,89.342,2478
1437,8,16,4,6,81.598,2871
1438,8,16,4,7,97.386,3371
1439,8,16,4,8,73.800,3040
1440,8,16,5,1,69.583,668
1441,8,16,5,2,71.685,1095
1442,8,16,5,3,79.853,2012
1443,8,16,5,4,72.542,2152
1444,8,16,5,5,92.270,3154
1445,8,16,5,6,85.723,3473
1446,8,16,5,7,104.207,4145
1447,8,16,5,8,71.200,3895
1448,8,16,6,1,74.489,729
1449,8,16,6,2,73.092,1322
1450,8,16,6,3,82.684,2411
1451,8,16,6,4,71.732,2429
1452,8,16,6,5,99.112,3660
1453,8,16,6,6,89.463,4117
1454,8,16,6,7,103.944,4792
1455,8,16,6,8,72.006,4380
1456,8,16,7,1,70.263,881
1457,8,16,7,2,73.319,1637
1458,8,16,7,3,83.519,2824
1459,8,16,7,4,72.672,2934
1460,8,16,7,5,96.473,4262
1461,8,16,7,6,89.138,4801
1462,8,16,7,7,108.530,5680
1463,8,16,7,8,80.717,5275
1464,8,16,8,1,70.232,840
1465,8,16,8,2,72.694,1680
1466,8,16,8,3,83.803,3108
1467,8,16,8,4,73.827,3055
1468,8,16,8,5,96.154,4624
1469,8,16,8,6,84.190,5168
1470,8,16,8,7,108.341,6236
1471,8,16,8,8,74.015,5674
1472,8,32,1,1,70.970,233
1473,8,32,1,2,73.596,363
1474,8,32,1,3,74.044,446
1475,8,32,1,4,72.193,507
1476,8,32,1,5,77.694,668
1477,8,32,1,6,77.128,807
1478,8,32,1,7,78.211,884
1479,8,32,1,8,70.327,839
1480,8,32,2,1,68.624,338
1481,8,32,2,2,71.775,489
1482,8,32,2,3,75.249,821
1483,8,32,2,4,71.549,833
1484,8,32,2,5,78.907,1224
1485,8,32,2,6,81.286,1473
1486,8,32,2,7,82.667,1706
1487,8,32,2,8,73.800,1578
1488,8,32,3,1,77.025,460
1489,8,32,3,2,69.421,709
1490,8,32,3,3,74.853,1200
1491,8,32,3,4,71.336,1260
1492,8,32,3,5,80.874,1969
1493,8,32,3,6,84.972,2235
1494,8,32,3,7,80.808,2614
1495,8,32,3,8,73.613,2410
1496,8,32,4,1,73.627,528
1497,8,32,4,2,72.084,852
1498,8,32,4,3,75.772,1603
1499,8,32,4,4,70.543,1626
1500,8,32,4,5,79.894,2506
1501,8,32,4,6,83.925,2863
1502,8,32,4,7,83.786,3396
1503,8,32,4,8,70.430,3080
1504,8,32,5,1,73.546,652
1505,8,32,5,2,72.896,1090
1506,8,32,5,3,72.984,2068
1507,8,32,5,4,70.375,2120
1508,8,32,5,5,87.843,3208
1509,8,32,5,6,82.151,3550
1510,8,32,5,7,82.192,4155
1511,8,32,5,8,73.469,3883
1512,8,32,6,1,77.144,737
1513,8,32,6,2,69.342,1346
1514,8,32,6,3,73.822,2360
1515,8,32,6,4,73.457,2452
1516,8,32,6,5,82.771,3642
1517,8,32,6,6,85.967,4090
1518,8,32,6,7,89.372,4843
1519,8,32,6,8,72.708,4389
1520,8,32,7,1,75.145,880
1521,8,32,7,2,72.286,1620
1522,8,32,7,3,80.387,2760
1523,8,32,7,4,71.390,2937
1524,8,32,7,5,87.365,4240
1525,8,32,7,6,88.187,4793
1527,8,32,7,8,73.272,5259
1528,8,32,8,1,69.931,824
1529,8,32,8,2,71.001,1548
1530,8,32,8,3,73.237,3035
1531,8,32,8,4,70.663,2833
1532,8,32,8,5,83.090,4524
1533,8,32,8,6,85.502,5189
1534,8,32,8,7,88.580,6342
1535,8,32,8,8,81.553,5215
1536,16,1,1,1,71.581,272
1537,16,1,1,2,71.581,272
1538,16,1,1,3,71.581,272
1539,16,1,1,4,71.581,272
1540,16,1,1,5,71.581,272
1541,16,1,1,6,71.581,272
1542,16,1,1,7,71.581,272
1543,16,1,1,8,71.581,272
1544,16,1,2,1,70.433,380
1545,16,1,2,2,70.433,380
1546,16,1,2,3,70.433,380
1547,16,1,2,4,70.433,380
1548,16,1,2,5,70.433,380
1549,16,1,2,6,70.433,380
1550,16,1,2,7,70.433,380
1551,16,1,2,8,70.433,380
1552,16,1,3,1,70.019,509
1553,16,1,3,2,70.019,509
1554,16,1,3,3,70.019,509
1555,16,1,3,4,70.019,509
1556,16,1,3,5,70.019,509
1557,16,1,3,6,70.019,509
1558,16,1,3,7,70.019,509
1559,16,1,3,8,70.019,509
1560,16,1,4,1,72.107,552
1561,16,1,4,2,72.107,552
1562,16,1,4,3,72.107,552
1563,16,1,4,4,72.107,552
1564,16,1,4,5,72.107,552
1565,16,1,4,6,72.107,552
1566,16,1,4,7,72.107,552
1567,16,1,4,8,72.107,552
1568,16,1,5,1,71.394,773
1569,16,1,5,2,71.394,773
1570,16,1,5,3,71.394,773
1571,16,1,5,4,71.394,773
1572,16,1,5,5,71.394,773
1573,16,1,5,6,71.394,773
1574,16,1,5,7,71.394,773
1575,16,1,5,8,71.394,773
1576,16,1,6,1,75.124,919
1577,16,1,6,2,75.124,919
1578,16,1,6,3,75.124,919
1579,16,1,6,4,75.124,919
1580,16,1,6,5,75.124,919
1581,16,1,6,6,75.124,919
1582,16,1,6,7,75.124,919
1583,16,1,6,8,75.124,919
1584,16,1,7,1,72.098,1047
1585,16,1,7,2,72.098,1047
1586,16,1,7,3,72.098,1047
1587,16,1,7,4,72.098,1047
1588,16,1,7,5,72.098,1047
1589,16,1,7,6,72.098,1047
1590,16,1,7,7,72.098,1047
1591,16,1,7,8,72.098,1047
1592,16,1,8,1,70.774,953
1593,16,1,8,2,70.774,953
1594,16,1,8,3,70.774,953
1595,16,1,8,4,70.774,953
1596,16,1,8,5,70.774,953
1597,16,1,8,6,70.774,953
1598,16,1,8,7,70.774,953
1599,16,1,8,8,70.774,953
1600,16,2,1,1,72.389,305
1601,16,2,1,2,71.516,415
1602,16,2,1,3,71.516,415
1603,16,2,1,4,71.516,415
1604,16,2,1,5,71.516,415
1605,16,2,1,6,71.516,415
1606,16,2,1,7,71.516,415
1607,16,2,1,8,71.516,415
1608,16,2,2,1,71.931,420
1609,16,2,2,2,73.242,559
1610,16,2,2,3,73.242,559
1611,16,2,2,4,73.242,559
1612,16,2,2,5,73.242,559
1613,16,2,2,6,73.242,559
1614,16,2,2,7,73.242,559
1615,16,2,2,8,73.242,559
1616,16,2,3,1,71.277,567
1617,16,2,3,2,71.084,852
1618,16,2,3,3,71.084,852
1619,16,2,3,4,71.084,852
1620,16,2,3,5,71.084,852
1621,16,2,3,6,71.084,852
1622,16,2,3,7,71.084,852
1623,16,2,3,8,71.084,852
1624,16,2,4,1,71.775,683
1625,16,2,4,2,72.003,901
1626,16,2,4,3,72.003,901
1627,16,2,4,4,72.003,901
1628,16,2,4,5,72.003,901
1629,16,2,4,6,72.003,901
1630,16,2,4,7,72.003,901
1631,16,2,4,8,72.003,901
1632,16,2,5,1,73.650,877
1633,16,2,5,2,71.092,1398
1634,16,2,5,3,71.092,1398
1635,16,2,5,4,71.092,1398
1636,16,2,5,5,71.092,1398
1637,16,2,5,6,71.092,1398
1638,16,2,5,7,71.092,1398
1639,16,2,5,8,71.092,1398
1640,16,2,6,1,72.266,995
1641,16,2,6,2,71.883,1545
1642,16,2,6,3,71.883,1545
1643,16,2,6,4,71.883,1545
1644,16,2,6,5,71.883,1545
1645,16,2,6,6,71.883,1545
1646,16,2,6,7,71.883,1545
1647,16,2,6,8,71.883,1545
1648,16,2,7,1,73.822,1187
1649,16,2,7,2,74.883,1873
1650,16,2,7,3,74.883,1873
1651,16,2,7,4,74.883,1873
1652,16,2,7,5,74.883,1873
1653,16,2,7,6,74.883,1873
1654,16,2,7,7,74.883,1873
1655,16,2,7,8,74.883,1873
1656,16,2,8,1,70.950,1071
1657,16,2,8,2,76.076,1648
1658,16,2,8,3,76.076,1648
1659,16,2,8,4,76.076,1648
1660,16,2,8,5,76.076,1648
1661,16,2,8,6,76.076,1648
1662,16,2,8,7,76.076,1648
1663,16,2,8,8,76.076,1648
1664,16,4,1,1,72.509,272
1665,16,4,1,2,71.851,397
1666,16,4,1,3,105.880,549
1667,16,4,1,4,70.569,556
1668,16,4,1,5,70.569,556
1669,16,4,1,6,70.569,556
1670,16,4,1,7,70.569,556
1671,16,4,1,8,70.569,556
1672,16,4,2,1,78.436,401
1673,16,4,2,2,71.133,622
1674,16,4,2,3,108.354,947
1675,16,4,2,4,73.670,891
1676,16,4,2,5,73.670,891
1677,16,4,2,6,73.670,891
1678,16,4,2,7,73.670,891
1679,16,4,2,8,73.670,891
1680,16,4,3,1,71.894,538
1681,16,4,3,2,71.279,925
1682,16,4,3,3,105.763,1459
1683,16,4,3,4,69.906,1575
1684,16,4,3,5,69.906,1575
1685,16,4,3,6,69.906,1575
1686,16,4,3,7,69.906,1575
1687,16,4,3,8,69.906,1575
1688,16,4,4,1,72.701,636
1689,16,4,4,2,68.863,1059
1690,16,4,4,3,107.632,2042
1691,16,4,4,4,71.590,1679
1692,16,4,4,5,71.590,1679
1693,16,4,4,6,71.590,1679
1694,16,4,4,7,71.590,1679
1695,16,4,4,8,71.590,1679
1696,16,4,5,1,70.415,842
1697,16,4,5,2,74.674,1408
1698,16,4,5,3,113.061,2377
1699,16,4,5,4,72.492,2612
1700,16,4,5,5,72.492,2612
1701,16,4,5,6,72.492,2612
1702,16,4,5,7,72.492,2612
1703,16,4,5,8,72.492,2612
1704,16,4,6,1,73.200,901
1705,16,4,6,2,74.081,1576
1706,16,4,6,3,110.779,2797
1707,16,4,6,4,74.590,3117
1708,16,4,6,5,74.590,3117
1709,16,4,6,6,74.590,3117
1710,16,4,6,7,74.590,3117
1711,16,4,6,8,74.590,3117
1712,16,4,7,1,70.330,1153
1713,16,4,7,2,71.091,2085
1714,16,4,7,3,119.304,3231
1715,16,4,7,4,76.216,3531
1716,16,4,7,5,76.216,3531
1717,16,4,7,6,76.216,3531
1718,16,4,7,7,76.216,3531
1719,16,4,7,8,76.216,3531
1720,16,4,8,1,74.025,1111
1721,16,4,8,2,70.565,2002
1722,16,4,8,3,116.477,3618
1723,16,4,8,4,76.222,3277
1724,16,4,8,5,76.222,3277
1725,16,4,8,6,76.222,3277
1726,16,4,8,7,76.222,3277
1727,16,4,8,8,76.222,3277
1728,16,8,1,1,69.965,281
1729,16,8,1,2,71.052,425
1730,16,8,1,3,78.991,595
1731,16,8,1,4,71.970,629
1732,16,8,1,5,90.273,861
1733,16,8,1,6,107.805,946
1734,16,8,1,7,122.120,1110
1735,16,8,1,8,71.427,962
1736,16,8,2,1,71.711,411
1737,16,8,2,2,73.091,678
1738,16,8,2,3,82.017,997
1739,16,8,2,4,73.003,1030
1740,16,8,2,5,87.930,1594
1741,16,8,2,6,106.838,1775
1742,16,8,2,7,127.309,2008
1743,16,8,2,8,72.810,1636
1744,16,8,3,1,73.036,566
1745,16,8,3,2,70.633,864
1746,16,8,3,3,88.168,1418
1747,16,8,3,4,71.559,1600
1748,16,8,3,5,90.263,2279
1749,16,8,3,6,107.792,2702
1750,16,8,3,7,132.636,3107
1751,16,8,3,8,74.066,2898
1752,16,8,4,1,70.490,625
1753,16,8,4,2,71.578,1052
1754,16,8,4,3,81.050,1896
1755,16,8,4,4,74.584,2110
1756,16,8,4,5,91.444,2912
1757,16,8,4,6,115.953,3240
1758,16,8,4,7,131.852,3908
1759,16,8,4,8,75.234,3098
1760,16,8,5,1,71.395,867
1761,16,8,5,2,71.949,1407
1762,16,8,5,3,81.284,2373
1763,16,8,5,4,74.018,2795
1764,16,8,5,5,96.571,3744
1765,16,8,5,6,113.712,4088
1766,16,8,5,7,135.300,4907
1767,16,8,5,8,78.244,4771
1768,16,8,6,1,71.670,916
1769,16,8,6,2,70.660,1608
1770,16,8,6,3,82.503,2848
1771,16,8,6,4,72.369,3212
1772,16,8,6,5,96.669,4211
1773,16,8,6,6,120.972,4953
1774,16,8,6,7,142.086,5795
1775,16,8,6,8,77.514,5514
1776,16,8,7,1,74.395,1085
1777,16,8,7,2,71.364,2065
1778,16,8,7,3,80.549,3193
1779,16,8,7,4,76.967,3792
1780,16,8,7,5,96.335,5101
1781,16,8,7,6,112.590,5661
1783,16,8,7,8,79.232,6447
1784,16,8,8,1,71.694,1103
1785,16,8,8,2,70.563,2126
1786,16,8,8,3,89.202,3608
1787,16,8,8,4,71.687,4022
1788,16,8,8,5,96.515,5513
1789,16,8,8,6,117.462,6576
1790,16,8,8,7,137.689,7509
1791,16,8,8,8,82.299,5919
1792,16,16,1,1,72.544,317
1793,16,16,1,2,70.459,435
1794,16,16,1,3,81.550,562
1795,16,16,1,4,73.319,621
1796,16,16,1,5,89.848,825
1797,16,16,1,6,83.948,984
1798,16,16,1,7,95.547,1151
1799,16,16,1,8,70.671,1123
1800,16,16,2,1,71.968,387
1801,16,16,2,2,71.079,633
1802,16,16,2,3,80.989,970
1803,16,16,2,4,71.377,1168
1804,16,16,2,5,92.458,1607
1805,16,16,2,6,82.962,1842
1806,16,16,2,7,95.378,2058
1807,16,16,2,8,72.356,2014
1808,16,16,3,1,71.962,522
1809,16,16,3,2,71.519,882
1810,16,16,3,3,82.007,1454
1811,16,16,3,4,72.978,1621
1812,16,16,3,5,92.235,2298
1813,16,16,3,6,82.984,2573
1814,16,16,3,7,100.345,3071
1815,16,16,3,8,71.739,2954
1816,16,16,4,1,71.719,650
1817,16,16,4,2,72.892,1040
1818,16,16,4,3,80.602,1910
1819,16,16,4,4,71.291,2022
1820,16,16,4,5,91.233,2915
1821,16,16,4,6,85.505,3412
1822,16,16,4,7,100.556,3861
1823,16,16,4,8,79.146,3773
1824,16,16,5,1,72.583,860
1825,16,16,5,2,70.937,1490
1826,16,16,5,3,85.897,2405
1827,16,16,5,4,71.829,2606
1828,16,16,5,5,97.213,3667
1829,16,16,5,6,87.870,4131
1830,16,16,5,7,106.824,4871
1831,16,16,5,8,71.913,4788
1832,16,16,6,1,71.644,873
1833,16,16,6,2,71.407,1592
1834,16,16,6,3,85.478,2840
1835,16,16,6,4,73.494,3291
1836,16,16,6,5,98.897,4225
1837,16,16,6,6,88.950,4802
1838,16,16,6,7,104.203,5831
1839,16,16,6,8,73.948,5498
1840,16,16,7,1,73.237,1181
1841,16,16,7,2,71.806,2090
1842,16,16,7,3,86.749,3225
1843,16,16,7,4,72.294,3513
1844,16,16,7,5,101.287,5174
1845,16,16,7,6,90.163,5980
1846,16,16,7,7,103.475,6732
1847,16,16,7,8,75.877,6513
1848,16,16,8,1,72.218,1064
1849,16,16,8,2,71.156,1903
1850,16,16,8,3,83.629,3481
1851,16,16,8,4,72.374,3555
1852,16,16,8,5,98.174,5621
1853,16,16,8,6,82.826,6181
1854,16,16,8,7,104.527,7474
1855,16,16,8,8,76.465,6616
1856,16,32,1,1,72.647,280
1857,16,32,1,2,71.121,398
1858,16,32,1,3,73.804,534
1859,16,32,1,4,70.551,648
1860,16,32,1,5,77.873,898
1861,16,32,1,6,80.628,942
1862,16,32,1,7,82.451,1178
1863,16,32,1,8,73.602,1116
1864,16,32,2,1,70.335,427
1865,16,32,2,2,69.144,599
1866,16,32,2,3,76.366,971
1867,16,32,2,4,71.076,1146
1868,16,32,2,5,80.740,1501
1869,16,32,2,6,80.183,1792
1870,16,32,2,7,82.507,2066
1871,16,32,2,8,72.416,2126
1872,16,32,3,1,72.142,587
1873,16,32,3,2,70.539,892
1874,16,32,3,3,73.975,1429
1875,16,32,3,4,71.757,1613
1876,16,32,3,5,78.627,2312
1877,16,32,3,6,81.066,2689
1878,16,32,3,7,79.548,3069
1879,16,32,3,8,72.100,2948
1880,16,32,4,1,71.985,648
1881,16,32,4,2,69.204,1044
1882,16,32,4,3,75.639,1856
1883,16,32,4,4,71.712,1894
1884,16,32,4,5,81.436,2885
1885,16,32,4,6,85.018,3360
1886,16,32,4,7,83.466,3861
1887,16,32,4,8,76.774,3631
1888,16,32,5,1,72.118,852
1889,16,32,5,2,73.515,1436
1890,16,32,5,3,73.853,2464
1891,16,32,5,4,72.181,2759
1892,16,32,5,5,83.932,3694
1893,16,32,5,6,85.662,4191
1894,16,32,5,7,87.382,4989
1895,16,32,5,8,74.053,4814
1896,16,32,6,1,71.048,877
1897,16,32,6,2,72.514,1597
1898,16,32,6,3,74.921,2809
1899,16,32,6,4,74.412,2960
1900,16,32,6,5,85.498,4256
1901,16,32,6,6,87.417,4781
1902,16,32,6,7,87.012,5805
1903,16,32,6,8,75.365,5450
1904,16,32,7,1,71.637,1126
1905,16,32,7,2,73.258,2063
1906,16,32,7,3,81.496,3267
1907,16,32,7,4,72.490,3531
1908,16,32,7,5,89.152,4993
1909,16,32,7,6,85.479,5803
1911,16,32,7,8,77.261,6456
1912,16,32,8,1,71.607,1107
1913,16,32,8,2,69.093,1828
1914,16,32,8,3,77.403,3514
1915,16,32,8,4,73.620,3334
1916,16,32,8,5,89.596,5424
1917,16,32,8,6,85.734,6340
1918,16,32,8,7,89.878,7702
1919,16,32,8,8,77.547,6990
1920,32,1,1,1,70.970,357
1921,32,1,1,2,70.970,357
1922,32,1,1,3,70.970,357
1923,32,1,1,4,70.970,357
1924,32,1,1,5,70.970,357
1925,32,1,1,6,70.970,357
1926,32,1,1,7,70.970,357
1927,32,1,1,8,70.970,357
1928,32,1,2,1,71.671,589
1929,32,1,2,2,71.671,589
1930,32,1,2,3,71.671,589
1931,32,1,2,4,71.671,589
1932,32,1,2,5,71.671,589
1933,32,1,2,6,71.671,589
1934,32,1,2,7,71.671,589
1935,32,1,2,8,71.671,589
1936,32,1,3,1,74.343,867
1937,32,1,3,2,74.343,867
1938,32,1,3,3,74.343,867
1939,32,1,3,4,74.343,867
1940,32,1,3,5,74.343,867
1941,32,1,3,6,74.343,867
1942,32,1,3,7,74.343,867
1943,32,1,3,8,74.343,867
1944,32,1,4,1,72.460,890
1945,32,1,4,2,72.460,890
1946,32,1,4,3,72.460,890
1947,32,1,4,4,72.460,890
1948,32,1,4,5,72.460,890
1949,32,1,4,6,72.460,890
1950,32,1,4,7,72.460,890
1951,32,1,4,8,72.460,890
1952,32,1,5,1,74.032,1308
1953,32,1,5,2,74.032,1308
1954,32,1,5,3,74.032,1308
1955,32,1,5,4,74.032,1308
1956,32,1,5,5,74.032,1308
1957,32,1,5,6,74.032,1308
1958,32,1,5,7,74.032,1308
1959,32,1,5,8,74.032,1308
1960,32,1,6,1,72.493,1524
1961,32,1,6,2,72.493,1524
1962,32,1,6,3,72.493,1524
1963,32,1,6,4,72.493,1524
1964,32,1,6,5,72.493,1524
1965,32,1,6,6,72.493,1524
1966,32,1,6,7,72.493,1524
1967,32,1,6,8,72.493,1524
1968,32,1,7,1,76.155,1796
1969,32,1,7,2,76.155,1796
1970,32,1,7,3,76.155,1796
1971,32,1,7,4,76.155,1796
1972,32,1,7,5,76.155,1796
1973,32,1,7,6,76.155,1796
1974,32,1,7,7,76.155,1796
1975,32,1,7,8,76.155,1796
1976,32,1,8,1,71.186,1608
1977,32,1,8,2,71.186,1608
1978,32,1,8,3,71.186,1608
1979,32,1,8,4,71.186,1608
1980,32,1,8,5,71.186,1608
1981,32,1,8,6,71.186,1608
1982,32,1,8,7,71.186,1608
1983,32,1,8,8,71.186,1608
1984,32,2,1,1,71.392,402
1985,32,2,1,2,73.055,592
1986,32,2,1,3,73.055,592
1987,32,2,1,4,73.055,592
1988,32,2,1,5,73.055,592
1989,32,2,1,6,73.055,592
1990,32,2,1,7,73.055,592
1991,32,2,1,8,73.055,592
1992,32,2,2,1,72.370,621
1993,32,2,2,2,72.167,943
1994,32,2,2,3,72.167,943
1995,32,2,2,4,72.167,943
1996,32,2,2,5,72.167,943
1997,32,2,2,6,72.167,943
1998,32,2,2,7,72.167,943
1999,32,2,2,8,72.167,943
2000,32,2,3,1,71.802,891
2001,32,2,3,2,68.531,1509
2002,32,2,3,3,68.531,1509
2003,32,2,3,4,68.531,1509
2004,32,2,3,5,68.531,1509
2005,32,2,3,6,68.531,1509
2006,32,2,3,7,68.531,1509
2007,32,2,3,8,68.531,1509
2008,32,2,4,1,74.277,1071
2009,32,2,4,2,71.883,1602
2010,32,2,4,3,71.883,1602
2011,32,2,4,4,71.883,1602
2012,32,2,4,5,71.883,1602
2013,32,2,4,6,71.883,1602
2014,32,2,4,7,71.883,1602
2015,32,2,4,8,71.883,1602
2016,32,2,5,1,71.002,1395
2017,32,2,5,2,71.943,2433
2018,32,2,5,3,71.943,2433
2019,32,2,5,4,71.943,2433
2020,32,2,5,5,71.943,2433
2021,32,2,5,6,71.943,2433
2022,32,2,5,7,71.943,2433
2023,32,2,5,8,71.943,2433
2024,32,2,6,1,70.271,1551
2025,32,2,6,2,70.164,2713
2026,32,2,6,3,70.164,2713
2027,32,2,6,4,70.164,2713
2028,32,2,6,5,70.164,2713
2029,32,2,6,6,70.164,2713
2030,32,2,6,7,70.164,2713
2031,32,2,6,8,70.164,2713
2032,32,2,7,1,71.621,1831
2033,32,2,7,2,71.891,3326
2034,32,2,7,3,71.891,3326
2035,32,2,7,4,71.891,3326
2036,32,2,7,5,71.891,3326
2037,32,2,7,6,71.891,3326
2038,32,2,7,7,71.891,3326
2039,32,2,7,8,71.891,3326
2040,32,2,8,1,69.265,1926
2041,32,2,8,2,72.458,2950
2042,32,2,8,3,72.458,2950
2043,32,2,8,4,72.458,2950
2044,32,2,8,5,72.458,2950
2045,32,2,8,6,72.458,2950
2046,32,2,8,7,72.458,2950
2047,32,2,8,8,72.458,2950
2048,32,4,1,1,71.589,408
2049,32,4,1,2,72.316,613
2050,32,4,1,3,107.195,876
2051,32,4,1,4,70.397,942
2052,32,4,1,5,70.397,942
2053,32,4,1,6,70.397,942
2054,32,4,1,7,70.397,942
2055,32,4,1,8,70.397,942
2056,32,4,2,1,72.710,603
2057,32,4,2,2,71.881,1063
2058,32,4,2,3,110.250,1649
2059,32,4,2,4,71.212,1585
2060,32,4,2,5,71.212,1585
2061,32,4,2,6,71.212,1585
2062,32,4,2,7,71.212,1585
2063,32,4,2,8,71.212,1585
2064,32,4,3,1,72.066,876
2065,32,4,3,2,69.259,1534
2066,32,4,3,3,107.169,2428
2067,32,4,3,4,71.479,2712
2068,32,4,3,5,71.479,2712
2069,32,4,3,6,71.479,2712
2070,32,4,3,7,71.479,2712
2071,32,4,3,8,71.479,2712
2072,32,4,4,1,74.051,1093
2073,32,4,4,2,68.691,1874
2074,32,4,4,3,110.984,3213
2075,32,4,4,4,71.633,2903
2076,32,4,4,5,71.633,2903
2077,32,4,4,6,71.633,2903
2078,32,4,4,7,71.633,2903
2079,32,4,4,8,71.633,2903
2080,32,4,5,1,71.472,1391
2081,32,4,5,2,70.298,2452
2082,32,4,5,3,120.063,3965
2083,32,4,5,4,75.535,4642
2084,32,4,5,5,75.535,4642
2085,32,4,5,6,75.535,4642
2086,32,4,5,7,75.535,4642
2087,32,4,5,8,75.535,4642
2088,32,4,6,1,70.355,1543
2089,32,4,6,2,70.419,2829
2090,32,4,6,3,113.242,4729
2091,32,4,6,4,70.834,5285
2092,32,4,6,5,70.834,5285
2093,32,4,6,6,70.834,5285
2094,32,4,6,7,70.834,5285
2095,32,4,6,8,70.834,5285
2096,32,4,7,1,70.313,1807
2097,32,4,7,2,71.589,3481
2098,32,4,7,3,120.168,5547
2099,32,4,7,4,77.109,6367
2100,32,4,7,5,77.109,6367
2101,32,4,7,6,77.109,6367
2102,32,4,7,7,77.109,6367
2103,32,4,7,8,77.109,6367
2104,32,4,8,1,72.709,1925
2105,32,4,8,2,74.725,3737
2106,32,4,8,3,113.150,6030
2107,32,4,8,4,72.587,5693
2108,32,4,8,5,72.587,5693
2109,32,4,8,6,72.587,5693
2110,32,4,8,7,72.587,5693
2111,32,4,8,8,72.587,5693
2112,32,8,1,1,72.157,393
2113,32,8,1,2,69.668,614
2114,32,8,1,3,83.333,894
2115,32,8,1,4,73.835,1035
2116,32,8,1,5,91.283,1381
2117,32,8,1,6,109.597,1568
2118,32,8,1,7,126.227,1881
2119,32,8,1,8,70.894,1606
2120,32,8,2,1,71.686,614
2121,32,8,2,2,68.991,1072
2122,32,8,2,3,80.373,1632
2123,32,8,2,4,69.865,1894
2124,32,8,2,5,89.263,2538
2125,32,8,2,6,110.474,3023
2126,32,8,2,7,123.985,3583
2127,32,8,2,8,70.541,2928
2128,32,8,3,1,72.124,900
2129,32,8,3,2,72.017,1529
2130,32,8,3,3,81.089,2409
2131,32,8,3,4,73.871,2816
2132,32,8,3,5,90.735,3908
2133,32,8,3,6,111.029,4538
2134,32,8,3,7,133.658,5319
2135,32,8,3,8,72.149,5291
2136,32,8,4,1,70.654,1115
2137,32,8,4,2,71.543,1918
2138,32,8,4,3,79.000,3127
2139,32,8,4,4,71.644,3712
2140,32,8,4,5,96.988,5114
2141,32,8,4,6,120.943,5841
2142,32,8,4,7,139.675,6742
2143,32,8,4,8,75.921,5723
2144,32,8,5,1,70.294,1356
2145,32,8,5,2,73.462,2436
2146,32,8,5,3,82.531,3960
2147,32,8,5,4,74.139,4717
2148,32,8,5,5,102.084,6226
2149,32,8,5,6,110.489,7383
2150,32,8,5,7,136.669,8561
2151,32,8,5,8,75.107,8626
2152,32,8,6,1,69.985,1541
2153,32,8,6,2,70.076,2800
2154,32,8,6,3,84.456,4772
2155,32,8,6,4,76.185,5611
2156,32,8,6,5,102.407,7350
2157,32,8,6,6,113.494,8879
2158,32,8,6,7,139.513,10393
2159,32,8,6,8,74.841,10290
2160,32,8,7,1,71.446,1838
2161,32,8,7,2,72.155,3457
2162,32,8,7,3,84.398,5510
2163,32,8,7,4,75.866,6378
2164,32,8,7,5,99.086,8878
2165,32,8,7,6,121.345,10478
2166,32,8,7,7,144.251,11738
2167,32,8,7,8,79.378,11970
2168,32,8,8,1,71.883,1833
2169,32,8,8,2,72.317,3214
2170,32,8,8,3,84.753,6010
2171,32,8,8,4,74.292,5890
2172,32,8,8,5,102.296,9982
2173,32,8,8,6,121.085,11240
2174,32,8,8,7,143.856,12678
2175,32,8,8,8,77.976,9838
2176,32,16,1,1,70.377,372
2177,32,16,1,2,72.995,608
2178,32,16,1,3,81.279,914
2179,32,16,1,4,73.852,1076
2180,32,16,1,5,93.050,1360
2181,32,16,1,6,86.124,1580
2182,32,16,1,7,95.480,1790
2183,32,16,1,8,71.608,1933
2184,32,16,2,1,74.401,597
2185,32,16,2,2,74.173,1055
2186,32,16,2,3,79.896,1663
2187,32,16,2,4,71.266,1893
2188,32,16,2,5,89.052,2579
2189,32,16,2,6,80.003,2988
2190,32,16,2,7,102.700,3567
2191,32,16,2,8,73.027,3705
2192,32,16,3,1,73.741,890
2193,32,16,3,2,72.989,1527
2194,32,16,3,3,80.266,2358
2195,32,16,3,4,71.165,2810
2196,32,16,3,5,94.449,3868
2197,32,16,3,6,81.233,4450
2198,32,16,3,7,97.840,5264
2199,32,16,3,8,71.224,5553
2200,32,16,4,1,72.424,1077
2201,32,16,4,2,72.841,1803
2202,32,16,4,3,80.186,3160
2203,32,16,4,4,72.804,3315
2204,32,16,4,5,91.394,5110
2205,32,16,4,6,85.863,5770
2206,32,16,4,7,106.919,6815
2207,32,16,4,8,73.164,6405
2208,32,16,5,1,70.709,1345
2209,32,16,5,2,70.937,2400
2210,32,16,5,3,92.918,3959
2211,32,16,5,4,75.164,4749
2212,32,16,5,5,94.581,6257
2213,32,16,5,6,87.928,7263
2214,32,16,5,7,100.765,8457
2215,32,16,5,8,76.014,8969
2216,32,16,6,1,72.357,1561
2217,32,16,6,2,69.688,2847
2218,32,16,6,3,85.498,4680
2219,32,16,6,4,71.603,5552
2220,32,16,6,5,102.927,7381
2221,32,16,6,6,88.225,8869
2222,32,16,6,7,107.690,10265
2223,32,16,6,8,78.753,10694
2224,32,16,7,1,72.335,1849
2225,32,16,7,2,71.643,3417
2226,32,16,7,3,89.380,5482
2227,32,16,7,4,71.623,6430
2228,32,16,7,5,101.191,8759
2229,32,16,7,6,90.792,10229
2230,32,16,7,7,108.011,11814
2231,32,16,7,8,76.728,12125
2232,32,16,8,1,74.367,1804
2233,32,16,8,2,75.196,2957
2234,32,16,8,3,83.648,6000
2235,32,16,8,4,77.420,5910
2236,32,16,8,5,98.378,9766
2237,32,16,8,6,90.437,11386
2238,32,16,8,7,107.472,12539
2239,32,16,8,8,77.204,12475
2240,32,32,1,1,71.512,380
2241,32,32,1,2,70.493,607
2242,32,32,1,3,77.935,888
2243,32,32,1,4,70.981,1096
2244,32,32,1,5,79.104,1382
2245,32,32,1,6,79.381,1566
2246,32,32,1,7,82.150,1814
2247,32,32,1,8,70.748,1896
2248,32,32,2,1,70.627,608
2249,32,32,2,2,72.780,1032
2250,32,32,2,3,73.937,1631
2251,32,32,2,4,71.153,1884
2252,32,32,2,5,78.211,2596
2253,32,32,2,6,81.305,2952
2254,32,32,2,7,78.700,3600
2255,32,32,2,8,72.227,3689
2256,32,32,3,1,72.262,880
2257,32,32,3,2,69.456,1489
2258,32,32,3,3,72.823,2362
2259,32,32,3,4,70.580,2793
2260,32,32,3,5,75.496,3891
2261,32,32,3,6,81.443,4535
2262,32,32,3,7,87.916,5367
2263,32,32,3,8,75.676,5572
2264,32,32,4,1,70.240,1079
2265,32,32,4,2,72.522,1623
2266,32,32,4,3,71.890,3156
2267,32,32,4,4,72.924,3535
2268,32,32,4,5,89.220,5081
2269,32,32,4,6,83.635,5846
2270,32,32,4,7,89.041,6805
2271,32,32,4,8,75.166,6822
2272,32,32,5,1,71.482,1362
2273,32,32,5,2,73.369,2404
2274,32,32,5,3,75.023,3996
2275,32,32,5,4,73.118,4731
2276,32,32,5,5,86.377,6265
2277,32,32,5,6,82.171,7289
2278,32,32,5,7,85.549,8595
2279,32,32,5,8,73.658,8904
2280,32,32,6,1,71.684,1533
2281,32,32,6,2,68.886,2795
2282,32,32,6,3,75.684,4690
2283,32,32,6,4,73.492,5552
2284,32,32,6,5,89.400,7407
2285,32,32,6,6,85.154,8965
2286,32,32,6,7,87.275,10315
2287,32,32,6,8,76.121,10507
2288,32,32,7,1,71.431,1805
2289,32,32,7,2,71.014,3437
2290,32,32,7,3,74.766,5498
2291,32,32,7,4,71.828,6401
2292,32,32,7,5,89.800,8643
2293,32,32,7,6,90.672,10283
2294,32,32,7,7,88.164,11733
2295,32,32,7,8,80.845,12194
2296,32,32,8,1,70.627,1792
2297,32,32,8,2,73.623,2908
2298,32,32,8,3,76.206,5988
2299,32,32,8,4,71.944,5500
2300,32,32,8,5,85.271,9843
2301,32,32,8,6,90.946,11450
2302,32,32,8,7,89.680,12577
2303,32,32,8,8,77.753,11696
