n,knob_HIST_SIZE,knob_NUM_HIST,knob_UNROLL_LLM,knob_UNROLL_LP,knob_I_B,knob_DATA_BLOCK,obj1,obj2
1,256,1,1,1,0,2048,0.0022,7550
2,256,1,1,1,0,4096,0.0024,7386
3,256,1,1,1,0,16384,0.0025,7057
4,256,1,1,1,0,32768,0.0023,7551
5,256,1,1,1,0,65536,0.0023,7530
6,256,1,1,2,0,2048,0.0021,7708
7,256,1,1,2,0,4096,0.0019,7748
8,256,1,1,2,0,16384,0.0021,7137
9,256,1,1,2,0,32768,0.002,7409
10,256,1,1,2,0,65536,0.0021,7549
11,256,1,1,3,0,1024,0.0018,8297
12,256,1,1,3,0,2048,0.002,7868
13,256,1,1,3,0,4096,0.0019,7740
14,256,1,1,3,0,16384,0.0019,7049
15,256,1,1,3,0,32768,0.002,7104
16,256,1,2,1,0,1024,0.0019,7737
17,256,1,2,1,0,2048,0.0021,8025
18,256,1,2,1,0,4096,0.0021,7740
19,256,1,2,1,0,32768,0.002,7504
20,256,1,2,1,0,65536,0.002,7495
21,256,1,2,2,0,1024,0.0017,8050
22,256,1,2,2,0,2048,0.0017,7518
23,256,1,2,2,0,16384,0.0017,7138
24,256,1,2,3,0,1024,0.0016,8509
25,256,1,2,3,0,4096,0.0016,7845
26,256,1,2,3,0,32768,0.0016,7071
27,256,1,2,3,0,65536,0.0016,7637
28,256,1,3,1,0,2048,0.0014,8201
29,256,1,3,1,0,4096,0.0014,7610
30,256,1,3,1,0,8192,0.0013,7463
31,256,1,3,1,0,16384,0.0013,7527
32,256,1,3,1,0,32768,0.0013,7101
33,256,1,3,1,0,65536,0.0013,7524
34,256,1,3,2,0,2048,0.0019,7833
35,256,1,3,2,0,4096,0.0018,7974
36,256,1,3,2,0,8192,0.0018,7401
37,256,1,3,2,0,16384,0.0018,7074
38,256,1,3,2,0,32768,0.0017,7440
39,256,1,3,3,0,1024,0.0017,7793
40,256,1,3,3,0,4096,0.0017,7684
41,256,1,3,3,0,8192,0.0018,7476
42,256,1,3,3,0,16384,0.0017,7036
43,256,1,4,1,0,1024,0.0014,7988
44,256,1,4,1,0,2048,0.0014,7909
45,256,1,4,1,0,8192,0.0014,7701
46,256,1,4,1,0,65536,0.0014,7569
47,256,1,4,2,0,1024,0.0017,8295
48,256,1,4,2,0,8192,0.0017,7644
49,256,1,4,2,0,65536,0.0016,7515
50,256,1,4,3,0,2048,0.0015,7484
51,256,1,4,3,0,8192,0.0014,7301
52,256,1,4,3,0,16384,0.0015,7087
53,256,1,4,3,0,65536,0.0015,7212
54,256,1,5,1,0,4096,0.0014,7656
55,256,1,5,1,0,8192,0.0013,7188
56,256,1,5,1,0,16384,0.0014,7552
57,256,1,5,1,0,32768,0.0013,7506
58,256,1,5,1,0,65536,0.0014,7546
59,256,1,5,2,0,2048,0.0016,7609
60,256,1,5,2,0,4096,0.0016,7736
61,256,1,5,2,0,16384,0.0017,7191
62,256,1,5,2,0,65536,0.0016,7413
63,256,1,5,3,0,4096,0.0017,7865
64,256,1,5,3,0,8192,0.0016,7463
65,256,1,5,3,0,16384,0.0018,9320
66,256,1,5,3,0,32768,0.0018,9306
67,256,1,5,3,0,65536,0.0016,9337
68,256,1,6,1,0,1024,0.0014,7679
69,256,1,6,1,0,2048,0.0013,7385
70,256,1,6,1,0,4096,0.0013,7255
71,256,1,6,1,0,8192,0.0013,7603
72,256,1,6,1,0,16384,0.0012,7052
73,256,1,6,1,0,32768,0.0013,7454
74,256,1,6,2,0,1024,0.0009,7623
75,256,1,6,2,0,4096,0.001,8060
76,256,1,6,2,0,8192,0.001,7100
77,256,1,6,2,0,16384,0.001,7619
78,256,1,6,2,0,32768,0.0009,7491
79,256,1,6,2,0,65536,0.0009,7604
80,256,1,6,3,0,2048,0.0017,7935
81,256,1,6,3,0,16384,0.0018,7088
82,256,1,6,3,0,65536,0.0016,7087
83,256,1,7,1,0,1024,0.0015,7677
84,256,1,7,1,0,2048,0.0015,7389
85,256,1,7,1,0,4096,0.0015,7956
86,256,1,7,1,0,16384,0.0015,7110
87,256,1,7,2,0,2048,0.001,7832
88,256,1,7,2,0,4096,0.001,7775
89,256,1,7,2,0,8192,0.001,7110
90,256,1,7,2,0,65536,0.0009,7676
91,256,1,7,3,0,2048,0.0017,7629
92,256,1,7,3,0,8192,0.0018,9443
93,256,1,7,3,0,16384,0.0015,7375
94,256,1,7,3,0,32768,0.0015,7379
95,256,1,7,3,0,65536,0.0015,7316
96,256,2,1,1,0,1024,0.0023,7580
97,256,2,1,1,0,4096,0.0024,7386
98,256,2,1,1,0,8192,0.0024,7056
99,256,2,1,1,0,16384,0.0025,7057
100,256,2,1,1,0,32768,0.0023,7551
101,256,2,1,1,0,65536,0.0023,7530
102,256,2,1,2,0,2048,0.0021,7708
103,256,2,1,2,0,4096,0.0019,7748
104,256,2,1,2,0,8192,0.0021,7435
105,256,2,1,2,0,16384,0.0021,7137
106,256,2,1,2,0,32768,0.002,7409
107,256,2,1,2,0,65536,0.0021,7549
108,256,2,1,3,0,1024,0.0018,8297
109,256,2,1,3,0,2048,0.002,7868
110,256,2,1,3,0,4096,0.0019,7740
111,256,2,1,3,0,16384,0.0019,7049
112,256,2,1,3,0,32768,0.002,7104
113,256,2,1,3,0,65536,0.0019,7135
114,256,2,2,1,0,1024,0.0019,7737
115,256,2,2,1,0,2048,0.0021,8025
116,256,2,2,1,0,16384,0.002,7524
117,256,2,2,1,0,32768,0.002,7504
118,256,2,2,1,0,65536,0.002,7495
119,256,2,2,2,0,1024,0.0017,8050
120,256,2,2,2,0,2048,0.0017,7518
121,256,2,2,2,0,4096,0.0018,7525
122,256,2,2,2,0,16384,0.0017,7138
123,256,2,2,2,0,32768,0.0016,7154
124,256,2,2,2,0,65536,0.0016,7085
125,256,2,2,3,0,1024,0.0016,8509
126,256,2,2,3,0,32768,0.0016,7071
127,256,2,2,3,0,65536,0.0016,7637
128,256,2,3,1,0,1024,0.0013,8151
129,256,2,3,1,0,2048,0.0014,8201
130,256,2,3,1,0,4096,0.0014,7610
131,256,2,3,1,0,8192,0.0013,7465
132,256,2,3,1,0,16384,0.0013,7527
133,256,2,3,1,0,32768,0.0013,7101
134,256,2,3,1,0,65536,0.0013,7524
135,256,2,3,2,0,2048,0.0019,7833
136,256,2,3,2,0,4096,0.0018,7974
137,256,2,3,2,0,8192,0.0018,7401
138,256,2,3,2,0,16384,0.0018,7074
139,256,2,3,2,0,32768,0.0017,7440
140,256,2,3,3,0,1024,0.0017,7793
141,256,2,3,3,0,4096,0.0017,7684
142,256,2,3,3,0,16384,0.0017,7036
143,256,2,3,3,0,65536,0.0016,7124
144,256,2,4,1,0,16384,0.0013,7083
145,256,2,4,1,0,65536,0.0014,7569
146,256,2,4,2,0,1024,0.0017,8295
147,256,2,4,2,0,8192,0.0017,7644
148,256,2,4,2,0,16384,0.0019,7207
149,256,2,4,2,0,65536,0.0016,7515
150,256,2,4,3,0,4096,0.0016,7526
151,256,2,4,3,0,8192,0.0014,7301
152,256,2,4,3,0,16384,0.0015,7087
153,256,2,4,3,0,65536,0.0015,7212
154,256,2,5,1,0,4096,0.0014,7656
155,256,2,5,1,0,16384,0.0014,7552
156,256,2,5,1,0,32768,0.0013,7506
157,256,2,5,1,0,65536,0.0014,7546
158,256,2,5,2,0,1024,0.0016,7862
159,256,2,5,2,0,2048,0.0016,7609
160,256,2,5,2,0,4096,0.0016,7736
161,256,2,5,2,0,16384,0.0017,7191
162,256,2,5,2,0,32768,0.0016,7656
163,256,2,5,2,0,65536,0.0016,7413
164,256,2,5,3,0,4096,0.0017,7865
165,256,2,5,3,0,8192,0.0016,7463
166,256,2,5,3,0,16384,0.0018,9320
167,256,2,5,3,0,32768,0.0018,9306
168,256,2,5,3,0,65536,0.0016,9337
169,256,2,6,1,0,1024,0.0014,7679
170,256,2,6,1,0,2048,0.0014,7769
171,256,2,6,1,0,4096,0.0013,7255
172,256,2,6,1,0,8192,0.0013,7603
173,256,2,6,1,0,16384,0.0012,7052
174,256,2,6,1,0,32768,0.0013,7454
175,256,2,6,1,0,65536,0.0013,7439
176,256,2,6,2,0,1024,0.0009,7623
177,256,2,6,2,0,2048,0.001,7797
178,256,2,6,2,0,8192,0.001,7100
179,256,2,6,2,0,16384,0.001,7619
180,256,2,6,2,0,32768,0.0009,7491
181,256,2,6,2,0,65536,0.0009,7616
182,256,2,6,3,0,2048,0.0017,7935
183,256,2,6,3,0,8192,0.0017,7600
184,256,2,6,3,0,16384,0.0018,7088
185,256,2,6,3,0,65536,0.0016,7087
186,256,2,7,1,0,1024,0.0015,7677
187,256,2,7,1,0,2048,0.0015,7389
188,256,2,7,1,0,4096,0.0016,7953
189,256,2,7,1,0,16384,0.0015,7110
190,256,2,7,1,0,32768,0.0015,7308
191,256,2,7,1,0,65536,0.0014,7034
192,256,2,7,2,0,2048,0.001,7832
193,256,2,7,2,0,4096,0.001,7775
194,256,2,7,2,0,8192,0.001,7110
195,256,2,7,2,0,65536,0.0009,7676
196,256,2,7,3,0,1024,0.0018,9989
197,256,2,7,3,0,2048,0.0017,7629
198,256,2,7,3,0,8192,0.0018,9443
199,256,2,7,3,0,16384,0.0015,7375
200,256,2,7,3,0,32768,0.0015,7379
201,256,2,7,3,0,65536,0.0015,7316
202,256,3,1,1,0,1024,0.0023,7580
203,256,3,1,1,0,2048,0.0022,7550
204,256,3,1,1,0,16384,0.0025,7057
205,256,3,1,1,0,32768,0.0023,7551
206,256,3,1,1,0,65536,0.0023,7530
207,256,3,1,2,0,2048,0.0021,7708
208,256,3,1,2,0,4096,0.0019,7748
209,256,3,1,2,0,8192,0.0021,7435
210,256,3,1,2,0,16384,0.0021,7137
211,256,3,1,2,0,32768,0.002,7409
212,256,3,1,2,0,65536,0.0021,7549
213,256,3,1,3,0,1024,0.0018,8297
214,256,3,1,3,0,2048,0.002,7868
215,256,3,1,3,0,16384,0.0019,7059
216,256,3,1,3,0,32768,0.002,7104
217,256,3,1,3,0,65536,0.0019,7135
218,256,3,2,1,0,1024,0.0019,7737
219,256,3,2,1,0,2048,0.0021,8025
220,256,3,2,1,0,4096,0.0021,7740
221,256,3,2,1,0,32768,0.002,7504
222,256,3,2,1,0,65536,0.002,7495
223,256,3,2,2,0,1024,0.0017,8050
224,256,3,2,2,0,2048,0.0017,7518
225,256,3,2,2,0,4096,0.0018,7525
226,256,3,2,2,0,16384,0.0017,7138
227,256,3,2,2,0,32768,0.0016,7154
228,256,3,2,3,0,1024,0.0016,8509
229,256,3,2,3,0,32768,0.0016,7071
230,256,3,3,1,0,2048,0.0014,8201
231,256,3,3,1,0,4096,0.0014,7610
232,256,3,3,1,0,8192,0.0013,7463
233,256,3,3,1,0,16384,0.0013,7527
234,256,3,3,1,0,32768,0.0013,7101
235,256,3,3,1,0,65536,0.0013,7524
236,256,3,3,2,0,2048,0.0019,7833
237,256,3,3,2,0,4096,0.0018,7974
238,256,3,3,2,0,8192,0.0018,7401
239,256,3,3,2,0,16384,0.0018,7074
240,256,3,3,2,0,32768,0.0017,7440
241,256,3,3,3,0,1024,0.0017,7793
242,256,3,3,3,0,4096,0.0017,7684
243,256,3,3,3,0,65536,0.0016,7124
244,256,3,4,1,0,1024,0.0014,7988
245,256,3,4,1,0,2048,0.0014,7909
246,256,3,4,1,0,4096,0.0014,7747
247,256,3,4,1,0,65536,0.0014,7569
248,256,3,4,2,0,1024,0.0017,8295
249,256,3,4,2,0,8192,0.0017,7644
250,256,3,4,2,0,65536,0.0016,7515
251,256,3,4,3,0,8192,0.0014,7301
252,256,3,4,3,0,65536,0.0015,7212
253,256,3,5,1,0,1024,0.0014,8146
254,256,3,5,1,0,4096,0.0014,7656
255,256,3,5,1,0,8192,0.0013,7188
256,256,3,5,1,0,16384,0.0014,7552
257,256,3,5,1,0,32768,0.0013,7503
258,256,3,5,1,0,65536,0.0014,7546
259,256,3,5,2,0,1024,0.0016,7862
260,256,3,5,2,0,2048,0.0016,7609
261,256,3,5,2,0,4096,0.0016,7736
262,256,3,5,2,0,16384,0.0017,7191
263,256,3,5,2,0,32768,0.0016,7656
264,256,3,5,2,0,65536,0.0016,7413
265,256,3,5,3,0,1024,0.0016,7699
266,256,3,5,3,0,4096,0.0017,7865
267,256,3,5,3,0,16384,0.0018,9320
268,256,3,5,3,0,32768,0.0018,9306
269,256,3,5,3,0,65536,0.0016,9337
270,256,3,6,1,0,1024,0.0014,7679
271,256,3,6,1,0,2048,0.0014,7769
272,256,3,6,1,0,16384,0.0012,7052
273,256,3,6,1,0,32768,0.0013,7454
274,256,3,6,2,0,1024,0.0009,7623
275,256,3,6,2,0,8192,0.001,7100
276,256,3,6,2,0,16384,0.001,7619
277,256,3,6,2,0,32768,0.0009,7491
278,256,3,6,2,0,65536,0.0009,7616
279,256,3,6,3,0,2048,0.0017,7935
280,256,3,6,3,0,8192,0.0017,7600
281,256,3,6,3,0,65536,0.0016,7087
282,256,3,7,1,0,2048,0.0015,7389
283,256,3,7,1,0,4096,0.0016,7953
284,256,3,7,1,0,16384,0.0015,7110
285,256,3,7,1,0,65536,0.0014,7034
286,256,3,7,2,0,8192,0.001,7110
287,256,3,7,2,0,32768,0.0009,7848
288,256,3,7,2,0,65536,0.0009,7676
289,256,3,7,3,0,2048,0.0017,7629
290,256,3,7,3,0,4096,0.0015,7490
291,256,3,7,3,0,8192,0.0018,9443
292,256,3,7,3,0,16384,0.0015,7375
293,256,3,7,3,0,32768,0.0015,7379
294,256,3,7,3,0,65536,0.0015,7316
295,256,4,1,1,0,1024,0.0023,7580
296,256,4,1,1,0,4096,0.0024,7386
297,256,4,1,1,0,16384,0.0025,7057
298,256,4,1,1,0,32768,0.0023,7551
299,256,4,1,1,0,65536,0.0023,7530
300,256,4,1,2,0,2048,0.0021,7708
301,256,4,1,2,0,4096,0.0019,7748
302,256,4,1,2,0,8192,0.0021,7435
303,256,4,1,2,0,32768,0.002,7409
304,256,4,1,2,0,65536,0.0021,7549
305,256,4,1,3,0,1024,0.0018,8297
306,256,4,1,3,0,2048,0.0019,7892
307,256,4,1,3,0,4096,0.0019,7740
308,256,4,1,3,0,16384,0.0019,7049
309,256,4,1,3,0,32768,0.002,7104
310,256,4,1,3,0,65536,0.0019,7135
311,256,4,2,1,0,1024,0.0019,7737
312,256,4,2,1,0,4096,0.0021,7740
313,256,4,2,1,0,16384,0.002,7524
314,256,4,2,1,0,32768,0.002,7504
315,256,4,2,1,0,65536,0.002,7495
316,256,4,2,2,0,1024,0.0017,8050
317,256,4,2,2,0,2048,0.0017,7518
318,256,4,2,2,0,4096,0.0018,7525
319,256,4,2,2,0,16384,0.0017,7138
320,256,4,2,2,0,32768,0.0016,7154
321,256,4,2,3,0,1024,0.0016,8509
322,256,4,2,3,0,32768,0.0016,7071
323,256,4,2,3,0,65536,0.0016,7637
324,256,4,3,1,0,2048,0.0014,8201
325,256,4,3,1,0,4096,0.0014,7610
326,256,4,3,1,0,8192,0.0013,7465
327,256,4,3,1,0,32768,0.0013,7101
328,256,4,3,1,0,65536,0.0013,7524
329,256,4,3,2,0,2048,0.0019,7833
330,256,4,3,2,0,4096,0.0018,7974
331,256,4,3,2,0,8192,0.0018,7401
332,256,4,3,2,0,16384,0.0018,7074
333,256,4,3,3,0,1024,0.0017,7793
334,256,4,3,3,0,4096,0.0017,7684
335,256,4,3,3,0,8192,0.0018,7476
336,256,4,3,3,0,65536,0.0016,7124
337,256,4,4,1,0,1024,0.0014,7988
338,256,4,4,1,0,2048,0.0014,7909
339,256,4,4,1,0,8192,0.0014,7701
340,256,4,4,1,0,65536,0.0014,7569
341,256,4,4,2,0,1024,0.0017,8295
342,256,4,4,2,0,8192,0.0017,7644
343,256,4,4,2,0,65536,0.0016,7515
344,256,4,4,3,0,8192,0.0014,7301
345,256,4,4,3,0,16384,0.0015,7087
346,256,4,4,3,0,32768,0.0015,7405
347,256,4,4,3,0,65536,0.0015,7212
348,256,4,5,1,0,4096,0.0014,7661
349,256,4,5,1,0,8192,0.0013,7188
350,256,4,5,1,0,16384,0.0014,7567
351,256,4,5,1,0,32768,0.0013,7506
352,256,4,5,1,0,65536,0.0014,7546
353,256,4,5,2,0,1024,0.0016,7862
354,256,4,5,2,0,2048,0.0016,7609
355,256,4,5,2,0,4096,0.0016,7736
356,256,4,5,2,0,16384,0.0017,7191
357,256,4,5,2,0,65536,0.0016,7413
358,256,4,5,3,0,4096,0.0017,7865
359,256,4,5,3,0,16384,0.0018,9320
360,256,4,5,3,0,32768,0.0018,9306
361,256,4,5,3,0,65536,0.0016,9337
362,256,4,6,1,0,2048,0.0014,7769
363,256,4,6,1,0,8192,0.0013,7603
364,256,4,6,1,0,16384,0.0012,7052
365,256,4,6,1,0,32768,0.0013,7454
366,256,4,6,2,0,1024,0.0009,7623
367,256,4,6,2,0,4096,0.001,8060
368,256,4,6,2,0,8192,0.001,7100
369,256,4,6,2,0,16384,0.001,7619
370,256,4,6,2,0,32768,0.0009,7491
371,256,4,6,2,0,65536,0.0009,7604
372,256,4,6,3,0,2048,0.0017,7935
373,256,4,6,3,0,16384,0.0018,7088
374,256,4,6,3,0,32768,0.0018,7262
375,256,4,6,3,0,65536,0.0016,7087
376,256,4,7,1,0,2048,0.0015,7389
377,256,4,7,1,0,32768,0.0015,7308
378,256,4,7,1,0,65536,0.0014,7034
379,256,4,7,2,0,4096,0.001,7775
380,256,4,7,2,0,8192,0.001,7110
381,256,4,7,2,0,32768,0.0009,7848
382,256,4,7,2,0,65536,0.0009,7676
383,256,4,7,3,0,1024,0.0018,9989
384,256,4,7,3,0,2048,0.0017,7629
385,256,4,7,3,0,8192,0.0018,9443
386,256,4,7,3,0,16384,0.0015,7375
387,256,4,7,3,0,32768,0.0015,7379
388,256,4,7,3,0,65536,0.0015,7316
389,256,5,1,1,0,1024,0.0023,7580
390,256,5,1,1,0,2048,0.0022,7550
391,256,5,1,1,0,4096,0.0024,7386
392,256,5,1,1,0,16384,0.0025,7057
393,256,5,1,1,0,32768,0.0023,7551
394,256,5,1,1,0,65536,0.0023,7530
395,256,5,1,2,0,2048,0.0021,7708
396,256,5,1,2,0,4096,0.0019,7748
397,256,5,1,2,0,16384,0.0021,7137
398,256,5,1,2,0,32768,0.002,7409
399,256,5,1,2,0,65536,0.0021,7549
400,256,5,1,3,0,1024,0.0018,8297
401,256,5,1,3,0,2048,0.002,7868
402,256,5,1,3,0,16384,0.0019,7049
403,256,5,1,3,0,32768,0.002,7104
404,256,5,1,3,0,65536,0.0019,7135
405,256,5,2,1,0,1024,0.0019,7737
406,256,5,2,1,0,2048,0.0021,8025
407,256,5,2,1,0,4096,0.0021,7740
408,256,5,2,1,0,32768,0.002,7504
409,256,5,2,1,0,65536,0.002,7495
410,256,5,2,2,0,1024,0.0017,8050
411,256,5,2,2,0,2048,0.0017,7518
412,256,5,2,2,0,4096,0.0018,7525
413,256,5,2,2,0,8192,0.0018,7261
414,256,5,2,2,0,16384,0.0017,7138
415,256,5,2,2,0,32768,0.0016,7154
416,256,5,2,3,0,1024,0.0016,8509
417,256,5,2,3,0,32768,0.0016,7071
418,256,5,3,1,0,1024,0.0013,8151
419,256,5,3,1,0,2048,0.0014,8201
420,256,5,3,1,0,4096,0.0014,7610
421,256,5,3,1,0,8192,0.0013,7463
422,256,5,3,1,0,16384,0.0013,7527
423,256,5,3,1,0,65536,0.0013,7524
424,256,5,3,2,0,1024,0.0018,8008
425,256,5,3,2,0,2048,0.0019,7833
426,256,5,3,2,0,8192,0.0018,7401
427,256,5,3,2,0,16384,0.0018,7074
428,256,5,3,2,0,32768,0.0017,7440
429,256,5,3,2,0,65536,0.0018,7128
430,256,5,3,3,0,1024,0.0017,7793
431,256,5,3,3,0,4096,0.0017,7684
432,256,5,3,3,0,65536,0.0016,7124
433,256,5,4,1,0,2048,0.0014,7909
434,256,5,4,1,0,4096,0.0014,7747
435,256,5,4,1,0,16384,0.0013,7094
436,256,5,4,1,0,32768,0.0014,7370
437,256,5,4,1,0,65536,0.0014,7569
438,256,5,4,2,0,1024,0.0017,8295
439,256,5,4,2,0,8192,0.0017,7644
440,256,5,4,2,0,65536,0.0016,7515
441,256,5,4,3,0,2048,0.0015,7484
442,256,5,4,3,0,8192,0.0014,7301
443,256,5,4,3,0,16384,0.0015,7087
444,256,5,4,3,0,65536,0.0015,7212
445,256,5,5,1,0,1024,0.0014,8146
446,256,5,5,1,0,4096,0.0014,7656
447,256,5,5,1,0,8192,0.0013,7188
448,256,5,5,1,0,16384,0.0014,7552
449,256,5,5,1,0,32768,0.0013,7506
450,256,5,5,1,0,65536,0.0014,7546
451,256,5,5,2,0,1024,0.0016,7862
452,256,5,5,2,0,2048,0.0016,7609
453,256,5,5,2,0,4096,0.0016,7736
454,256,5,5,2,0,8192,0.0017,7117
455,256,5,5,2,0,16384,0.0017,7191
456,256,5,5,2,0,32768,0.0016,7656
457,256,5,5,2,0,65536,0.0016,7413
458,256,5,5,3,0,4096,0.0017,7865
459,256,5,5,3,0,8192,0.0016,7463
460,256,5,5,3,0,16384,0.0018,9320
461,256,5,5,3,0,32768,0.0018,9306
462,256,5,5,3,0,65536,0.0016,9337
463,256,5,6,1,0,1024,0.0014,7679
464,256,5,6,1,0,2048,0.0014,7769
465,256,5,6,1,0,16384,0.0012,7052
466,256,5,6,1,0,32768,0.0013,7454
467,256,5,6,2,0,1024,0.0009,7623
468,256,5,6,2,0,4096,0.001,8060
469,256,5,6,2,0,8192,0.001,7100
470,256,5,6,2,0,16384,0.001,7619
471,256,5,6,2,0,32768,0.0009,7491
472,256,5,6,2,0,65536,0.0009,7616
473,256,5,6,3,0,2048,0.0017,7935
474,256,5,6,3,0,16384,0.0018,7088
475,256,5,6,3,0,65536,0.0016,7087
476,256,5,7,1,0,2048,0.0015,7389
477,256,5,7,1,0,4096,0.0016,7953
478,256,5,7,1,0,8192,0.0015,7135
479,256,5,7,1,0,16384,0.0015,7110
480,256,5,7,1,0,32768,0.0015,7308
481,256,5,7,1,0,65536,0.0014,7034
482,256,5,7,2,0,1024,0.0009,7657
483,256,5,7,2,0,2048,0.001,7832
484,256,5,7,2,0,4096,0.001,7775
485,256,5,7,2,0,65536,0.0009,7676
486,256,5,7,3,0,2048,0.0017,7629
487,256,5,7,3,0,4096,0.0015,7490
488,256,5,7,3,0,8192,0.0018,9443
489,256,5,7,3,0,16384,0.0015,7375
490,256,5,7,3,0,32768,0.0015,7379
491,256,5,7,3,0,65536,0.0015,7316
492,256,6,1,1,0,1024,0.0023,7580
493,256,6,1,1,0,4096,0.0024,7386
494,256,6,1,1,0,16384,0.0025,7057
495,256,6,1,1,0,32768,0.0023,7551
496,256,6,1,1,0,65536,0.0023,7530
497,256,6,1,2,0,2048,0.0021,7708
498,256,6,1,2,0,4096,0.0019,7748
499,256,6,1,2,0,8192,0.0021,7435
500,256,6,1,2,0,16384,0.0021,7137
501,256,6,1,2,0,32768,0.002,7409
502,256,6,1,2,0,65536,0.0021,7549
503,256,6,1,3,0,1024,0.0018,8297
504,256,6,1,3,0,2048,0.002,7868
505,256,6,1,3,0,16384,0.0019,7049
506,256,6,1,3,0,32768,0.002,7104
507,256,6,1,3,0,65536,0.0019,7135
508,256,6,2,1,0,1024,0.0019,7737
509,256,6,2,1,0,4096,0.0021,7740
510,256,6,2,1,0,32768,0.002,7504
511,256,6,2,1,0,65536,0.002,7495
512,256,6,2,2,0,1024,0.0017,8050
513,256,6,2,2,0,2048,0.0017,7518
514,256,6,2,2,0,4096,0.0018,7525
515,256,6,2,2,0,16384,0.0017,7138
516,256,6,2,2,0,32768,0.0016,7154
517,256,6,2,2,0,65536,0.0016,7085
518,256,6,2,3,0,2048,0.0018,7987
519,256,6,2,3,0,16384,0.0016,7064
520,256,6,2,3,0,32768,0.0016,7071
521,256,6,2,3,0,65536,0.0016,7637
522,256,6,3,1,0,2048,0.0014,8201
523,256,6,3,1,0,4096,0.0014,7610
524,256,6,3,1,0,8192,0.0013,7463
525,256,6,3,1,0,16384,0.0013,7527
526,256,6,3,1,0,32768,0.0013,7101
527,256,6,3,1,0,65536,0.0013,7524
528,256,6,3,2,0,1024,0.0018,8008
529,256,6,3,2,0,2048,0.0019,7833
530,256,6,3,2,0,4096,0.0018,7974
531,256,6,3,2,0,8192,0.0018,7401
532,256,6,3,2,0,16384,0.0018,7074
533,256,6,3,2,0,32768,0.0017,7440
534,256,6,3,3,0,1024,0.0017,7793
535,256,6,3,3,0,4096,0.0017,7684
536,256,6,3,3,0,16384,0.0017,7036
537,256,6,3,3,0,32768,0.0018,8067
538,256,6,3,3,0,65536,0.0016,7124
539,256,6,4,1,0,1024,0.0014,7988
540,256,6,4,1,0,2048,0.0014,7909
541,256,6,4,1,0,8192,0.0014,7701
542,256,6,4,1,0,32768,0.0014,7370
543,256,6,4,1,0,65536,0.0014,7569
544,256,6,4,2,0,1024,0.0017,8295
545,256,6,4,2,0,8192,0.0017,7644
546,256,6,4,2,0,65536,0.0016,7515
547,256,6,4,3,0,2048,0.0015,7484
548,256,6,4,3,0,4096,0.0016,7526
549,256,6,4,3,0,8192,0.0014,7301
550,256,6,4,3,0,16384,0.0015,7087
551,256,6,4,3,0,65536,0.0015,7212
552,256,6,5,1,0,1024,0.0014,8146
553,256,6,5,1,0,4096,0.0014,7656
554,256,6,5,1,0,8192,0.0013,7188
555,256,6,5,1,0,16384,0.0014,7552
556,256,6,5,1,0,32768,0.0013,7506
557,256,6,5,1,0,65536,0.0014,7546
558,256,6,5,2,0,1024,0.0016,7862
559,256,6,5,2,0,2048,0.0016,7609
560,256,6,5,2,0,4096,0.0016,7736
561,256,6,5,2,0,16384,0.0017,7191
562,256,6,5,2,0,32768,0.0016,7656
563,256,6,5,2,0,65536,0.0016,7413
564,256,6,5,3,0,4096,0.0017,7865
565,256,6,5,3,0,16384,0.0018,9320
566,256,6,5,3,0,32768,0.0018,9306
567,256,6,5,3,0,65536,0.0016,9337
568,256,6,6,1,0,1024,0.0014,7679
569,256,6,6,1,0,2048,0.0014,7769
570,256,6,6,1,0,4096,0.0013,7255
571,256,6,6,1,0,8192,0.0013,7603
572,256,6,6,1,0,16384,0.0012,7052
573,256,6,6,1,0,32768,0.0013,7454
574,256,6,6,1,0,65536,0.0013,7439
575,256,6,6,2,0,1024,0.0009,7623
576,256,6,6,2,0,4096,0.001,8060
577,256,6,6,2,0,8192,0.001,7100
578,256,6,6,2,0,16384,0.001,7619
579,256,6,6,2,0,32768,0.0009,7491
580,256,6,6,2,0,65536,0.0009,7616
581,256,6,6,3,0,2048,0.0016,7941
582,256,6,6,3,0,32768,0.0018,7262
583,256,6,7,1,0,2048,0.0015,7389
584,256,6,7,1,0,4096,0.0016,7953
585,256,6,7,1,0,65536,0.0014,7034
586,256,6,7,2,0,1024,0.0009,7657
587,256,6,7,2,0,2048,0.001,7832
588,256,6,7,2,0,8192,0.001,7110
589,256,6,7,2,0,65536,0.0009,7676
590,256,6,7,3,0,2048,0.0017,7629
591,256,6,7,3,0,8192,0.0018,9443
592,256,6,7,3,0,16384,0.0015,7390
593,256,6,7,3,0,32768,0.0015,7379
594,256,6,7,3,0,65536,0.0015,7316
595,256,7,1,1,0,1024,0.0023,7580
596,256,7,1,1,0,4096,0.0024,7386
597,256,7,1,1,0,8192,0.0024,7056
598,256,7,1,1,0,16384,0.0025,7057
599,256,7,1,1,0,32768,0.0023,7551
600,256,7,1,1,0,65536,0.0023,7530
601,256,7,1,2,0,2048,0.0021,7708
602,256,7,1,2,0,4096,0.0019,7748
603,256,7,1,2,0,8192,0.0021,7435
604,256,7,1,2,0,16384,0.0021,7137
605,256,7,1,2,0,32768,0.002,7409
606,256,7,1,2,0,65536,0.0021,7549
607,256,7,1,3,0,1024,0.0018,8297
608,256,7,1,3,0,2048,0.002,7868
609,256,7,1,3,0,16384,0.0019,7049
610,256,7,1,3,0,32768,0.002,7104
611,256,7,1,3,0,65536,0.0019,7135
612,256,7,2,1,0,1024,0.0019,7737
613,256,7,2,1,0,4096,0.0021,7740
614,256,7,2,1,0,8192,0.002,7639
615,256,7,2,1,0,16384,0.002,7524
616,256,7,2,1,0,32768,0.002,7504
617,256,7,2,1,0,65536,0.002,7495
618,256,7,2,2,0,1024,0.0017,8050
619,256,7,2,2,0,2048,0.0017,7518
620,256,7,2,2,0,4096,0.0018,7525
621,256,7,2,2,0,16384,0.0017,7138
622,256,7,2,2,0,32768,0.0016,7154
623,256,7,2,2,0,65536,0.0016,7085
624,256,7,2,3,0,4096,0.0016,7845
625,256,7,2,3,0,16384,0.0016,7064
626,256,7,2,3,0,32768,0.0016,7071
627,256,7,2,3,0,65536,0.0016,7637
628,256,7,3,1,0,2048,0.0014,8201
629,256,7,3,1,0,4096,0.0014,7610
630,256,7,3,1,0,8192,0.0013,7463
631,256,7,3,1,0,32768,0.0013,7101
632,256,7,3,1,0,65536,0.0013,7524
633,256,7,3,2,0,2048,0.0019,7833
634,256,7,3,2,0,4096,0.0018,7974
635,256,7,3,2,0,8192,0.0018,7401
636,256,7,3,2,0,16384,0.0018,7074
637,256,7,3,2,0,32768,0.0017,7440
638,256,7,3,3,0,1024,0.0017,7793
639,256,7,3,3,0,4096,0.0017,7684
640,256,7,3,3,0,8192,0.0018,7476
641,256,7,3,3,0,16384,0.0017,7036
642,256,7,3,3,0,65536,0.0016,7124
643,256,7,4,1,0,2048,0.0014,7909
644,256,7,4,1,0,16384,0.0013,7083
645,256,7,4,1,0,32768,0.0014,7370
646,256,7,4,1,0,65536,0.0014,7569
647,256,7,4,2,0,1024,0.0017,8295
648,256,7,4,2,0,2048,0.0018,8148
649,256,7,4,2,0,8192,0.0017,7644
650,256,7,4,2,0,65536,0.0016,7515
651,256,7,4,3,0,8192,0.0014,7301
652,256,7,4,3,0,16384,0.0015,7087
653,256,7,4,3,0,65536,0.0015,7212
654,256,7,5,1,0,1024,0.0014,8146
655,256,7,5,1,0,4096,0.0014,7656
656,256,7,5,1,0,8192,0.0013,7188
657,256,7,5,1,0,16384,0.0014,7552
658,256,7,5,1,0,32768,0.0013,7506
659,256,7,5,1,0,65536,0.0014,7546
660,256,7,5,2,0,1024,0.0016,7862
661,256,7,5,2,0,2048,0.0016,7609
662,256,7,5,2,0,4096,0.0016,7736
663,256,7,5,2,0,16384,0.0017,7191
664,256,7,5,2,0,65536,0.0016,7413
665,256,7,5,3,0,4096,0.0017,7865
666,256,7,5,3,0,16384,0.0018,9322
667,256,7,5,3,0,32768,0.0018,9306
668,256,7,5,3,0,65536,0.0016,9337
669,256,7,6,1,0,1024,0.0014,7679
670,256,7,6,1,0,2048,0.0013,7385
671,256,7,6,1,0,8192,0.0013,7603
672,256,7,6,1,0,16384,0.0012,7052
673,256,7,6,1,0,32768,0.0013,7454
674,256,7,6,2,0,1024,0.0009,7623
675,256,7,6,2,0,4096,0.001,8060
676,256,7,6,2,0,8192,0.001,7100
677,256,7,6,2,0,16384,0.001,7619
678,256,7,6,2,0,32768,0.0009,7491
679,256,7,6,2,0,65536,0.0009,7616
680,256,7,6,3,0,4096,0.0017,7265
681,256,7,6,3,0,16384,0.0018,7088
682,256,7,6,3,0,65536,0.0016,7087
683,256,7,7,1,0,2048,0.0015,7389
684,256,7,7,1,0,4096,0.0016,7953
685,256,7,7,1,0,65536,0.0014,7034
686,256,7,7,2,0,2048,0.001,7832
687,256,7,7,2,0,4096,0.001,7775
688,256,7,7,2,0,8192,0.001,7110
689,256,7,7,2,0,65536,0.0009,7676
690,256,7,7,3,0,2048,0.0017,7629
691,256,7,7,3,0,8192,0.0018,9443
692,256,7,7,3,0,16384,0.0015,7375
693,256,7,7,3,0,32768,0.0016,7395
694,256,7,7,3,0,65536,0.0015,7316
695,256,8,1,1,0,1024,0.0023,7580
696,256,8,1,1,0,2048,0.0022,7550
697,256,8,1,1,0,4096,0.0024,7386
698,256,8,1,1,0,16384,0.0025,7057
699,256,8,1,1,0,32768,0.0023,7551
700,256,8,1,1,0,65536,0.0023,7530
701,256,8,1,2,0,2048,0.0021,7708
702,256,8,1,2,0,4096,0.0019,7748
703,256,8,1,2,0,16384,0.0021,7150
704,256,8,1,2,0,32768,0.002,7409
705,256,8,1,2,0,65536,0.0021,7549
706,256,8,1,3,0,1024,0.0018,8297
707,256,8,1,3,0,2048,0.002,7868
708,256,8,1,3,0,16384,0.0019,7049
709,256,8,1,3,0,32768,0.002,7104
710,256,8,1,3,0,65536,0.0019,7135
711,256,8,2,1,0,1024,0.0019,7737
712,256,8,2,1,0,4096,0.0021,7740
713,256,8,2,1,0,32768,0.002,7504
714,256,8,2,1,0,65536,0.002,7495
715,256,8,2,2,0,1024,0.0017,8050
716,256,8,2,2,0,2048,0.0017,7518
717,256,8,2,2,0,4096,0.0018,7525
718,256,8,2,2,0,16384,0.0017,7138
719,256,8,2,2,0,32768,0.0016,7154
720,256,8,2,3,0,32768,0.0016,7071
721,256,8,2,3,0,65536,0.0016,7637
722,256,8,3,1,0,2048,0.0014,8201
723,256,8,3,1,0,4096,0.0014,7610
724,256,8,3,1,0,8192,0.0013,7463
725,256,8,3,1,0,16384,0.0013,7527
726,256,8,3,1,0,32768,0.0013,7101
727,256,8,3,1,0,65536,0.0013,7524
728,256,8,3,2,0,2048,0.0019,7833
729,256,8,3,2,0,8192,0.0018,7401
730,256,8,3,2,0,16384,0.0018,7074
731,256,8,3,2,0,32768,0.0017,7440
732,256,8,3,3,0,1024,0.0017,7793
733,256,8,3,3,0,4096,0.0017,7684
734,256,8,3,3,0,16384,0.0017,7036
735,256,8,3,3,0,65536,0.0016,7124
736,256,8,4,1,0,2048,0.0014,7909
737,256,8,4,1,0,8192,0.0014,7701
738,256,8,4,1,0,65536,0.0014,7569
739,256,8,4,2,0,1024,0.0017,8295
740,256,8,4,2,0,4096,0.0018,7621
741,256,8,4,2,0,8192,0.0017,7644
742,256,8,4,2,0,65536,0.0016,7515
743,256,8,4,3,0,8192,0.0014,7301
744,256,8,4,3,0,16384,0.0015,7087
745,256,8,4,3,0,65536,0.0015,7212
746,256,8,5,1,0,1024,0.0014,8146
747,256,8,5,1,0,2048,0.0013,7422
748,256,8,5,1,0,4096,0.0014,7656
749,256,8,5,1,0,8192,0.0013,7188
750,256,8,5,1,0,16384,0.0014,7552
751,256,8,5,1,0,32768,0.0013,7506
752,256,8,5,1,0,65536,0.0014,7546
753,256,8,5,2,0,1024,0.0016,7862
754,256,8,5,2,0,2048,0.0016,7609
755,256,8,5,2,0,4096,0.0016,7736
756,256,8,5,2,0,16384,0.0017,7191
757,256,8,5,2,0,32768,0.0016,7656
758,256,8,5,2,0,65536,0.0016,7413
759,256,8,5,3,0,4096,0.0017,7865
760,256,8,5,3,0,8192,0.0016,7463
761,256,8,5,3,0,16384,0.0018,9320
762,256,8,5,3,0,32768,0.0018,9306
763,256,8,5,3,0,65536,0.0016,9337
764,256,8,6,1,0,1024,0.0014,7679
765,256,8,6,1,0,2048,0.0014,7769
766,256,8,6,1,0,4096,0.0013,7255
767,256,8,6,1,0,8192,0.0013,7603
768,256,8,6,1,0,16384,0.0012,7052
769,256,8,6,1,0,32768,0.0013,7454
770,256,8,6,2,0,1024,0.0009,7623
771,256,8,6,2,0,4096,0.001,8060
772,256,8,6,2,0,8192,0.001,7100
773,256,8,6,2,0,16384,0.001,7619
774,256,8,6,2,0,32768,0.0009,7491
775,256,8,6,2,0,65536,0.0009,7616
776,256,8,6,3,0,2048,0.0017,7935
777,256,8,6,3,0,16384,0.0018,7088
778,256,8,6,3,0,65536,0.0016,7087
779,256,8,7,1,0,2048,0.0015,7389
780,256,8,7,1,0,4096,0.0016,7953
781,256,8,7,1,0,8192,0.0015,7144
782,256,8,7,1,0,16384,0.0015,7110
783,256,8,7,1,0,32768,0.0015,7308
784,256,8,7,1,0,65536,0.0014,7034
785,256,8,7,2,0,2048,0.001,7832
786,256,8,7,2,0,8192,0.001,7110
787,256,8,7,2,0,16384,0.001,6994
788,256,8,7,2,0,65536,0.0009,7676
789,256,8,7,3,0,2048,0.0017,7629
790,256,8,7,3,0,8192,0.0018,9443
791,256,8,7,3,0,16384,0.0015,7375
792,256,8,7,3,0,32768,0.0015,7379
793,256,8,7,3,0,65536,0.0015,7316
794,256,9,1,1,0,1024,0.0023,7580
795,256,9,1,1,0,2048,0.0022,7550
796,256,9,1,1,0,4096,0.0024,7386
797,256,9,1,1,0,16384,0.0025,7057
798,256,9,1,1,0,32768,0.0023,7551
799,256,9,1,1,0,65536,0.0023,7530
800,256,9,1,2,0,1024,0.0019,7634
801,256,9,1,2,0,2048,0.0021,7708
802,256,9,1,2,0,4096,0.0019,7748
803,256,9,1,2,0,8192,0.0021,7435
804,256,9,1,2,0,16384,0.0021,7137
805,256,9,1,2,0,32768,0.002,7409
806,256,9,1,2,0,65536,0.0021,7549
807,256,9,1,3,0,1024,0.0018,8297
808,256,9,1,3,0,2048,0.002,7868
809,256,9,1,3,0,16384,0.0019,7049
810,256,9,1,3,0,32768,0.002,7104
811,256,9,1,3,0,65536,0.0019,7135
812,256,9,2,1,0,1024,0.0019,7737
813,256,9,2,1,0,16384,0.002,7524
814,256,9,2,1,0,32768,0.002,7504
815,256,9,2,1,0,65536,0.002,7495
816,256,9,2,2,0,1024,0.0017,8050
817,256,9,2,2,0,2048,0.0017,7518
818,256,9,2,2,0,4096,0.0018,7525
819,256,9,2,2,0,8192,0.0018,7261
820,256,9,2,2,0,16384,0.0017,7138
821,256,9,2,2,0,32768,0.0016,7154
822,256,9,2,3,0,1024,0.0016,8509
823,256,9,2,3,0,8192,0.0016,7236
824,256,9,2,3,0,32768,0.0016,7071
825,256,9,2,3,0,65536,0.0016,7637
826,256,9,3,1,0,2048,0.0014,8201
827,256,9,3,1,0,4096,0.0014,7610
828,256,9,3,1,0,8192,0.0013,7463
829,256,9,3,1,0,32768,0.0013,7101
830,256,9,3,2,0,2048,0.0019,7833
831,256,9,3,2,0,8192,0.0018,7401
832,256,9,3,2,0,16384,0.0019,7071
833,256,9,3,2,0,32768,0.0017,7440
834,256,9,3,3,0,4096,0.0017,7684
835,256,9,3,3,0,16384,0.0017,7036
836,256,9,3,3,0,65536,0.0016,7124
837,256,9,4,1,0,2048,0.0014,7909
838,256,9,4,1,0,4096,0.0014,7747
839,256,9,4,1,0,65536,0.0014,7569
840,256,9,4,2,0,1024,0.0017,8295
841,256,9,4,2,0,8192,0.0017,7644
842,256,9,4,2,0,65536,0.0016,7515
843,256,9,4,3,0,8192,0.0014,7301
844,256,9,4,3,0,16384,0.0015,7087
845,256,9,4,3,0,65536,0.0015,7212
846,256,9,5,1,0,1024,0.0014,8146
847,256,9,5,1,0,4096,0.0014,7656
848,256,9,5,1,0,8192,0.0013,7188
849,256,9,5,1,0,16384,0.0014,7567
850,256,9,5,1,0,32768,0.0013,7506
851,256,9,5,1,0,65536,0.0014,7546
852,256,9,5,2,0,1024,0.0016,7862
853,256,9,5,2,0,2048,0.0016,7609
854,256,9,5,2,0,4096,0.0016,7736
855,256,9,5,2,0,16384,0.0017,7191
856,256,9,5,2,0,65536,0.0016,7413
857,256,9,5,3,0,4096,0.0017,7865
858,256,9,5,3,0,8192,0.0016,7463
859,256,9,5,3,0,16384,0.0018,9320
860,256,9,5,3,0,32768,0.0018,9306
861,256,9,5,3,0,65536,0.0016,9337
862,256,9,6,1,0,1024,0.0014,7679
863,256,9,6,1,0,2048,0.0014,7769
864,256,9,6,1,0,4096,0.0013,7255
865,256,9,6,1,0,8192,0.0013,7603
866,256,9,6,1,0,16384,0.0012,7052
867,256,9,6,1,0,32768,0.0013,7454
868,256,9,6,2,0,1024,0.0009,7623
869,256,9,6,2,0,4096,0.001,8060
870,256,9,6,2,0,8192,0.001,7100
871,256,9,6,2,0,16384,0.001,7619
872,256,9,6,2,0,32768,0.0009,7491
873,256,9,6,2,0,65536,0.0009,7616
874,256,9,6,3,0,2048,0.0017,7935
875,256,9,6,3,0,16384,0.0018,7088
876,256,9,6,3,0,65536,0.0016,7087
877,256,9,7,1,0,2048,0.0015,7389
878,256,9,7,1,0,4096,0.0016,7953
879,256,9,7,1,0,16384,0.0015,7110
880,256,9,7,1,0,65536,0.0014,7034
881,256,9,7,2,0,2048,0.001,7832
882,256,9,7,2,0,4096,0.001,7775
883,256,9,7,2,0,8192,0.001,7110
884,256,9,7,2,0,65536,0.0009,7676
885,256,9,7,3,0,2048,0.0017,7629
886,256,9,7,3,0,4096,0.0015,7490
887,256,9,7,3,0,8192,0.0018,9443
888,256,9,7,3,0,16384,0.0015,7375
889,256,9,7,3,0,32768,0.0016,7395
890,256,9,7,3,0,65536,0.0015,7316
891,256,10,1,1,0,1024,0.0023,7580
892,256,10,1,1,0,2048,0.0022,7550
893,256,10,1,1,0,4096,0.0024,7386
894,256,10,1,1,0,16384,0.0025,7057
895,256,10,1,1,0,32768,0.0023,7551
896,256,10,1,1,0,65536,0.0023,7530
897,256,10,1,2,0,1024,0.002,7618
898,256,10,1,2,0,2048,0.0021,7708
899,256,10,1,2,0,4096,0.0019,7748
900,256,10,1,2,0,8192,0.0021,7435
901,256,10,1,2,0,16384,0.0021,7137
902,256,10,1,2,0,32768,0.002,7409
903,256,10,1,2,0,65536,0.0021,7549
904,256,10,1,3,0,1024,0.0018,8297
905,256,10,1,3,0,2048,0.002,7868
906,256,10,1,3,0,16384,0.0019,7049
907,256,10,1,3,0,32768,0.002,7104
908,256,10,1,3,0,65536,0.0019,7135
909,256,10,2,1,0,1024,0.0019,7737
910,256,10,2,1,0,4096,0.0021,7740
911,256,10,2,1,0,32768,0.002,7504
912,256,10,2,1,0,65536,0.002,7495
913,256,10,2,2,0,1024,0.0017,8050
914,256,10,2,2,0,2048,0.0017,7518
915,256,10,2,2,0,4096,0.0018,7525
916,256,10,2,2,0,8192,0.0018,7261
917,256,10,2,2,0,16384,0.0017,7138
918,256,10,2,2,0,32768,0.0016,7154
919,256,10,2,3,0,1024,0.0016,8509
920,256,10,2,3,0,4096,0.0016,7845
921,256,10,2,3,0,32768,0.0016,7071
922,256,10,3,1,0,1024,0.0013,8151
923,256,10,3,1,0,2048,0.0014,8201
924,256,10,3,1,0,4096,0.0014,7610
925,256,10,3,1,0,8192,0.0013,7463
926,256,10,3,1,0,16384,0.0013,7527
927,256,10,3,1,0,32768,0.0013,7101
928,256,10,3,1,0,65536,0.0013,7524
929,256,10,3,2,0,1024,0.0018,8008
930,256,10,3,2,0,2048,0.0019,7833
931,256,10,3,2,0,8192,0.0018,7401
932,256,10,3,2,0,16384,0.0018,7074
933,256,10,3,2,0,32768,0.0017,7440
934,256,10,3,3,0,1024,0.0017,7793
935,256,10,3,3,0,4096,0.0017,7684
936,256,10,3,3,0,16384,0.0017,7036
937,256,10,3,3,0,65536,0.0016,7124
938,256,10,4,1,0,2048,0.0014,7909
939,256,10,4,1,0,65536,0.0014,7569
940,256,10,4,2,0,8192,0.0017,7644
941,256,10,4,2,0,32768,0.0017,7068
942,256,10,4,2,0,65536,0.0016,7515
943,256,10,4,3,0,2048,0.0015,7484
944,256,10,4,3,0,4096,0.0016,7526
945,256,10,4,3,0,8192,0.0014,7301
946,256,10,4,3,0,16384,0.0015,7087
947,256,10,4,3,0,65536,0.0015,7212
948,256,10,5,1,0,2048,0.0013,7422
949,256,10,5,1,0,4096,0.0014,7656
950,256,10,5,1,0,8192,0.0013,7188
951,256,10,5,1,0,16384,0.0014,7552
952,256,10,5,1,0,32768,0.0013,7506
953,256,10,5,1,0,65536,0.0014,7546
954,256,10,5,2,0,1024,0.0016,7862
955,256,10,5,2,0,2048,0.0016,7609
956,256,10,5,2,0,4096,0.0016,7736
957,256,10,5,2,0,16384,0.0017,7191
958,256,10,5,2,0,32768,0.0016,7656
959,256,10,5,2,0,65536,0.0016,7413
960,256,10,5,3,0,4096,0.0017,7865
961,256,10,5,3,0,16384,0.0018,9320
962,256,10,5,3,0,32768,0.0018,9306
963,256,10,5,3,0,65536,0.0018,9334
964,256,10,6,1,0,1024,0.0014,7679
965,256,10,6,1,0,2048,0.0014,7769
966,256,10,6,1,0,4096,0.0013,7255
967,256,10,6,1,0,8192,0.0013,7603
968,256,10,6,1,0,16384,0.0012,7052
969,256,10,6,1,0,32768,0.0013,7454
970,256,10,6,1,0,65536,0.0013,7439
971,256,10,6,2,0,1024,0.0009,7623
972,256,10,6,2,0,2048,0.001,7797
973,256,10,6,2,0,4096,0.001,8060
974,256,10,6,2,0,8192,0.001,7100
975,256,10,6,2,0,16384,0.001,7619
976,256,10,6,2,0,32768,0.0009,7491
977,256,10,6,2,0,65536,0.0009,7616
978,256,10,6,3,0,2048,0.0017,7935
979,256,10,6,3,0,8192,0.0017,7600
980,256,10,6,3,0,16384,0.0018,7088
981,256,10,6,3,0,65536,0.0016,7087
982,256,10,7,1,0,2048,0.0015,7389
983,256,10,7,1,0,4096,0.0016,7953
984,256,10,7,1,0,65536,0.0014,7034
985,256,10,7,2,0,2048,0.001,7832
986,256,10,7,2,0,8192,0.001,7110
987,256,10,7,2,0,65536,0.001,7680
988,256,10,7,3,0,2048,0.0017,7629
989,256,10,7,3,0,8192,0.0018,9443
990,256,10,7,3,0,16384,0.0015,7375
991,256,10,7,3,0,32768,0.0015,7379
992,256,11,1,1,0,1024,0.0023,7580
993,256,11,1,1,0,2048,0.0022,7550
994,256,11,1,1,0,4096,0.0024,7386
995,256,11,1,1,0,16384,0.0025,7057
996,256,11,1,1,0,32768,0.0023,7551
997,256,11,1,1,0,65536,0.0023,7530
998,256,11,1,2,0,2048,0.0021,7708
999,256,11,1,2,0,4096,0.0019,7748
1000,256,11,1,2,0,16384,0.0021,7137
1001,256,11,1,2,0,32768,0.002,7409
1002,256,11,1,2,0,65536,0.0021,7549
1003,256,11,1,3,0,1024,0.0018,8297
1004,256,11,1,3,0,2048,0.002,7868
1005,256,11,1,3,0,16384,0.0019,7049
1006,256,11,1,3,0,32768,0.002,7104
1007,256,11,1,3,0,65536,0.0019,7135
1008,256,11,2,1,0,1024,0.0019,7737
1009,256,11,2,1,0,2048,0.0021,8025
1010,256,11,2,1,0,4096,0.0021,7740
1011,256,11,2,1,0,32768,0.002,7504
1012,256,11,2,1,0,65536,0.002,7495
1013,256,11,2,2,0,1024,0.0017,8050
1014,256,11,2,2,0,2048,0.0017,7518
1015,256,11,2,2,0,4096,0.0018,7525
1016,256,11,2,2,0,8192,0.0018,7261
1017,256,11,2,2,0,16384,0.0017,7138
1018,256,11,2,2,0,32768,0.0016,7154
1019,256,11,2,3,0,1024,0.0016,8509
1020,256,11,2,3,0,2048,0.0018,7987
1021,256,11,2,3,0,32768,0.0016,7071
1022,256,11,2,3,0,65536,0.0016,7637
1023,256,11,3,1,0,2048,0.0014,8201
1024,256,11,3,1,0,8192,0.0013,7463
1025,256,11,3,1,0,32768,0.0013,7101
1026,256,11,3,1,0,65536,0.0013,7524
1027,256,11,3,2,0,2048,0.0019,7833
1028,256,11,3,2,0,8192,0.0018,7401
1029,256,11,3,2,0,16384,0.0018,7074
1030,256,11,3,2,0,32768,0.0017,7440
1031,256,11,3,3,0,1024,0.0017,7793
1032,256,11,3,3,0,4096,0.0017,7684
1033,256,11,3,3,0,65536,0.0016,7124
1034,256,11,4,1,0,1024,0.0014,7988
1035,256,11,4,1,0,2048,0.0014,7909
1036,256,11,4,1,0,8192,0.0014,7701
1037,256,11,4,1,0,16384,0.0013,7083
1038,256,11,4,1,0,65536,0.0014,7569
1039,256,11,4,2,0,1024,0.0017,8295
1040,256,11,4,2,0,8192,0.0017,7644
1041,256,11,4,2,0,65536,0.0016,7515
1042,256,11,4,3,0,2048,0.0015,7484
1043,256,11,4,3,0,4096,0.0016,7526
1044,256,11,4,3,0,8192,0.0014,7301
1045,256,11,4,3,0,16384,0.0015,7087
1046,256,11,4,3,0,65536,0.0015,7212
1047,256,11,5,1,0,4096,0.0014,7656
1048,256,11,5,1,0,8192,0.0013,7188
1049,256,11,5,1,0,16384,0.0014,7552
1050,256,11,5,1,0,32768,0.0013,7506
1051,256,11,5,1,0,65536,0.0014,7546
1052,256,11,5,2,0,1024,0.0016,7862
1053,256,11,5,2,0,2048,0.0016,7609
1054,256,11,5,2,0,4096,0.0016,7736
1055,256,11,5,2,0,16384,0.0017,7191
1056,256,11,5,2,0,32768,0.0016,7656
1057,256,11,5,2,0,65536,0.0016,7413
1058,256,11,5,3,0,4096,0.0017,7865
1059,256,11,5,3,0,8192,0.0016,7463
1060,256,11,5,3,0,16384,0.0018,9320
1061,256,11,5,3,0,32768,0.0018,9306
1062,256,11,5,3,0,65536,0.0016,9337
1063,256,11,6,1,0,1024,0.0014,7679
1064,256,11,6,1,0,2048,0.0014,7769
1065,256,11,6,1,0,4096,0.0013,7255
1066,256,11,6,1,0,8192,0.0013,7603
1067,256,11,6,1,0,16384,0.0012,7052
1068,256,11,6,1,0,32768,0.0013,7454
1069,256,11,6,2,0,1024,0.0009,7623
1070,256,11,6,2,0,4096,0.001,8060
1071,256,11,6,2,0,8192,0.001,7100
1072,256,11,6,2,0,16384,0.001,7619
1073,256,11,6,2,0,32768,0.0009,7491
1074,256,11,6,2,0,65536,0.0009,7616
1075,256,11,6,3,0,16384,0.0018,7088
1076,256,11,6,3,0,65536,0.0016,7087
1077,256,11,7,1,0,2048,0.0015,7383
1078,256,11,7,1,0,4096,0.0016,7953
1079,256,11,7,1,0,16384,0.0015,7110
1080,256,11,7,1,0,65536,0.0014,7034
1081,256,11,7,2,0,2048,0.001,7832
1082,256,11,7,2,0,4096,0.001,7775
1083,256,11,7,2,0,16384,0.001,6994
1084,256,11,7,2,0,65536,0.0009,7676
1085,256,11,7,3,0,2048,0.0017,7629
1086,256,11,7,3,0,4096,0.0015,7490
1087,256,11,7,3,0,8192,0.0018,9443
1088,256,11,7,3,0,16384,0.0015,7375
1089,256,11,7,3,0,32768,0.0015,7379
1090,256,11,7,3,0,65536,0.0015,7316
1091,256,12,1,1,0,1024,0.0023,7580
1092,256,12,1,1,0,2048,0.0022,7550
1093,256,12,1,1,0,4096,0.0024,7386
1094,256,12,1,1,0,16384,0.0025,7057
1095,256,12,1,1,0,32768,0.0023,7551
1096,256,12,1,1,0,65536,0.0023,7530
1097,256,12,1,2,0,2048,0.0021,7708
1098,256,12,1,2,0,4096,0.0019,7748
1099,256,12,1,2,0,16384,0.0021,7137
1100,256,12,1,2,0,32768,0.002,7409
1101,256,12,1,2,0,65536,0.0021,7549
1102,256,12,1,3,0,1024,0.0018,8297
1103,256,12,1,3,0,2048,0.002,7868
1104,256,12,1,3,0,16384,0.0019,7049
1105,256,12,1,3,0,32768,0.002,7104
1106,256,12,1,3,0,65536,0.0019,7135
1107,256,12,2,1,0,1024,0.0019,7737
1108,256,12,2,1,0,2048,0.0021,8025
1109,256,12,2,1,0,4096,0.0021,7740
1110,256,12,2,1,0,16384,0.002,7524
1111,256,12,2,1,0,32768,0.002,7504
1112,256,12,2,1,0,65536,0.002,7495
1113,256,12,2,2,0,1024,0.0017,8050
1114,256,12,2,2,0,2048,0.0017,7518
1115,256,12,2,2,0,4096,0.0018,7525
1116,256,12,2,2,0,8192,0.0018,7261
1117,256,12,2,2,0,16384,0.0017,7138
1118,256,12,2,2,0,32768,0.0016,7154
1119,256,12,2,3,0,32768,0.0016,7071
1120,256,12,2,3,0,65536,0.0016,7637
1121,256,12,3,1,0,1024,0.0013,8151
1122,256,12,3,1,0,2048,0.0014,8201
1123,256,12,3,1,0,4096,0.0014,7610
1124,256,12,3,1,0,8192,0.0013,7463
1125,256,12,3,1,0,16384,0.0013,7527
1126,256,12,3,1,0,32768,0.0013,7101
1127,256,12,3,1,0,65536,0.0013,7524
1128,256,12,3,2,0,1024,0.0018,8008
1129,256,12,3,2,0,2048,0.0019,7833
1130,256,12,3,2,0,8192,0.0018,7401
1131,256,12,3,2,0,16384,0.0018,7074
1132,256,12,3,2,0,32768,0.0017,7440
1133,256,12,3,3,0,1024,0.0017,7793
1134,256,12,3,3,0,4096,0.0017,7684
1135,256,12,3,3,0,8192,0.0018,7476
1136,256,12,3,3,0,16384,0.0017,7036
1137,256,12,3,3,0,65536,0.0016,7124
1138,256,12,4,1,0,1024,0.0014,7988
1139,256,12,4,1,0,2048,0.0014,7909
1140,256,12,4,1,0,4096,0.0014,7747
1141,256,12,4,1,0,8192,0.0014,7701
1142,256,12,4,1,0,16384,0.0013,7083
1143,256,12,4,1,0,32768,0.0014,7370
1144,256,12,4,1,0,65536,0.0014,7569
1145,256,12,4,2,0,1024,0.0017,8295
1146,256,12,4,2,0,8192,0.0017,7644
1147,256,12,4,2,0,65536,0.0016,7515
1148,256,12,4,3,0,1024,0.0015,7721
1149,256,12,4,3,0,8192,0.0014,7301
1150,256,12,4,3,0,16384,0.0015,7087
1151,256,12,4,3,0,32768,0.0015,7405
1152,256,12,4,3,0,65536,0.0015,7212
1153,256,12,5,1,0,4096,0.0014,7656
1154,256,12,5,1,0,8192,0.0013,7188
1155,256,12,5,1,0,16384,0.0014,7552
1156,256,12,5,1,0,32768,0.0013,7503
1157,256,12,5,1,0,65536,0.0014,7546
1158,256,12,5,2,0,1024,0.0016,7862
1159,256,12,5,2,0,2048,0.0016,7609
1160,256,12,5,2,0,4096,0.0016,7736
1161,256,12,5,2,0,8192,0.0017,7117
1162,256,12,5,2,0,16384,0.0017,7191
1163,256,12,5,2,0,65536,0.0016,7413
1164,256,12,5,3,0,4096,0.0017,7865
1165,256,12,5,3,0,8192,0.0016,7463
1166,256,12,5,3,0,16384,0.0018,9320
1167,256,12,5,3,0,32768,0.0018,9306
1168,256,12,5,3,0,65536,0.0016,9337
1169,256,12,6,1,0,1024,0.0014,7679
1170,256,12,6,1,0,2048,0.0014,7769
1171,256,12,6,1,0,4096,0.0013,7255
1172,256,12,6,1,0,16384,0.0012,7052
1173,256,12,6,1,0,32768,0.0013,7454
1174,256,12,6,2,0,1024,0.0009,7623
1175,256,12,6,2,0,8192,0.001,7100
1176,256,12,6,2,0,16384,0.001,7619
1177,256,12,6,2,0,32768,0.0009,7491
1178,256,12,6,2,0,65536,0.0009,7616
1179,256,12,6,3,0,2048,0.0017,7935
1180,256,12,6,3,0,8192,0.0017,7600
1181,256,12,6,3,0,16384,0.0018,7088
1182,256,12,6,3,0,65536,0.0016,7087
1183,256,12,7,1,0,2048,0.0015,7389
1184,256,12,7,1,0,4096,0.0016,7953
1185,256,12,7,1,0,16384,0.0015,7110
1186,256,12,7,1,0,32768,0.0015,7308
1187,256,12,7,1,0,65536,0.0014,7034
1188,256,12,7,2,0,2048,0.001,7832
1189,256,12,7,2,0,8192,0.001,7110
1190,256,12,7,2,0,65536,0.0009,7676
1191,256,12,7,3,0,2048,0.0017,7629
1192,256,12,7,3,0,4096,0.0015,7490
1193,256,12,7,3,0,8192,0.0018,9443
1194,256,12,7,3,0,16384,0.0015,7375
1195,256,12,7,3,0,32768,0.0015,7379
1196,256,12,7,3,0,65536,0.0015,7316
1197,256,13,1,1,0,1024,0.0023,7580
1198,256,13,1,1,0,4096,0.0024,7386
1199,256,13,1,1,0,8192,0.0024,7056
1200,256,13,1,1,0,16384,0.0025,7057
1201,256,13,1,1,0,32768,0.0023,7551
1202,256,13,1,1,0,65536,0.0023,7530
1203,256,13,1,2,0,2048,0.0021,7708
1204,256,13,1,2,0,4096,0.0019,7748
1205,256,13,1,2,0,8192,0.0021,7435
1206,256,13,1,2,0,16384,0.0021,7137
1207,256,13,1,2,0,32768,0.002,7409
1208,256,13,1,2,0,65536,0.0021,7549
1209,256,13,1,3,0,1024,0.0018,8297
1210,256,13,1,3,0,4096,0.0019,7740
1211,256,13,1,3,0,16384,0.0019,7059
1212,256,13,1,3,0,32768,0.002,7104
1213,256,13,1,3,0,65536,0.0019,7135
1214,256,13,2,1,0,1024,0.0019,7737
1215,256,13,2,1,0,4096,0.0021,7740
1216,256,13,2,1,0,8192,0.002,7639
1217,256,13,2,1,0,32768,0.002,7504
1218,256,13,2,1,0,65536,0.002,7495
1219,256,13,2,2,0,1024,0.0017,8050
1220,256,13,2,2,0,2048,0.0017,7518
1221,256,13,2,2,0,4096,0.0018,7525
1222,256,13,2,2,0,16384,0.0017,7138
1223,256,13,2,2,0,32768,0.0016,7154
1224,256,13,2,3,0,16384,0.0016,7064
1225,256,13,2,3,0,32768,0.0016,7071
1226,256,13,2,3,0,65536,0.0016,7637
1227,256,13,3,1,0,2048,0.0014,8201
1228,256,13,3,1,0,4096,0.0014,7610
1229,256,13,3,1,0,8192,0.0013,7463
1230,256,13,3,1,0,32768,0.0013,7101
1231,256,13,3,1,0,65536,0.0013,7524
1232,256,13,3,2,0,2048,0.0019,7833
1233,256,13,3,2,0,8192,0.0018,7401
1234,256,13,3,2,0,16384,0.0018,7074
1235,256,13,3,2,0,32768,0.0017,7440
1236,256,13,3,3,0,1024,0.0017,7793
1237,256,13,3,3,0,4096,0.0017,7684
1238,256,13,3,3,0,16384,0.0017,7036
1239,256,13,3,3,0,32768,0.0018,8067
1240,256,13,3,3,0,65536,0.0016,7124
1241,256,13,4,1,0,1024,0.0014,7988
1242,256,13,4,1,0,2048,0.0014,7909
1243,256,13,4,1,0,8192,0.0014,7701
1244,256,13,4,1,0,65536,0.0014,7569
1245,256,13,4,2,0,1024,0.0017,8295
1246,256,13,4,2,0,2048,0.0018,8148
1247,256,13,4,2,0,8192,0.0017,7644
1248,256,13,4,2,0,65536,0.0016,7515
1249,256,13,4,3,0,2048,0.0015,7484
1250,256,13,4,3,0,4096,0.0016,7526
1251,256,13,4,3,0,8192,0.0014,7301
1252,256,13,4,3,0,16384,0.0015,7087
1253,256,13,4,3,0,65536,0.0015,7212
1254,256,13,5,1,0,2048,0.0013,7422
1255,256,13,5,1,0,4096,0.0014,7656
1256,256,13,5,1,0,8192,0.0013,7188
1257,256,13,5,1,0,16384,0.0014,7552
1258,256,13,5,1,0,32768,0.0013,7506
1259,256,13,5,1,0,65536,0.0014,7546
1260,256,13,5,2,0,1024,0.0016,7862
1261,256,13,5,2,0,2048,0.0016,7609
1262,256,13,5,2,0,4096,0.0016,7736
1263,256,13,5,2,0,16384,0.0017,7191
1264,256,13,5,2,0,65536,0.0016,7413
1265,256,13,5,3,0,4096,0.0017,7865
1266,256,13,5,3,0,8192,0.0016,7463
1267,256,13,5,3,0,16384,0.0018,9320
1268,256,13,5,3,0,32768,0.0018,9306
1269,256,13,5,3,0,65536,0.0016,9337
1270,256,13,6,1,0,2048,0.0014,7769
1271,256,13,6,1,0,4096,0.0013,7255
1272,256,13,6,1,0,8192,0.0014,7603
1273,256,13,6,1,0,16384,0.0012,7052
1274,256,13,6,1,0,32768,0.0013,7454
1275,256,13,6,2,0,1024,0.0009,7623
1276,256,13,6,2,0,4096,0.001,8060
1277,256,13,6,2,0,8192,0.001,7100
1278,256,13,6,2,0,16384,0.001,7619
1279,256,13,6,2,0,32768,0.0009,7491
1280,256,13,6,2,0,65536,0.0009,7616
1281,256,13,6,3,0,16384,0.0018,7088
1282,256,13,7,1,0,2048,0.0015,7383
1283,256,13,7,1,0,4096,0.0016,7953
1284,256,13,7,1,0,8192,0.0015,7135
1285,256,13,7,1,0,16384,0.0015,7110
1286,256,13,7,1,0,65536,0.0014,7034
1287,256,13,7,2,0,1024,0.0009,7651
1288,256,13,7,2,0,2048,0.001,7832
1289,256,13,7,2,0,4096,0.001,7775
1290,256,13,7,2,0,8192,0.001,7110
1291,256,13,7,2,0,32768,0.0009,7846
1292,256,13,7,2,0,65536,0.0009,7676
1293,256,13,7,3,0,2048,0.0017,7629
1294,256,13,7,3,0,4096,0.0015,7490
1295,256,13,7,3,0,8192,0.0018,9443
1296,256,13,7,3,0,16384,0.0015,7375
1297,256,13,7,3,0,32768,0.0015,7379
1298,256,13,7,3,0,65536,0.0015,7316
1299,256,14,1,1,0,1024,0.0023,7580
1300,256,14,1,1,0,2048,0.0022,7550
1301,256,14,1,1,0,4096,0.0024,7386
1302,256,14,1,1,0,8192,0.0024,7056
1303,256,14,1,1,0,16384,0.0025,7057
1304,256,14,1,1,0,32768,0.0023,7551
1305,256,14,1,1,0,65536,0.0023,7530
1306,256,14,1,2,0,2048,0.0021,7708
1307,256,14,1,2,0,4096,0.0019,7748
1308,256,14,1,2,0,32768,0.002,7409
1309,256,14,1,3,0,1024,0.0018,8297
1310,256,14,1,3,0,16384,0.0019,7049
1311,256,14,1,3,0,32768,0.002,7104
1312,256,14,1,3,0,65536,0.0019,7135
1313,256,14,2,1,0,1024,0.0019,7737
1314,256,14,2,1,0,2048,0.0021,8025
1315,256,14,2,1,0,32768,0.002,7504
1316,256,14,2,1,0,65536,0.002,7495
1317,256,14,2,2,0,1024,0.0017,8050
1318,256,14,2,2,0,2048,0.0017,7518
1319,256,14,2,2,0,4096,0.0018,7525
1320,256,14,2,2,0,8192,0.0018,7261
1321,256,14,2,2,0,16384,0.0017,7138
1322,256,14,2,2,0,32768,0.0016,7154
1323,256,14,2,3,0,1024,0.0016,8509
1324,256,14,2,3,0,2048,0.0018,7987
1325,256,14,2,3,0,16384,0.0016,7064
1326,256,14,2,3,0,32768,0.0016,7071
1327,256,14,2,3,0,65536,0.0016,7637
1328,256,14,3,1,0,2048,0.0014,8201
1329,256,14,3,1,0,4096,0.0014,7610
1330,256,14,3,1,0,8192,0.0013,7463
1331,256,14,3,1,0,32768,0.0013,7101
1332,256,14,3,1,0,65536,0.0013,7524
1333,256,14,3,2,0,2048,0.0019,7833
1334,256,14,3,2,0,4096,0.0018,7974
1335,256,14,3,2,0,8192,0.0018,7401
1336,256,14,3,2,0,16384,0.0018,7074
1337,256,14,3,2,0,32768,0.0017,7440
1338,256,14,3,3,0,1024,0.0017,7793
1339,256,14,3,3,0,4096,0.0017,7684
1340,256,14,3,3,0,8192,0.0018,7476
1341,256,14,3,3,0,16384,0.0017,7036
1342,256,14,3,3,0,65536,0.0016,7124
1343,256,14,4,1,0,2048,0.0014,7909
1344,256,14,4,1,0,4096,0.0014,7747
1345,256,14,4,1,0,8192,0.0014,7701
1346,256,14,4,1,0,16384,0.0013,7083
1347,256,14,4,1,0,65536,0.0014,7569
1348,256,14,4,2,0,1024,0.0017,8295
1349,256,14,4,2,0,8192,0.0017,7644
1350,256,14,4,2,0,65536,0.0016,7515
1351,256,14,4,3,0,4096,0.0016,7526
1352,256,14,4,3,0,8192,0.0014,7301
1353,256,14,4,3,0,16384,0.0015,7087
1354,256,14,4,3,0,65536,0.0015,7212
1355,256,14,5,1,0,1024,0.0014,8146
1356,256,14,5,1,0,4096,0.0014,7656
1357,256,14,5,1,0,8192,0.0013,7188
1358,256,14,5,1,0,16384,0.0014,7552
1359,256,14,5,1,0,32768,0.0013,7506
1360,256,14,5,1,0,65536,0.0014,7546
1361,256,14,5,2,0,1024,0.0016,7862
1362,256,14,5,2,0,2048,0.0016,7609
1363,256,14,5,2,0,4096,0.0016,7736
1364,256,14,5,2,0,16384,0.0017,7191
1365,256,14,5,2,0,65536,0.0016,7413
1366,256,14,5,3,0,4096,0.0017,7865
1367,256,14,5,3,0,16384,0.0018,9320
1368,256,14,5,3,0,32768,0.0018,9306
1369,256,14,5,3,0,65536,0.0016,9337
1370,256,14,6,1,0,1024,0.0014,7679
1371,256,14,6,1,0,2048,0.0014,7769
1372,256,14,6,1,0,8192,0.0013,7603
1373,256,14,6,1,0,16384,0.0012,7052
1374,256,14,6,1,0,32768,0.0013,7454
1375,256,14,6,2,0,1024,0.0009,7623
1376,256,14,6,2,0,4096,0.001,8060
1377,256,14,6,2,0,8192,0.001,7100
1378,256,14,6,2,0,16384,0.001,7619
1379,256,14,6,2,0,32768,0.0009,7491
1380,256,14,6,2,0,65536,0.0009,7616
1381,256,14,6,3,0,16384,0.0018,7088
1382,256,14,6,3,0,65536,0.0016,7087
1383,256,14,7,1,0,2048,0.0015,7389
1384,256,14,7,1,0,4096,0.0016,7953
1385,256,14,7,1,0,16384,0.0015,7110
1386,256,14,7,1,0,65536,0.0014,7031
1387,256,14,7,2,0,1024,0.0009,7657
1388,256,14,7,2,0,2048,0.001,7832
1389,256,14,7,2,0,4096,0.001,7775
1390,256,14,7,2,0,8192,0.001,7110
1391,256,14,7,2,0,65536,0.0009,7676
1392,256,14,7,3,0,2048,0.0017,7629
1393,256,14,7,3,0,4096,0.0015,7490
1394,256,14,7,3,0,8192,0.0018,9443
1395,256,14,7,3,0,16384,0.0015,7375
1396,256,14,7,3,0,32768,0.0015,7379
1397,256,14,7,3,0,65536,0.0015,7316
1398,256,15,1,1,0,1024,0.0023,7580
1399,256,15,1,1,0,4096,0.0024,7386
1400,256,15,1,1,0,8192,0.0024,7056
1401,256,15,1,1,0,16384,0.0025,7057
1402,256,15,1,1,0,32768,0.0023,7551
1403,256,15,1,1,0,65536,0.0023,7530
1404,256,15,1,2,0,1024,0.002,7618
1405,256,15,1,2,0,2048,0.0021,7708
1406,256,15,1,2,0,4096,0.0019,7748
1407,256,15,1,2,0,8192,0.0021,7435
1408,256,15,1,2,0,32768,0.002,7409
1409,256,15,1,2,0,65536,0.0021,7555
1410,256,15,1,3,0,1024,0.0018,8297
1411,256,15,1,3,0,32768,0.002,7104
1412,256,15,1,3,0,65536,0.0019,7135
1413,256,15,2,1,0,1024,0.0019,7737
1414,256,15,2,1,0,4096,0.0021,7740
1415,256,15,2,1,0,16384,0.002,7524
1416,256,15,2,1,0,32768,0.002,7504
1417,256,15,2,1,0,65536,0.002,7495
1418,256,15,2,2,0,1024,0.0017,8050
1419,256,15,2,2,0,2048,0.0017,7518
1420,256,15,2,2,0,4096,0.0018,7525
1421,256,15,2,2,0,16384,0.0017,7138
1422,256,15,2,2,0,32768,0.0016,7154
1423,256,15,2,3,0,32768,0.0016,7071
1424,256,15,2,3,0,65536,0.0016,7637
1425,256,15,3,1,0,2048,0.0014,8201
1426,256,15,3,1,0,4096,0.0014,7610
1427,256,15,3,1,0,8192,0.0013,7463
1428,256,15,3,1,0,16384,0.0013,7527
1429,256,15,3,1,0,32768,0.0013,7101
1430,256,15,3,1,0,65536,0.0013,7524
1431,256,15,3,2,0,1024,0.0018,8008
1432,256,15,3,2,0,2048,0.0019,7833
1433,256,15,3,2,0,8192,0.0018,7401
1434,256,15,3,2,0,16384,0.0018,7074
1435,256,15,3,2,0,32768,0.0017,7424
1436,256,15,3,3,0,1024,0.0017,7793
1437,256,15,3,3,0,4096,0.0017,7684
1438,256,15,3,3,0,16384,0.0017,7036
1439,256,15,3,3,0,65536,0.0016,7124
1440,256,15,4,1,0,2048,0.0014,7909
1441,256,15,4,1,0,16384,0.0013,7083
1442,256,15,4,1,0,65536,0.0014,7569
1443,256,15,4,2,0,1024,0.0017,8295
1444,256,15,4,2,0,8192,0.0017,7644
1445,256,15,4,2,0,65536,0.0016,7515
1446,256,15,4,3,0,4096,0.0016,7526
1447,256,15,4,3,0,8192,0.0014,7301
1448,256,15,4,3,0,32768,0.0015,7401
1449,256,15,4,3,0,65536,0.0015,7212
1450,256,15,5,1,0,4096,0.0014,7656
1451,256,15,5,1,0,16384,0.0014,7552
1452,256,15,5,1,0,32768,0.0013,7506
1453,256,15,5,1,0,65536,0.0014,7546
1454,256,15,5,2,0,1024,0.0016,7862
1455,256,15,5,2,0,2048,0.0016,7609
1456,256,15,5,2,0,4096,0.0016,7736
1457,256,15,5,2,0,8192,0.0017,7117
1458,256,15,5,2,0,16384,0.0017,7191
1459,256,15,5,2,0,65536,0.0016,7413
1460,256,15,5,3,0,4096,0.0017,7865
1461,256,15,5,3,0,8192,0.0016,7463
1462,256,15,5,3,0,32768,0.0018,9306
1463,256,15,5,3,0,65536,0.0016,9337
1464,256,15,6,1,0,1024,0.0014,7679
1465,256,15,6,1,0,2048,0.0014,7769
1466,256,15,6,1,0,4096,0.0013,7255
1467,256,15,6,1,0,8192,0.0013,7603
1468,256,15,6,1,0,16384,0.0012,7052
1469,256,15,6,1,0,32768,0.0013,7454
1470,256,15,6,2,0,1024,0.0009,7623
1471,256,15,6,2,0,4096,0.001,8060
1472,256,15,6,2,0,8192,0.001,7100
1473,256,15,6,2,0,16384,0.001,7619
1474,256,15,6,2,0,32768,0.0009,7491
1475,256,15,6,2,0,65536,0.0009,7616
1476,256,15,6,3,0,16384,0.0018,7088
1477,256,15,6,3,0,65536,0.0016,7087
1478,256,15,7,1,0,2048,0.0015,7389
1479,256,15,7,1,0,4096,0.0016,7953
1480,256,15,7,1,0,16384,0.0015,7110
1481,256,15,7,1,0,32768,0.0015,7308
1482,256,15,7,1,0,65536,0.0014,7034
1483,256,15,7,2,0,2048,0.001,7832
1484,256,15,7,2,0,4096,0.001,7775
1485,256,15,7,2,0,8192,0.001,7110
1486,256,15,7,2,0,65536,0.0009,7676
1487,256,15,7,3,0,2048,0.0017,7629
1488,256,15,7,3,0,8192,0.0018,9443
1489,256,15,7,3,0,16384,0.0015,7375
1490,256,15,7,3,0,32768,0.0015,7379
1491,256,15,7,3,0,65536,0.0015,7316
1492,256,1,1,1,1,1,0.0023,7530
1493,256,1,1,1,1,2,0.0023,7145
1494,256,1,1,2,1,1,0.0021,7549
1495,256,1,1,2,1,2,0.0017,7264
1496,256,1,1,3,1,1,0.0019,7135
1497,256,1,1,3,1,2,0.0017,7142
1498,256,1,2,1,1,1,0.002,7495
1499,256,1,2,3,1,2,0.0017,7657
1500,256,1,3,1,1,1,0.0013,7524
1501,256,1,3,2,1,2,0.0017,7540
1502,256,1,3,3,1,1,0.0016,7124
1503,256,1,4,1,1,1,0.0014,7569
1504,256,1,4,1,1,2,0.0015,8003
1505,256,1,4,2,1,1,0.0016,7515
1506,256,1,4,3,1,1,0.0015,7206
1507,256,1,4,3,1,2,0.0015,6985
1508,256,1,5,1,1,1,0.0014,7546
1509,256,1,5,1,1,2,0.0016,7622
1510,256,1,5,2,1,1,0.0016,7413
1511,256,1,5,2,1,2,0.0013,7463
1512,256,1,5,3,1,1,0.0016,9337
1513,256,1,6,1,1,2,0.0013,7111
1514,256,1,6,2,1,1,0.0009,7616
1515,256,1,6,2,1,2,0.001,7705
1516,256,1,6,3,1,1,0.0016,7087
1517,256,1,6,3,1,2,0.0017,7170
1518,256,1,7,1,1,1,0.0014,7034
1519,256,1,7,2,1,1,0.0009,7676
1520,256,1,7,2,1,2,0.0009,7164
1521,256,1,7,3,1,1,0.0015,7316
1522,256,1,7,3,1,2,0.0016,7141
1523,256,2,1,1,1,1,0.0023,7530
1524,256,2,1,1,1,2,0.0023,7145
1525,256,2,1,2,1,1,0.0021,7549
1526,256,2,1,2,1,2,0.0017,7264
1527,256,2,1,3,1,1,0.0019,7135
1528,256,2,1,3,1,2,0.0017,7142
1529,256,2,2,1,1,1,0.002,7495
1530,256,2,2,1,1,2,0.0019,7593
1531,256,2,2,3,1,1,0.0016,7637
1532,256,2,2,3,1,2,0.0017,7657
1533,256,2,3,1,1,1,0.0013,7524
1534,256,2,3,1,1,2,0.0015,7612
1535,256,2,3,2,1,1,0.0018,7128
1536,256,2,3,2,1,2,0.0017,7540
1537,256,2,3,3,1,1,0.0016,7124
1538,256,2,4,1,1,1,0.0014,7569
1539,256,2,4,1,1,2,0.0015,8003
1540,256,2,4,2,1,1,0.0016,7515
1541,256,2,4,3,1,1,0.0015,7212
1542,256,2,4,3,1,2,0.0015,6985
1543,256,2,5,1,1,1,0.0014,7546
1544,256,2,5,1,1,2,0.0016,7622
1545,256,2,5,2,1,1,0.0016,7413
1546,256,2,5,2,1,2,0.0013,7463
1547,256,2,5,3,1,1,0.0016,9337
1548,256,2,5,3,1,2,0.0015,7412
1549,256,2,6,1,1,2,0.0013,7111
1550,256,2,6,2,1,1,0.0009,7616
1551,256,2,6,2,1,2,0.001,7705
1552,256,2,6,3,1,1,0.0016,7087
1553,256,2,6,3,1,2,0.0017,7170
1554,256,2,7,1,1,1,0.0014,7034
1555,256,2,7,2,1,1,0.0009,7676
1556,256,2,7,2,1,2,0.0009,7164
1557,256,2,7,3,1,1,0.0015,7316
1558,256,3,1,1,1,1,0.0023,7530
1559,256,3,1,1,1,2,0.0023,7145
1560,256,3,1,2,1,1,0.0021,7549
1561,256,3,1,2,1,2,0.0017,7264
1562,256,3,1,3,1,1,0.0019,7135
1563,256,3,1,3,1,2,0.0017,7142
1564,256,3,2,1,1,1,0.002,7495
1565,256,3,2,3,1,1,0.0016,7637
1566,256,3,2,3,1,2,0.0017,7657
1567,256,3,3,1,1,1,0.0013,7524
1568,256,3,3,1,1,2,0.0015,7612
1569,256,3,3,2,1,2,0.0017,7540
1570,256,3,3,3,1,1,0.0016,7124
1571,256,3,4,1,1,1,0.0014,7569
1572,256,3,4,1,1,2,0.0015,8003
1573,256,3,4,2,1,1,0.0016,7515
1574,256,3,4,2,1,2,0.0014,7102
1575,256,3,4,3,1,1,0.0015,7212
1576,256,3,4,3,1,2,0.0015,6985
1577,256,3,5,1,1,1,0.0014,7546
1578,256,3,5,1,1,2,0.0016,7622
1579,256,3,5,2,1,1,0.0016,7413
1580,256,3,5,2,1,2,0.0013,7463
1581,256,3,5,3,1,1,0.0016,9337
1582,256,3,5,3,1,2,0.0015,7412
1583,256,3,6,2,1,1,0.0009,7616
1584,256,3,6,2,1,2,0.001,7705
1585,256,3,6,3,1,1,0.0016,7087
1586,256,3,6,3,1,2,0.0017,7170
1587,256,3,7,1,1,1,0.0014,7034
1588,256,3,7,2,1,1,0.0009,7676
1589,256,3,7,2,1,2,0.0009,7164
1590,256,3,7,3,1,1,0.0015,7316
1591,256,4,1,1,1,1,0.0023,7530
1592,256,4,1,1,1,2,0.0023,7145
1593,256,4,1,2,1,1,0.0021,7549
1594,256,4,1,2,1,2,0.0017,7264
1595,256,4,1,3,1,1,0.002,7146
1596,256,4,1,3,1,2,0.0017,7142
1597,256,4,2,1,1,1,0.002,7495
1598,256,4,2,3,1,1,0.0016,7637
1599,256,4,2,3,1,2,0.0017,7657
1600,256,4,3,1,1,1,0.0013,7524
1601,256,4,3,1,1,2,0.0015,7612
1602,256,4,3,2,1,2,0.0017,7540
1603,256,4,3,3,1,1,0.0016,7124
1604,256,4,4,1,1,1,0.0014,7569
1605,256,4,4,1,1,2,0.0015,8003
1606,256,4,4,2,1,1,0.0016,7515
1607,256,4,4,2,1,2,0.0014,7102
1608,256,4,4,3,1,1,0.0015,7212
1609,256,4,4,3,1,2,0.0015,6985
1610,256,4,5,1,1,2,0.0016,7622
1611,256,4,5,2,1,1,0.0016,7413
1612,256,4,5,2,1,2,0.0013,7463
1613,256,4,5,3,1,1,0.0016,9337
1614,256,4,5,3,1,2,0.0015,7412
1615,256,4,6,2,1,1,0.0009,7616
1616,256,4,6,2,1,2,0.001,7705
1617,256,4,6,3,1,1,0.0016,7087
1618,256,4,6,3,1,2,0.0017,7170
1619,256,4,7,1,1,1,0.0014,7034
1620,256,4,7,2,1,1,0.0009,7676
1621,256,4,7,2,1,2,0.0009,7164
1622,256,4,7,3,1,1,0.0015,7316
1623,256,5,1,1,1,1,0.0023,7530
1624,256,5,1,1,1,2,0.0023,7145
1625,256,5,1,2,1,1,0.0021,7549
1626,256,5,1,2,1,2,0.0017,7264
1627,256,5,1,3,1,1,0.002,7146
1628,256,5,1,3,1,2,0.0017,7142
1629,256,5,2,1,1,1,0.002,7495
1630,256,5,2,3,1,1,0.0016,7637
1631,256,5,2,3,1,2,0.0017,7657
1632,256,5,3,1,1,1,0.0013,7524
1633,256,5,3,1,1,2,0.0015,7612
1634,256,5,3,2,1,2,0.0017,7540
1635,256,5,3,3,1,1,0.0016,7124
1636,256,5,3,3,1,2,0.0018,7752
1637,256,5,4,1,1,1,0.0014,7569
1638,256,5,4,1,1,2,0.0015,8003
1639,256,5,4,2,1,1,0.0016,7515
1640,256,5,4,3,1,1,0.0015,7212
1641,256,5,4,3,1,2,0.0015,6985
1642,256,5,5,1,1,1,0.0014,7546
1643,256,5,5,1,1,2,0.0016,7622
1644,256,5,5,2,1,1,0.0016,7413
1645,256,5,5,2,1,2,0.0013,7463
1646,256,5,5,3,1,1,0.0016,9337
1647,256,5,5,3,1,2,0.0015,7412
1648,256,5,6,1,1,2,0.0013,7111
1649,256,5,6,2,1,1,0.0009,7616
1650,256,5,6,2,1,2,0.001,7705
1651,256,5,6,3,1,1,0.0016,7087
1652,256,5,6,3,1,2,0.0017,7170
1653,256,5,7,1,1,1,0.0014,7034
1654,256,5,7,2,1,1,0.0009,7676
1655,256,5,7,2,1,2,0.0009,7164
1656,256,5,7,3,1,1,0.0015,7316
1657,256,6,1,1,1,1,0.0023,7530
1658,256,6,1,1,1,2,0.0023,7145
1659,256,6,1,2,1,1,0.0021,7549
1660,256,6,1,2,1,2,0.0017,7264
1661,256,6,1,3,1,1,0.0019,7135
1662,256,6,1,3,1,2,0.0017,7142
1663,256,6,2,1,1,1,0.002,7495
1664,256,6,2,1,1,2,0.002,7597
1665,256,6,2,3,1,1,0.0016,7637
1666,256,6,2,3,1,2,0.0017,7657
1667,256,6,3,1,1,1,0.0013,7524
1668,256,6,3,1,1,2,0.0015,7612
1669,256,6,3,2,1,2,0.0017,7540
1670,256,6,3,3,1,1,0.0016,7124
1671,256,6,4,1,1,1,0.0014,7569
1672,256,6,4,1,1,2,0.0015,8003
1673,256,6,4,2,1,1,0.0016,7515
1674,256,6,4,2,1,2,0.0014,7102
1675,256,6,4,3,1,1,0.0015,7212
1676,256,6,4,3,1,2,0.0015,6985
1677,256,6,5,1,1,1,0.0014,7546
1678,256,6,5,1,1,2,0.0016,7622
1679,256,6,5,2,1,2,0.0013,7463
1680,256,6,5,3,1,1,0.0016,9337
1681,256,6,5,3,1,2,0.0015,7412
1682,256,6,6,1,1,2,0.0013,7111
1683,256,6,6,2,1,1,0.0009,7616
1684,256,6,6,2,1,2,0.001,7705
1685,256,6,6,3,1,1,0.0016,7087
1686,256,6,6,3,1,2,0.0017,7170
1687,256,6,7,1,1,1,0.0014,7034
1688,256,6,7,2,1,1,0.0009,7676
1689,256,6,7,2,1,2,0.0009,7164
1690,256,6,7,3,1,1,0.0015,7316
1691,256,6,7,3,1,2,0.0016,7141
1692,256,7,1,1,1,1,0.0023,7530
1693,256,7,1,1,1,2,0.0023,7145
1694,256,7,1,2,1,1,0.0021,7549
1695,256,7,1,2,1,2,0.0017,7264
1696,256,7,1,3,1,1,0.0019,7135
1697,256,7,1,3,1,2,0.0017,7142
1698,256,7,2,1,1,1,0.002,7495
1699,256,7,2,2,1,2,0.0015,7180
1700,256,7,2,3,1,1,0.0016,7637
1701,256,7,2,3,1,2,0.0017,7657
1702,256,7,3,1,1,1,0.0013,7524
1703,256,7,3,1,1,2,0.0015,7612
1704,256,7,3,2,1,2,0.0017,7540
1705,256,7,3,3,1,1,0.0016,7124
1706,256,7,4,1,1,1,0.0014,7569
1707,256,7,4,1,1,2,0.0015,8003
1708,256,7,4,2,1,1,0.0016,7515
1709,256,7,4,3,1,1,0.0015,7212
1710,256,7,4,3,1,2,0.0015,6985
1711,256,7,5,1,1,2,0.0016,7622
1712,256,7,5,2,1,1,0.0016,7413
1713,256,7,5,2,1,2,0.0013,7463
1714,256,7,5,3,1,1,0.0016,9337
1715,256,7,5,3,1,2,0.0015,7412
1716,256,7,6,2,1,1,0.0009,7616
1717,256,7,6,2,1,2,0.001,7705
1718,256,7,6,3,1,1,0.0016,7087
1719,256,7,6,3,1,2,0.0017,7170
1720,256,7,7,1,1,1,0.0014,7034
1721,256,7,7,2,1,1,0.0009,7676
1722,256,7,7,2,1,2,0.0009,7164
1723,256,7,7,3,1,1,0.0015,7316
1724,256,8,1,1,1,1,0.0023,7530
1725,256,8,1,2,1,1,0.0021,7549
1726,256,8,1,2,1,2,0.0017,7264
1727,256,8,1,3,1,1,0.0019,7135
1728,256,8,1,3,1,2,0.0017,7142
1729,256,8,2,1,1,1,0.002,7495
1730,256,8,2,2,1,1,0.0016,7085
1731,256,8,2,3,1,1,0.0016,7637
1732,256,8,2,3,1,2,0.0017,7657
1733,256,8,3,1,1,1,0.0013,7524
1734,256,8,3,1,1,2,0.0015,7612
1735,256,8,3,2,1,2,0.0017,7540
1736,256,8,3,3,1,1,0.0016,7124
1737,256,8,4,1,1,1,0.0014,7569
1738,256,8,4,1,1,2,0.0015,8003
1739,256,8,4,2,1,1,0.0016,7515
1740,256,8,4,3,1,1,0.0015,7212
1741,256,8,4,3,1,2,0.0015,6985
1742,256,8,5,1,1,1,0.0014,7546
1743,256,8,5,1,1,2,0.0016,7622
1744,256,8,5,2,1,1,0.0016,7413
1745,256,8,5,2,1,2,0.0013,7463
1746,256,8,5,3,1,1,0.0016,9337
1747,256,8,5,3,1,2,0.0015,7412
1748,256,8,6,2,1,1,0.0009,7616
1749,256,8,6,2,1,2,0.001,7705
1750,256,8,6,3,1,1,0.0016,7087
1751,256,8,6,3,1,2,0.0017,7170
1752,256,8,7,1,1,1,0.0014,7034
1753,256,8,7,2,1,2,0.0009,7164
1754,256,8,7,3,1,1,0.0015,7316
1755,256,9,1,1,1,1,0.0023,7530
1756,256,9,1,1,1,2,0.0023,7145
1757,256,9,1,2,1,1,0.0021,7549
1758,256,9,1,2,1,2,0.0017,7264
1759,256,9,1,3,1,1,0.0019,7135
1760,256,9,1,3,1,2,0.0017,7142
1761,256,9,2,1,1,1,0.002,7495
1762,256,9,2,3,1,1,0.0016,7637
1763,256,9,2,3,1,2,0.0017,7657
1764,256,9,3,1,1,1,0.0013,7524
1765,256,9,3,1,1,2,0.0015,7612
1766,256,9,3,2,1,2,0.0017,7540
1767,256,9,3,3,1,1,0.0016,7136
1768,256,9,4,1,1,1,0.0014,7569
1769,256,9,4,1,1,2,0.0015,8003
1770,256,9,4,2,1,1,0.0016,7515
1771,256,9,4,3,1,1,0.0015,7212
1772,256,9,4,3,1,2,0.0015,6985
1773,256,9,5,1,1,1,0.0014,7546
1774,256,9,5,1,1,2,0.0016,7613
1775,256,9,5,2,1,1,0.0016,7413
1776,256,9,5,2,1,2,0.0013,7463
1777,256,9,5,3,1,1,0.0016,9337
1778,256,9,5,3,1,2,0.0015,7412
1779,256,9,6,2,1,1,0.0009,7616
1780,256,9,6,2,1,2,0.001,7705
1781,256,9,6,3,1,1,0.0016,7087
1782,256,9,6,3,1,2,0.0017,7170
1783,256,9,7,1,1,1,0.0014,7034
1784,256,9,7,2,1,1,0.0009,7676
1785,256,9,7,2,1,2,0.0009,7164
1786,256,9,7,3,1,1,0.0015,7316
1787,256,10,1,1,1,1,0.0023,7530
1788,256,10,1,1,1,2,0.0023,7145
1789,256,10,1,2,1,1,0.0021,7549
1790,256,10,1,2,1,2,0.0017,7264
1791,256,10,1,3,1,1,0.0019,7135
1792,256,10,1,3,1,2,0.0017,7127
1793,256,10,2,1,1,1,0.002,7495
1794,256,10,2,2,1,2,0.0015,7180
1795,256,10,2,3,1,1,0.0016,7637
1796,256,10,2,3,1,2,0.0017,7657
1797,256,10,3,1,1,1,0.0013,7524
1798,256,10,3,1,1,2,0.0015,7612
1799,256,10,3,2,1,2,0.0017,7540
1800,256,10,3,3,1,1,0.0016,7124
1801,256,10,4,1,1,1,0.0014,7569
1802,256,10,4,1,1,2,0.0015,8003
1803,256,10,4,2,1,1,0.0016,7515
1804,256,10,4,3,1,1,0.0015,7212
1805,256,10,4,3,1,2,0.0015,6985
1806,256,10,5,1,1,1,0.0014,7546
1807,256,10,5,1,1,2,0.0016,7622
1808,256,10,5,2,1,1,0.0016,7413
1809,256,10,5,2,1,2,0.0013,7463
1810,256,10,5,3,1,1,0.0016,9337
1811,256,10,5,3,1,2,0.0015,7412
1812,256,10,6,2,1,1,0.0009,7616
1813,256,10,6,2,1,2,0.001,7705
1814,256,10,6,3,1,1,0.0016,7087
1815,256,10,6,3,1,2,0.0017,7170
1816,256,10,7,1,1,1,0.0014,7034
1817,256,10,7,2,1,1,0.0009,7676
1818,256,10,7,2,1,2,0.0009,7164
1819,256,10,7,3,1,1,0.0015,7316
1820,256,11,1,1,1,1,0.0023,7530
1821,256,11,1,1,1,2,0.0023,7145
1822,256,11,1,2,1,1,0.0021,7549
1823,256,11,1,2,1,2,0.0017,7264
1824,256,11,1,3,1,1,0.0019,7135
1825,256,11,1,3,1,2,0.0017,7142
1826,256,11,2,1,1,1,0.002,7495
1827,256,11,2,3,1,1,0.0016,7637
1828,256,11,2,3,1,2,0.0017,7657
1829,256,11,3,1,1,1,0.0013,7524
1830,256,11,3,1,1,2,0.0015,7612
1831,256,11,3,2,1,2,0.0017,7540
1832,256,11,3,3,1,1,0.0016,7124
1833,256,11,4,1,1,1,0.0014,7569
1834,256,11,4,1,1,2,0.0015,8003
1835,256,11,4,2,1,1,0.0016,7515
1836,256,11,4,3,1,1,0.0015,7212
1837,256,11,4,3,1,2,0.0015,6985
1838,256,11,5,1,1,1,0.0014,7546
1839,256,11,5,1,1,2,0.0016,7622
1840,256,11,5,2,1,1,0.0016,7413
1841,256,11,5,2,1,2,0.0013,7463
1842,256,11,5,3,1,1,0.0016,9337
1843,256,11,5,3,1,2,0.0015,7412
1844,256,11,6,2,1,1,0.0009,7616
1845,256,11,6,2,1,2,0.001,7705
1846,256,11,6,3,1,1,0.0016,7087
1847,256,11,6,3,1,2,0.0017,7170
1848,256,11,7,1,1,1,0.0014,7034
1849,256,11,7,1,1,2,0.0016,7161
1850,256,11,7,2,1,1,0.0009,7676
1851,256,11,7,2,1,2,0.0009,7164
1852,256,11,7,3,1,1,0.0015,7316
1853,256,12,1,1,1,1,0.0023,7530
1854,256,12,1,2,1,1,0.0021,7549
1855,256,12,1,2,1,2,0.0017,7264
1856,256,12,1,3,1,1,0.0019,7135
1857,256,12,1,3,1,2,0.0017,7142
1858,256,12,2,1,1,1,0.002,7495
1859,256,12,2,2,1,2,0.0015,7180
1860,256,12,2,3,1,1,0.0016,7637
1861,256,12,2,3,1,2,0.0017,7657
1862,256,12,3,1,1,1,0.0013,7524
1863,256,12,3,1,1,2,0.0015,7612
1864,256,12,3,2,1,2,0.0017,7540
1865,256,12,3,3,1,1,0.0016,7124
1866,256,12,4,1,1,1,0.0014,7569
1867,256,12,4,1,1,2,0.0015,8003
1868,256,12,4,2,1,1,0.0016,7515
1869,256,12,4,3,1,1,0.0015,7212
1870,256,12,4,3,1,2,0.0015,6985
1871,256,12,5,1,1,1,0.0014,7546
1872,256,12,5,1,1,2,0.0016,7622
1873,256,12,5,2,1,1,0.0016,7413
1874,256,12,5,2,1,2,0.0013,7463
1875,256,12,5,3,1,1,0.0016,9337
1876,256,12,6,2,1,1,0.0009,7616
1877,256,12,6,2,1,2,0.001,7705
1878,256,12,6,3,1,1,0.0016,7087
1879,256,12,6,3,1,2,0.0017,7170
1880,256,12,7,1,1,1,0.0014,7034
1881,256,12,7,2,1,1,0.0009,7676
1882,256,12,7,2,1,2,0.0009,7164
1883,256,12,7,3,1,1,0.0015,7316
1884,256,13,1,1,1,1,0.0023,7530
1885,256,13,1,2,1,1,0.0021,7549
1886,256,13,1,2,1,2,0.0017,7264
1887,256,13,1,3,1,1,0.0019,7135
1888,256,13,1,3,1,2,0.0017,7142
1889,256,13,2,1,1,1,0.002,7495
1890,256,13,2,3,1,1,0.0016,7637
1891,256,13,2,3,1,2,0.0017,7657
1892,256,13,3,1,1,1,0.0013,7524
1893,256,13,3,2,1,2,0.0017,7540
1894,256,13,3,3,1,1,0.0016,7124
1895,256,13,4,1,1,1,0.0014,7569
1896,256,13,4,1,1,2,0.0015,8003
1897,256,13,4,2,1,1,0.0016,7515
1898,256,13,4,3,1,1,0.0015,7212
1899,256,13,5,1,1,1,0.0014,7546
1900,256,13,5,1,1,2,0.0016,7622
1901,256,13,5,2,1,1,0.0016,7413
1902,256,13,5,2,1,2,0.0013,7463
1903,256,13,5,3,1,1,0.0016,9337
1904,256,13,5,3,1,2,0.0015,7412
1905,256,13,6,1,1,2,0.0013,7111
1906,256,13,6,2,1,1,0.0009,7616
1907,256,13,6,2,1,2,0.001,7705
1908,256,13,6,3,1,2,0.0017,7170
1909,256,13,7,1,1,1,0.0014,7034
1910,256,13,7,2,1,1,0.0009,7676
1911,256,13,7,2,1,2,0.0009,7164
1912,256,13,7,3,1,1,0.0015,7316
1913,256,14,1,1,1,1,0.0023,7530
1914,256,14,1,1,1,2,0.0023,7145
1915,256,14,1,2,1,1,0.0021,7549
1916,256,14,1,2,1,2,0.0017,7264
1917,256,14,1,3,1,1,0.0019,7135
1918,256,14,1,3,1,2,0.0017,7142
1919,256,14,2,1,1,1,0.002,7495
1920,256,14,2,3,1,1,0.0016,7637
1921,256,14,2,3,1,2,0.0017,7657
1922,256,14,3,1,1,1,0.0013,7524
1923,256,14,3,1,1,2,0.0015,7612
1924,256,14,3,2,1,2,0.0017,7540
1925,256,14,3,3,1,1,0.0016,7136
1926,256,14,4,1,1,1,0.0014,7569
1927,256,14,4,1,1,2,0.0015,8003
1928,256,14,4,2,1,1,0.0016,7515
1929,256,14,4,3,1,1,0.0015,7206
1930,256,14,4,3,1,2,0.0015,6985
1931,256,14,5,1,1,1,0.0014,7546
1932,256,14,5,1,1,2,0.0016,7622
1933,256,14,5,2,1,1,0.0016,7413
1934,256,14,5,2,1,2,0.0013,7463
1935,256,14,5,3,1,1,0.0016,9337
1936,256,14,5,3,1,2,0.0015,7412
1937,256,14,6,1,1,1,0.0013,7439
1938,256,14,6,2,1,1,0.0009,7616
1939,256,14,6,2,1,2,0.001,7705
1940,256,14,6,3,1,1,0.0016,7087
1941,256,14,6,3,1,2,0.0017,7170
1942,256,14,7,1,1,1,0.0014,7034
1943,256,14,7,2,1,1,0.0009,7676
1944,256,14,7,2,1,2,0.0009,7164
1945,256,14,7,3,1,1,0.0014,7330
1946,256,15,1,1,1,1,0.0023,7530
1947,256,15,1,1,1,2,0.0023,7145
1948,256,15,1,2,1,1,0.0021,7549
1949,256,15,1,2,1,2,0.0017,7264
1950,256,15,1,3,1,1,0.0019,7135
1951,256,15,1,3,1,2,0.0017,7142
1952,256,15,2,1,1,1,0.002,7495
1953,256,15,2,3,1,1,0.0016,7637
1954,256,15,2,3,1,2,0.0017,7657
1955,256,15,3,1,1,1,0.0014,7538
1956,256,15,3,1,1,2,0.0015,7612
1957,256,15,3,2,1,2,0.0017,7540
1958,256,15,3,3,1,1,0.0016,7124
1959,256,15,4,1,1,1,0.0014,7569
1960,256,15,4,1,1,2,0.0015,8003
1961,256,15,4,2,1,1,0.0016,7515
1962,256,15,4,3,1,1,0.0015,7212
1963,256,15,5,1,1,1,0.0014,7546
1964,256,15,5,1,1,2,0.0016,7622
1965,256,15,5,2,1,1,0.0016,7413
1966,256,15,5,2,1,2,0.0013,7463
1967,256,15,5,3,1,1,0.0016,9337
1968,256,15,5,3,1,2,0.0015,7412
1969,256,15,6,1,1,1,0.0013,7439
1970,256,15,6,2,1,1,0.0009,7616
1971,256,15,6,2,1,2,0.001,7715
1972,256,15,6,3,1,1,0.0016,7087
1973,256,15,6,3,1,2,0.0017,7170
1974,256,15,7,1,1,1,0.0014,7034
1975,256,15,7,2,1,1,0.0009,7676
1976,256,15,7,2,1,2,0.0009,7164
1977,256,15,7,3,1,1,0.0015,7316
