n,knob_HIST_SIZE,knob_NUM_HIST,knob_UNROLL_LLM,knob_UNROLL_FACTOR,knob_I_B,knob_DATA_BLOCK,obj1,obj2
0,256,1,1,1,0,1024,0.0023,7580
1,256,1,1,1,0,2048,0.0022,7550
2,256,1,1,1,0,4096,0.0024,7386
3,256,1,1,1,0,8192,0.0024,7056
4,256,1,1,1,0,16384,0.0025,7057
5,256,1,1,1,0,32768,0.0023,7551
6,256,1,1,1,0,65536,0.0024,7515
7,256,1,1,2,0,2048,0.0021,7708
8,256,1,1,2,0,4096,0.0019,7748
9,256,1,1,2,0,16384,0.0021,7137
10,256,1,1,2,0,32768,0.002,7409
11,256,1,1,2,0,65536,0.0021,7549
12,256,1,1,3,0,1024,0.0018,8297
13,256,1,1,3,0,2048,0.002,7868
14,256,1,1,3,0,4096,0.0019,7740
15,256,1,1,3,0,16384,0.0019,7049
16,256,1,1,3,0,32768,0.002,7104
17,256,1,1,3,0,65536,0.0019,7135
18,256,1,2,1,0,1024,0.0019,7737
19,256,1,2,1,0,4096,0.0021,7740
20,256,1,2,1,0,16384,0.002,7524
21,256,1,2,1,0,32768,0.002,7504
22,256,1,2,1,0,65536,0.002,7495
23,256,1,2,2,0,1024,0.0017,8050
24,256,1,2,2,0,2048,0.0017,7518
25,256,1,2,2,0,4096,0.0018,7525
26,256,1,2,2,0,16384,0.0017,7138
27,256,1,2,2,0,32768,0.0016,7154
28,256,1,2,3,0,1024,0.0016,8509
29,256,1,2,3,0,4096,0.0016,7845
30,256,1,2,3,0,16384,0.0016,7064
31,256,1,2,3,0,32768,0.0016,7071
32,256,1,2,3,0,65536,0.0016,7637
33,256,1,3,1,0,2048,0.0014,8201
34,256,1,3,1,0,4096,0.0014,7610
35,256,1,3,1,0,8192,0.0013,7463
36,256,1,3,1,0,32768,0.0013,7101
37,256,1,3,1,0,65536,0.0013,7524
38,256,1,3,2,0,2048,0.0019,7833
39,256,1,3,2,0,8192,0.0018,7401
40,256,1,3,2,0,16384,0.0018,7074
41,256,1,3,2,0,32768,0.0017,7440
42,256,1,3,3,0,1024,0.0017,7793
43,256,1,3,3,0,4096,0.0017,7684
44,256,1,3,3,0,65536,0.0016,7124
45,256,1,4,1,0,2048,0.0014,7909
46,256,1,4,1,0,8192,0.0014,7701
47,256,1,4,1,0,65536,0.0014,7569
48,256,1,4,2,0,1024,0.0017,8295
49,256,1,4,2,0,8192,0.0017,7644
50,256,1,4,2,0,65536,0.0016,7515
51,256,1,4,3,0,2048,0.0015,7484
52,256,1,4,3,0,4096,0.0016,7526
53,256,1,4,3,0,8192,0.0014,7301
54,256,1,4,3,0,16384,0.0015,7087
55,256,1,4,3,0,65536,0.0015,7212
56,256,1,5,1,0,1024,0.0014,8146
57,256,1,5,1,0,4096,0.0014,7656
58,256,1,5,1,0,8192,0.0013,7188
59,256,1,5,1,0,16384,0.0014,7552
60,256,1,5,1,0,32768,0.0013,7506
61,256,1,5,1,0,65536,0.0014,7546
62,256,1,5,2,0,1024,0.0016,7862
63,256,1,5,2,0,2048,0.0016,7609
64,256,1,5,2,0,4096,0.0016,7736
65,256,1,5,2,0,16384,0.0017,7191
66,256,1,5,2,0,65536,0.0016,7413
67,256,1,5,3,0,4096,0.0017,7865
68,256,1,5,3,0,8192,0.0016,7463
69,256,1,5,3,0,16384,0.0018,9320
70,256,1,5,3,0,32768,0.0018,9306
71,256,1,5,3,0,65536,0.0016,9337
72,256,1,6,1,0,1024,0.0014,7679
73,256,1,6,1,0,2048,0.0014,7769
74,256,1,6,1,0,4096,0.0013,7255
75,256,1,6,1,0,8192,0.0013,7603
76,256,1,6,1,0,16384,0.0012,7052
77,256,1,6,1,0,32768,0.0013,7454
78,256,1,6,2,0,1024,0.0009,7623
79,256,1,6,2,0,4096,0.001,8060
80,256,1,6,2,0,8192,0.001,7100
81,256,1,6,2,0,16384,0.001,7619
82,256,1,6,2,0,32768,0.0009,7491
83,256,1,6,2,0,65536,0.0009,7616
84,256,1,6,3,0,2048,0.0017,7935
85,256,1,6,3,0,16384,0.0018,7088
86,256,1,6,3,0,65536,0.0016,7087
87,256,1,7,1,0,2048,0.0015,7389
88,256,1,7,1,0,4096,0.0016,7953
89,256,1,7,1,0,16384,0.0015,7110
90,256,1,7,1,0,32768,0.0015,7308
91,256,1,7,1,0,65536,0.0014,7034
92,256,1,7,2,0,2048,0.001,7832
93,256,1,7,2,0,4096,0.001,7775
94,256,1,7,2,0,8192,0.001,7110
95,256,1,7,2,0,32768,0.0009,7848
96,256,1,7,2,0,65536,0.0009,7676
97,256,1,7,3,0,2048,0.0017,7629
98,256,1,7,3,0,8192,0.0018,9443
99,256,1,7,3,0,16384,0.0015,7375
100,256,1,7,3,0,32768,0.0015,7379
101,256,1,7,3,0,65536,0.0015,7316
102,256,2,1,1,0,1024,0.0023,7580
103,256,2,1,1,0,4096,0.0024,7386
104,256,2,1,1,0,16384,0.0025,7057
105,256,2,1,1,0,65536,0.0023,7530
106,256,2,1,2,0,2048,0.0021,7708
107,256,2,1,2,0,4096,0.0019,7748
108,256,2,1,2,0,8192,0.0021,7435
109,256,2,1,2,0,16384,0.0021,7150
110,256,2,1,2,0,32768,0.002,7409
111,256,2,1,2,0,65536,0.0021,7549
112,256,2,1,3,0,1024,0.0018,8297
113,256,2,1,3,0,2048,0.002,7868
114,256,2,1,3,0,4096,0.0019,7740
115,256,2,1,3,0,16384,0.0019,7049
116,256,2,1,3,0,32768,0.002,7104
117,256,2,1,3,0,65536,0.0019,7135
118,256,2,2,1,0,1024,0.0019,7737
119,256,2,2,1,0,2048,0.0021,8025
120,256,2,2,1,0,4096,0.0021,7740
121,256,2,2,1,0,16384,0.002,7524
122,256,2,2,1,0,32768,0.002,7504
123,256,2,2,1,0,65536,0.002,7495
124,256,2,2,2,0,1024,0.0017,8050
125,256,2,2,2,0,2048,0.0017,7518
126,256,2,2,2,0,4096,0.0018,7525
127,256,2,2,2,0,8192,0.0018,7261
128,256,2,2,2,0,16384,0.0017,7138
129,256,2,2,2,0,65536,0.0016,7085
130,256,2,2,3,0,1024,0.0016,8509
131,256,2,2,3,0,32768,0.0016,7071
132,256,2,2,3,0,65536,0.0016,7637
133,256,2,3,1,0,1024,0.0013,8151
134,256,2,3,1,0,2048,0.0014,8201
135,256,2,3,1,0,4096,0.0014,7610
136,256,2,3,1,0,8192,0.0013,7463
137,256,2,3,1,0,16384,0.0013,7527
138,256,2,3,1,0,32768,0.0013,7101
139,256,2,3,1,0,65536,0.0013,7524
140,256,2,3,2,0,2048,0.0019,7833
141,256,2,3,2,0,4096,0.0018,7974
142,256,2,3,2,0,8192,0.0018,7401
143,256,2,3,2,0,16384,0.0018,7074
144,256,2,3,2,0,32768,0.0017,7440
145,256,2,3,3,0,1024,0.0017,7793
146,256,2,3,3,0,4096,0.0017,7684
147,256,2,3,3,0,16384,0.0017,7036
148,256,2,3,3,0,65536,0.0016,7124
149,256,2,4,1,0,2048,0.0014,7909
150,256,2,4,1,0,4096,0.0014,7747
151,256,2,4,1,0,8192,0.0014,7701
152,256,2,4,1,0,16384,0.0013,7083
153,256,2,4,1,0,65536,0.0014,7569
154,256,2,4,2,0,1024,0.0017,8295
155,256,2,4,2,0,8192,0.0017,7644
156,256,2,4,2,0,16384,0.0019,7207
157,256,2,4,2,0,65536,0.0016,7515
158,256,2,4,3,0,1024,0.0015,7721
159,256,2,4,3,0,2048,0.0015,7484
160,256,2,4,3,0,4096,0.0016,7526
161,256,2,4,3,0,8192,0.0014,7301
162,256,2,4,3,0,16384,0.0015,7087
163,256,2,4,3,0,32768,0.0015,7405
164,256,2,4,3,0,65536,0.0015,7212
165,256,2,5,1,0,4096,0.0014,7656
166,256,2,5,1,0,16384,0.0014,7552
167,256,2,5,1,0,32768,0.0013,7506
168,256,2,5,1,0,65536,0.0014,7546
169,256,2,5,2,0,1024,0.0016,7862
170,256,2,5,2,0,2048,0.0017,7599
171,256,2,5,2,0,4096,0.0016,7736
172,256,2,5,2,0,16384,0.0017,7191
173,256,2,5,2,0,32768,0.0016,7656
174,256,2,5,2,0,65536,0.0016,7413
175,256,2,5,3,0,4096,0.0017,7865
176,256,2,5,3,0,8192,0.0016,7463
177,256,2,5,3,0,16384,0.0018,9320
178,256,2,5,3,0,32768,0.0018,9306
179,256,2,5,3,0,65536,0.0016,9337
180,256,2,6,1,0,1024,0.0014,7679
181,256,2,6,1,0,2048,0.0014,7769
182,256,2,6,1,0,4096,0.0013,7255
183,256,2,6,1,0,8192,0.0013,7603
184,256,2,6,1,0,16384,0.0012,7052
185,256,2,6,1,0,32768,0.0013,7454
186,256,2,6,1,0,65536,0.0013,7439
187,256,2,6,2,0,1024,0.0009,7623
188,256,2,6,2,0,2048,0.001,7797
189,256,2,6,2,0,4096,0.001,8060
190,256,2,6,2,0,8192,0.001,7100
191,256,2,6,2,0,16384,0.001,7619
192,256,2,6,2,0,32768,0.0009,7491
193,256,2,6,2,0,65536,0.0009,7616
194,256,2,6,3,0,2048,0.0017,7935
195,256,2,6,3,0,8192,0.0017,7600
196,256,2,6,3,0,16384,0.0018,7088
197,256,2,6,3,0,65536,0.0016,7087
198,256,2,7,1,0,1024,0.0015,7677
199,256,2,7,1,0,2048,0.0015,7389
200,256,2,7,1,0,4096,0.0015,7956
201,256,2,7,1,0,8192,0.0015,7144
202,256,2,7,1,0,65536,0.0014,7034
203,256,2,7,2,0,2048,0.001,7832
204,256,2,7,2,0,4096,0.001,7775
205,256,2,7,2,0,8192,0.001,7110
206,256,2,7,2,0,32768,0.0009,7848
207,256,2,7,2,0,65536,0.0009,7676
208,256,2,7,3,0,2048,0.0017,7629
209,256,2,7,3,0,8192,0.0018,9443
210,256,2,7,3,0,16384,0.0015,7375
211,256,2,7,3,0,32768,0.0015,7379
212,256,2,7,3,0,65536,0.0015,7316
213,256,3,1,1,0,1024,0.0023,7580
214,256,3,1,1,0,4096,0.0024,7386
215,256,3,1,1,0,8192,0.0024,7056
216,256,3,1,1,0,16384,0.0025,7057
217,256,3,1,1,0,32768,0.0023,7551
218,256,3,1,1,0,65536,0.0023,7530
219,256,3,1,2,0,2048,0.0021,7708
220,256,3,1,2,0,4096,0.0019,7748
221,256,3,1,2,0,8192,0.0021,7435
222,256,3,1,2,0,32768,0.002,7409
223,256,3,1,2,0,65536,0.0021,7555
224,256,3,1,3,0,1024,0.0018,8297
225,256,3,1,3,0,2048,0.002,7868
226,256,3,1,3,0,16384,0.0019,7049
227,256,3,1,3,0,32768,0.002,7104
228,256,3,1,3,0,65536,0.0019,7135
229,256,3,2,1,0,1024,0.0019,7737
230,256,3,2,1,0,2048,0.0021,8025
231,256,3,2,1,0,4096,0.0021,7740
232,256,3,2,1,0,32768,0.002,7504
233,256,3,2,1,0,65536,0.002,7495
234,256,3,2,2,0,1024,0.0017,8050
235,256,3,2,2,0,2048,0.0017,7518
236,256,3,2,2,0,4096,0.0018,7525
237,256,3,2,2,0,8192,0.0018,7261
238,256,3,2,2,0,16384,0.0017,7138
239,256,3,2,2,0,32768,0.0016,7154
240,256,3,2,3,0,1024,0.0016,8509
241,256,3,2,3,0,4096,0.0016,7845
242,256,3,2,3,0,8192,0.0016,7236
243,256,3,2,3,0,32768,0.0016,7071
244,256,3,2,3,0,65536,0.0016,7637
245,256,3,3,1,0,2048,0.0014,8201
246,256,3,3,1,0,4096,0.0014,7610
247,256,3,3,1,0,8192,0.0013,7463
248,256,3,3,1,0,16384,0.0013,7527
249,256,3,3,1,0,32768,0.0013,7101
250,256,3,3,1,0,65536,0.0013,7524
251,256,3,3,2,0,2048,0.0019,7833
252,256,3,3,2,0,4096,0.0018,7974
253,256,3,3,2,0,8192,0.0018,7401
254,256,3,3,2,0,16384,0.0018,7074
255,256,3,3,2,0,32768,0.0017,7440
256,256,3,3,3,0,1024,0.0017,7793
257,256,3,3,3,0,2048,0.0017,7402
258,256,3,3,3,0,4096,0.0017,7684
259,256,3,3,3,0,16384,0.0017,7036
260,256,3,3,3,0,65536,0.0016,7124
261,256,3,4,1,0,2048,0.0014,7909
262,256,3,4,1,0,4096,0.0014,7747
263,256,3,4,1,0,8192,0.0014,7701
264,256,3,4,1,0,65536,0.0014,7569
265,256,3,4,2,0,1024,0.0017,8295
266,256,3,4,2,0,8192,0.0017,7644
267,256,3,4,2,0,65536,0.0016,7515
268,256,3,4,3,0,4096,0.0016,7526
269,256,3,4,3,0,8192,0.0014,7301
270,256,3,4,3,0,16384,0.0015,7087
271,256,3,4,3,0,65536,0.0015,7212
272,256,3,5,1,0,1024,0.0014,8146
273,256,3,5,1,0,4096,0.0014,7656
274,256,3,5,1,0,8192,0.0013,7188
275,256,3,5,1,0,16384,0.0014,7552
276,256,3,5,1,0,32768,0.0013,7506
277,256,3,5,1,0,65536,0.0014,7546
278,256,3,5,2,0,1024,0.0016,7862
279,256,3,5,2,0,2048,0.0016,7609
280,256,3,5,2,0,4096,0.0016,7736
281,256,3,5,2,0,16384,0.0017,7191
282,256,3,5,2,0,32768,0.0016,7666
283,256,3,5,2,0,65536,0.0016,7413
284,256,3,5,3,0,4096,0.0017,7865
285,256,3,5,3,0,16384,0.0018,9320
286,256,3,5,3,0,32768,0.0018,9306
287,256,3,5,3,0,65536,0.0016,9337
288,256,3,6,1,0,1024,0.0014,7679
289,256,3,6,1,0,2048,0.0014,7769
290,256,3,6,1,0,4096,0.0013,7255
291,256,3,6,1,0,8192,0.0013,7603
292,256,3,6,1,0,16384,0.0012,7052
293,256,3,6,1,0,32768,0.0013,7454
294,256,3,6,2,0,1024,0.0009,7623
295,256,3,6,2,0,4096,0.001,8060
296,256,3,6,2,0,8192,0.001,7100
297,256,3,6,2,0,16384,0.001,7619
298,256,3,6,2,0,32768,0.0009,7491
299,256,3,6,2,0,65536,0.0009,7616
300,256,3,6,3,0,2048,0.0017,7935
301,256,3,6,3,0,8192,0.0017,7600
302,256,3,6,3,0,16384,0.0018,7088
303,256,3,6,3,0,32768,0.0018,7262
304,256,3,6,3,0,65536,0.0016,7087
305,256,3,7,1,0,2048,0.0015,7389
306,256,3,7,1,0,4096,0.0016,7953
307,256,3,7,1,0,16384,0.0015,7110
308,256,3,7,1,0,32768,0.0015,7308
309,256,3,7,1,0,65536,0.0014,7034
310,256,3,7,2,0,2048,0.001,7832
311,256,3,7,2,0,4096,0.001,7775
312,256,3,7,2,0,8192,0.001,7110
313,256,3,7,2,0,32768,0.0009,7848
314,256,3,7,2,0,65536,0.0009,7676
315,256,3,7,3,0,2048,0.0017,7629
316,256,3,7,3,0,8192,0.0018,9443
317,256,3,7,3,0,16384,0.0015,7375
318,256,3,7,3,0,32768,0.0015,7379
319,256,3,7,3,0,65536,0.0015,7316
320,256,4,1,1,0,1024,0.0023,7580
321,256,4,1,1,0,2048,0.0022,7550
322,256,4,1,1,0,4096,0.0024,7386
323,256,4,1,1,0,8192,0.0024,7056
324,256,4,1,1,0,16384,0.0025,7057
325,256,4,1,1,0,32768,0.0023,7551
326,256,4,1,1,0,65536,0.0023,7530
327,256,4,1,2,0,1024,0.002,7618
328,256,4,1,2,0,2048,0.0021,7708
329,256,4,1,2,0,4096,0.0019,7748
330,256,4,1,2,0,8192,0.0021,7435
331,256,4,1,2,0,16384,0.0021,7137
332,256,4,1,2,0,32768,0.002,7409
333,256,4,1,2,0,65536,0.0021,7549
334,256,4,1,3,0,1024,0.0018,8297
335,256,4,1,3,0,2048,0.002,7868
336,256,4,1,3,0,4096,0.0019,7740
337,256,4,1,3,0,16384,0.0019,7049
338,256,4,1,3,0,32768,0.002,7104
339,256,4,1,3,0,65536,0.0019,7135
340,256,4,2,1,0,1024,0.0019,7737
341,256,4,2,1,0,4096,0.0021,7740
342,256,4,2,1,0,16384,0.002,7524
343,256,4,2,1,0,32768,0.002,7504
344,256,4,2,1,0,65536,0.002,7495
345,256,4,2,2,0,1024,0.0017,8050
346,256,4,2,2,0,2048,0.0017,7518
347,256,4,2,2,0,4096,0.0018,7525
348,256,4,2,2,0,16384,0.0017,7138
349,256,4,2,2,0,32768,0.0016,7154
350,256,4,2,2,0,65536,0.0016,7085
351,256,4,2,3,0,32768,0.0016,7071
352,256,4,2,3,0,65536,0.0016,7637
353,256,4,3,1,0,2048,0.0014,8201
354,256,4,3,1,0,4096,0.0014,7610
355,256,4,3,1,0,8192,0.0013,7463
356,256,4,3,1,0,16384,0.0013,7527
357,256,4,3,1,0,32768,0.0013,7101
358,256,4,3,1,0,65536,0.0013,7524
359,256,4,3,2,0,2048,0.0019,7833
360,256,4,3,2,0,4096,0.0018,7974
361,256,4,3,2,0,8192,0.0018,7401
362,256,4,3,2,0,16384,0.0018,7074
363,256,4,3,2,0,32768,0.0017,7440
364,256,4,3,3,0,1024,0.0017,7793
365,256,4,3,3,0,4096,0.0017,7684
366,256,4,3,3,0,8192,0.0018,7476
367,256,4,3,3,0,16384,0.0017,7036
368,256,4,3,3,0,65536,0.0016,7124
369,256,4,4,1,0,1024,0.0014,7988
370,256,4,4,1,0,2048,0.0014,7909
371,256,4,4,1,0,8192,0.0014,7701
372,256,4,4,1,0,65536,0.0014,7569
373,256,4,4,2,0,1024,0.0017,8295
374,256,4,4,2,0,8192,0.0017,7644
375,256,4,4,2,0,65536,0.0016,7515
376,256,4,4,3,0,8192,0.0014,7301
377,256,4,4,3,0,16384,0.0015,7087
378,256,4,4,3,0,65536,0.0015,7212
379,256,4,5,1,0,4096,0.0014,7656
380,256,4,5,1,0,16384,0.0014,7552
381,256,4,5,1,0,32768,0.0013,7506
382,256,4,5,1,0,65536,0.0014,7546
383,256,4,5,2,0,1024,0.0016,7862
384,256,4,5,2,0,2048,0.0016,7609
385,256,4,5,2,0,4096,0.0016,7736
386,256,4,5,2,0,16384,0.0017,7191
387,256,4,5,2,0,65536,0.0016,7413
388,256,4,5,3,0,2048,0.0015,7936
389,256,4,5,3,0,4096,0.0017,7865
390,256,4,5,3,0,8192,0.0016,7463
391,256,4,5,3,0,16384,0.0018,9320
392,256,4,5,3,0,32768,0.0018,9306
393,256,4,5,3,0,65536,0.0016,9337
394,256,4,6,1,0,1024,0.0014,7679
395,256,4,6,1,0,2048,0.0014,7769
396,256,4,6,1,0,4096,0.0013,7255
397,256,4,6,1,0,8192,0.0013,7603
398,256,4,6,1,0,16384,0.0012,7052
399,256,4,6,1,0,32768,0.0013,7454
400,256,4,6,2,0,1024,0.0009,7623
401,256,4,6,2,0,4096,0.001,8060
402,256,4,6,2,0,8192,0.001,7100
403,256,4,6,2,0,16384,0.001,7619
404,256,4,6,2,0,32768,0.0009,7491
405,256,4,6,2,0,65536,0.0009,7616
406,256,4,6,3,0,2048,0.0017,7935
407,256,4,6,3,0,16384,0.0018,7088
408,256,4,6,3,0,32768,0.0018,7262
409,256,4,6,3,0,65536,0.0016,7087
410,256,4,7,1,0,2048,0.0015,7389
411,256,4,7,1,0,4096,0.0016,7953
412,256,4,7,1,0,16384,0.0015,7110
413,256,4,7,1,0,32768,0.0015,7308
414,256,4,7,1,0,65536,0.0014,7034
415,256,4,7,2,0,2048,0.001,7832
416,256,4,7,2,0,4096,0.001,7775
417,256,4,7,2,0,8192,0.001,7110
418,256,4,7,2,0,32768,0.0009,7848
419,256,4,7,2,0,65536,0.0009,7676
420,256,4,7,3,0,1024,0.0018,9989
421,256,4,7,3,0,2048,0.0017,7629
422,256,4,7,3,0,4096,0.0015,7490
423,256,4,7,3,0,8192,0.0018,9443
424,256,4,7,3,0,16384,0.0015,7375
425,256,4,7,3,0,32768,0.0015,7379
426,256,4,7,3,0,65536,0.0015,7316
427,256,5,1,1,0,1024,0.0023,7580
428,256,5,1,1,0,2048,0.0022,7550
429,256,5,1,1,0,4096,0.0024,7386
430,256,5,1,1,0,8192,0.0024,7056
431,256,5,1,1,0,16384,0.0025,7057
432,256,5,1,1,0,32768,0.0023,7551
433,256,5,1,1,0,65536,0.0023,7530
434,256,5,1,2,0,1024,0.0019,7634
435,256,5,1,2,0,2048,0.0021,7708
436,256,5,1,2,0,4096,0.0019,7748
437,256,5,1,2,0,8192,0.0021,7435
438,256,5,1,2,0,32768,0.002,7409
439,256,5,1,2,0,65536,0.0021,7549
440,256,5,1,3,0,1024,0.0018,8297
441,256,5,1,3,0,2048,0.002,7868
442,256,5,1,3,0,8192,0.0019,7159
443,256,5,1,3,0,16384,0.0019,7059
444,256,5,1,3,0,32768,0.002,7104
445,256,5,1,3,0,65536,0.0019,7135
446,256,5,2,1,0,1024,0.0019,7737
447,256,5,2,1,0,4096,0.0021,7740
448,256,5,2,1,0,32768,0.002,7504
449,256,5,2,1,0,65536,0.002,7495
450,256,5,2,2,0,1024,0.0017,8050
451,256,5,2,2,0,2048,0.0017,7518
452,256,5,2,2,0,4096,0.0018,7525
453,256,5,2,2,0,16384,0.0017,7138
454,256,5,2,2,0,32768,0.0016,7154
455,256,5,2,3,0,1024,0.0016,8509
456,256,5,2,3,0,32768,0.0016,7071
457,256,5,2,3,0,65536,0.0016,7637
458,256,5,3,1,0,1024,0.0013,8151
459,256,5,3,1,0,2048,0.0014,8201
460,256,5,3,1,0,4096,0.0014,7610
461,256,5,3,1,0,8192,0.0013,7463
462,256,5,3,1,0,16384,0.0013,7527
463,256,5,3,1,0,32768,0.0013,7101
464,256,5,3,1,0,65536,0.0014,7538
465,256,5,3,2,0,1024,0.0018,8008
466,256,5,3,2,0,2048,0.0019,7833
467,256,5,3,2,0,4096,0.0018,7974
468,256,5,3,2,0,8192,0.0018,7401
469,256,5,3,2,0,16384,0.0018,7074
470,256,5,3,2,0,32768,0.0017,7440
471,256,5,3,2,0,65536,0.0018,7128
472,256,5,3,3,0,1024,0.0017,7793
473,256,5,3,3,0,4096,0.0017,7684
474,256,5,3,3,0,8192,0.0018,7476
475,256,5,3,3,0,16384,0.0017,7036
476,256,5,3,3,0,32768,0.0018,8067
477,256,5,3,3,0,65536,0.0016,7124
478,256,5,4,1,0,2048,0.0014,7909
479,256,5,4,1,0,4096,0.0014,7747
480,256,5,4,1,0,16384,0.0013,7083
481,256,5,4,1,0,32768,0.0014,7370
482,256,5,4,1,0,65536,0.0014,7569
483,256,5,4,2,0,1024,0.0017,8295
484,256,5,4,2,0,8192,0.0017,7644
485,256,5,4,2,0,65536,0.0016,7515
486,256,5,4,3,0,2048,0.0015,7484
487,256,5,4,3,0,4096,0.0016,7526
488,256,5,4,3,0,8192,0.0014,7301
489,256,5,4,3,0,16384,0.0015,7087
490,256,5,4,3,0,65536,0.0015,7212
491,256,5,5,1,0,4096,0.0014,7656
492,256,5,5,1,0,8192,0.0013,7188
493,256,5,5,1,0,16384,0.0014,7552
494,256,5,5,1,0,32768,0.0013,7506
495,256,5,5,1,0,65536,0.0014,7546
496,256,5,5,2,0,1024,0.0016,7862
497,256,5,5,2,0,2048,0.0016,7609
498,256,5,5,2,0,4096,0.0016,7736
499,256,5,5,2,0,8192,0.0017,7117
500,256,5,5,2,0,16384,0.0017,7191
501,256,5,5,2,0,32768,0.0016,7656
502,256,5,5,2,0,65536,0.0016,7413
503,256,5,5,3,0,4096,0.0017,7865
504,256,5,5,3,0,8192,0.0016,7463
505,256,5,5,3,0,16384,0.0018,9320
506,256,5,5,3,0,32768,0.0018,9306
507,256,5,5,3,0,65536,0.0016,9337
508,256,5,6,1,0,1024,0.0014,7679
509,256,5,6,1,0,2048,0.0014,7769
510,256,5,6,1,0,8192,0.0013,7603
511,256,5,6,1,0,16384,0.0012,7052
512,256,5,6,1,0,32768,0.0013,7454
513,256,5,6,2,0,1024,0.0009,7623
514,256,5,6,2,0,4096,0.001,8060
515,256,5,6,2,0,8192,0.001,7100
516,256,5,6,2,0,16384,0.001,7619
517,256,5,6,2,0,32768,0.0009,7491
518,256,5,6,2,0,65536,0.0009,7616
519,256,5,6,3,0,16384,0.0018,7088
520,256,5,6,3,0,65536,0.0017,7095
521,256,5,7,1,0,2048,0.0015,7389
522,256,5,7,1,0,4096,0.0016,7953
523,256,5,7,1,0,8192,0.0015,7135
524,256,5,7,1,0,16384,0.0015,7110
525,256,5,7,1,0,32768,0.0015,7308
526,256,5,7,1,0,65536,0.0014,7031
527,256,5,7,2,0,1024,0.0009,7657
528,256,5,7,2,0,2048,0.001,7832
529,256,5,7,2,0,4096,0.001,7775
530,256,5,7,2,0,8192,0.001,7110
531,256,5,7,2,0,65536,0.0009,7676
532,256,5,7,3,0,2048,0.0017,7629
533,256,5,7,3,0,4096,0.0015,7490
534,256,5,7,3,0,8192,0.0018,9443
535,256,5,7,3,0,16384,0.0015,7375
536,256,5,7,3,0,32768,0.0015,7379
537,256,5,7,3,0,65536,0.0015,7316
538,256,6,1,1,0,1024,0.0023,7580
539,256,6,1,1,0,4096,0.0024,7386
540,256,6,1,1,0,8192,0.0024,7056
541,256,6,1,1,0,16384,0.0025,7057
542,256,6,1,1,0,32768,0.0023,7551
543,256,6,1,1,0,65536,0.0023,7530
544,256,6,1,2,0,2048,0.0021,7708
545,256,6,1,2,0,4096,0.0019,7748
546,256,6,1,2,0,8192,0.0021,7435
547,256,6,1,2,0,16384,0.0021,7137
548,256,6,1,2,0,32768,0.002,7409
549,256,6,1,3,0,1024,0.0018,8297
550,256,6,1,3,0,2048,0.002,7868
551,256,6,1,3,0,16384,0.0019,7049
552,256,6,1,3,0,32768,0.002,7104
553,256,6,1,3,0,65536,0.002,7146
554,256,6,2,1,0,1024,0.0019,7737
555,256,6,2,1,0,2048,0.0021,8025
556,256,6,2,1,0,4096,0.0021,7740
557,256,6,2,1,0,32768,0.002,7504
558,256,6,2,1,0,65536,0.002,7495
559,256,6,2,2,0,1024,0.0017,8050
560,256,6,2,2,0,2048,0.0017,7518
561,256,6,2,2,0,4096,0.0018,7525
562,256,6,2,2,0,16384,0.0017,7138
563,256,6,2,2,0,32768,0.0016,7154
564,256,6,2,3,0,2048,0.0018,7987
565,256,6,2,3,0,4096,0.0016,7845
566,256,6,2,3,0,16384,0.0016,7064
567,256,6,2,3,0,32768,0.0016,7071
568,256,6,2,3,0,65536,0.0016,7637
569,256,6,3,1,0,2048,0.0014,8201
570,256,6,3,1,0,4096,0.0014,7610
571,256,6,3,1,0,8192,0.0013,7463
572,256,6,3,1,0,16384,0.0013,7527
573,256,6,3,1,0,32768,0.0013,7101
574,256,6,3,1,0,65536,0.0013,7524
575,256,6,3,2,0,1024,0.0018,8008
576,256,6,3,2,0,2048,0.0019,7833
577,256,6,3,2,0,4096,0.0018,7974
578,256,6,3,2,0,8192,0.0018,7401
579,256,6,3,2,0,16384,0.0018,7074
580,256,6,3,2,0,32768,0.0017,7440
581,256,6,3,3,0,1024,0.0017,7793
582,256,6,3,3,0,4096,0.0017,7684
583,256,6,3,3,0,16384,0.0017,7036
584,256,6,3,3,0,32768,0.0018,8067
585,256,6,3,3,0,65536,0.0016,7124
586,256,6,4,1,0,1024,0.0014,7988
587,256,6,4,1,0,2048,0.0014,7909
588,256,6,4,1,0,8192,0.0014,7701
589,256,6,4,1,0,32768,0.0014,7370
590,256,6,4,1,0,65536,0.0014,7569
591,256,6,4,2,0,1024,0.0017,8295
592,256,6,4,2,0,8192,0.0017,7644
593,256,6,4,2,0,65536,0.0016,7515
594,256,6,4,3,0,2048,0.0015,7484
595,256,6,4,3,0,4096,0.0016,7526
596,256,6,4,3,0,8192,0.0014,7301
597,256,6,4,3,0,16384,0.0015,7087
598,256,6,4,3,0,65536,0.0015,7212
599,256,6,5,1,0,1024,0.0014,8146
600,256,6,5,1,0,4096,0.0014,7656
601,256,6,5,1,0,8192,0.0013,7188
602,256,6,5,1,0,16384,0.0014,7552
603,256,6,5,1,0,32768,0.0013,7506
604,256,6,5,1,0,65536,0.0014,7546
605,256,6,5,2,0,1024,0.0016,7862
606,256,6,5,2,0,2048,0.0016,7609
607,256,6,5,2,0,4096,0.0016,7736
608,256,6,5,2,0,16384,0.0017,7191
609,256,6,5,2,0,65536,0.0016,7413
610,256,6,5,3,0,4096,0.0017,7865
611,256,6,5,3,0,8192,0.0016,7463
612,256,6,5,3,0,16384,0.0018,9320
613,256,6,5,3,0,32768,0.0018,9306
614,256,6,5,3,0,65536,0.0018,9334
615,256,6,6,1,0,1024,0.0014,7679
616,256,6,6,1,0,2048,0.0014,7769
617,256,6,6,1,0,4096,0.0013,7255
618,256,6,6,1,0,8192,0.0013,7603
619,256,6,6,1,0,16384,0.0012,7052
620,256,6,6,1,0,32768,0.0013,7454
621,256,6,6,1,0,65536,0.0013,7439
622,256,6,6,2,0,1024,0.0009,7623
623,256,6,6,2,0,4096,0.001,8060
624,256,6,6,2,0,8192,0.001,7100
625,256,6,6,2,0,16384,0.001,7619
626,256,6,6,2,0,32768,0.0009,7491
627,256,6,6,2,0,65536,0.0009,7616
628,256,6,6,3,0,4096,0.0017,7265
629,256,6,6,3,0,16384,0.0018,7088
630,256,6,6,3,0,32768,0.0018,7262
631,256,6,6,3,0,65536,0.0016,7087
632,256,6,7,1,0,2048,0.0015,7389
633,256,6,7,1,0,4096,0.0016,7953
634,256,6,7,1,0,8192,0.0015,7135
635,256,6,7,1,0,16384,0.0015,7110
636,256,6,7,1,0,65536,0.0014,7034
637,256,6,7,2,0,1024,0.0009,7651
638,256,6,7,2,0,2048,0.001,7832
639,256,6,7,2,0,4096,0.001,7775
640,256,6,7,2,0,8192,0.001,7110
641,256,6,7,2,0,65536,0.0009,7676
642,256,6,7,3,0,2048,0.0017,7629
643,256,6,7,3,0,8192,0.0018,9443
644,256,6,7,3,0,16384,0.0015,7390
645,256,6,7,3,0,32768,0.0015,7379
646,256,6,7,3,0,65536,0.0015,7316
647,256,7,1,1,0,1024,0.0023,7580
648,256,7,1,1,0,2048,0.0022,7550
649,256,7,1,1,0,4096,0.0024,7386
650,256,7,1,1,0,8192,0.0024,7056
651,256,7,1,1,0,16384,0.0025,7057
652,256,7,1,1,0,65536,0.0023,7530
653,256,7,1,2,0,2048,0.0021,7708
654,256,7,1,2,0,4096,0.0019,7748
655,256,7,1,2,0,8192,0.0021,7435
656,256,7,1,2,0,16384,0.0021,7137
657,256,7,1,2,0,32768,0.002,7409
658,256,7,1,2,0,65536,0.0021,7549
659,256,7,1,3,0,1024,0.0018,8297
660,256,7,1,3,0,2048,0.002,7868
661,256,7,1,3,0,16384,0.0019,7049
662,256,7,1,3,0,32768,0.002,7104
663,256,7,1,3,0,65536,0.0019,7135
664,256,7,2,1,0,1024,0.0019,7737
665,256,7,2,1,0,4096,0.0021,7740
666,256,7,2,1,0,8192,0.002,7639
667,256,7,2,1,0,16384,0.002,7524
668,256,7,2,1,0,32768,0.002,7504
669,256,7,2,1,0,65536,0.002,7495
670,256,7,2,2,0,1024,0.0017,8050
671,256,7,2,2,0,2048,0.0017,7518
672,256,7,2,2,0,4096,0.0018,7525
673,256,7,2,2,0,16384,0.0017,7138
674,256,7,2,2,0,32768,0.0016,7154
675,256,7,2,2,0,65536,0.0016,7085
676,256,7,2,3,0,1024,0.0016,8509
677,256,7,2,3,0,16384,0.0016,7064
678,256,7,2,3,0,32768,0.0016,7071
679,256,7,2,3,0,65536,0.0016,7637
680,256,7,3,1,0,2048,0.0014,8201
681,256,7,3,1,0,4096,0.0014,7610
682,256,7,3,1,0,8192,0.0013,7463
683,256,7,3,1,0,16384,0.0013,7527
684,256,7,3,1,0,32768,0.0013,7101
685,256,7,3,1,0,65536,0.0013,7524
686,256,7,3,2,0,2048,0.0019,7833
687,256,7,3,2,0,4096,0.0018,7974
688,256,7,3,2,0,8192,0.0018,7401
689,256,7,3,2,0,16384,0.0018,7074
690,256,7,3,2,0,32768,0.0017,7440
691,256,7,3,3,0,1024,0.0017,7793
692,256,7,3,3,0,4096,0.0017,7684
693,256,7,3,3,0,8192,0.0018,7476
694,256,7,3,3,0,16384,0.0017,7036
695,256,7,3,3,0,65536,0.0016,7124
696,256,7,4,1,0,8192,0.0014,7701
697,256,7,4,1,0,16384,0.0013,7083
698,256,7,4,1,0,32768,0.0014,7370
699,256,7,4,1,0,65536,0.0014,7569
700,256,7,4,2,0,1024,0.0017,8295
701,256,7,4,2,0,2048,0.0018,8148
702,256,7,4,2,0,8192,0.0017,7644
703,256,7,4,2,0,32768,0.0017,7068
704,256,7,4,2,0,65536,0.0016,7515
705,256,7,4,3,0,8192,0.0014,7301
706,256,7,4,3,0,16384,0.0015,7087
707,256,7,4,3,0,65536,0.0015,7212
708,256,7,5,1,0,2048,0.0013,7422
709,256,7,5,1,0,4096,0.0014,7656
710,256,7,5,1,0,8192,0.0013,7188
711,256,7,5,1,0,16384,0.0014,7552
712,256,7,5,1,0,32768,0.0013,7506
713,256,7,5,1,0,65536,0.0014,7546
714,256,7,5,2,0,1024,0.0016,7862
715,256,7,5,2,0,2048,0.0016,7609
716,256,7,5,2,0,4096,0.0016,7736
717,256,7,5,2,0,16384,0.0017,7191
718,256,7,5,2,0,32768,0.0016,7656
719,256,7,5,2,0,65536,0.0016,7413
720,256,7,5,3,0,4096,0.0017,7865
721,256,7,5,3,0,8192,0.0016,7463
722,256,7,5,3,0,16384,0.0018,9320
723,256,7,5,3,0,32768,0.0018,9306
724,256,7,5,3,0,65536,0.0016,9337
725,256,7,6,1,0,1024,0.0014,7679
726,256,7,6,1,0,2048,0.0014,7769
727,256,7,6,1,0,4096,0.0013,7255
728,256,7,6,1,0,8192,0.0013,7603
729,256,7,6,1,0,16384,0.0012,7052
730,256,7,6,1,0,32768,0.0013,7454
731,256,7,6,2,0,1024,0.0009,7623
732,256,7,6,2,0,4096,0.001,8060
733,256,7,6,2,0,8192,0.001,7100
734,256,7,6,2,0,16384,0.001,7619
735,256,7,6,2,0,32768,0.0009,7491
736,256,7,6,2,0,65536,0.0009,7616
737,256,7,6,3,0,2048,0.0017,7935
738,256,7,6,3,0,16384,0.0018,7088
739,256,7,6,3,0,65536,0.0016,7087
740,256,7,7,1,0,2048,0.0015,7389
741,256,7,7,1,0,4096,0.0016,7953
742,256,7,7,1,0,65536,0.0014,7034
743,256,7,7,2,0,2048,0.001,7832
744,256,7,7,2,0,4096,0.001,7775
745,256,7,7,2,0,8192,0.001,7110
746,256,7,7,2,0,65536,0.0009,7676
747,256,7,7,3,0,2048,0.0017,7629
748,256,7,7,3,0,8192,0.0018,9443
749,256,7,7,3,0,16384,0.0015,7375
750,256,7,7,3,0,32768,0.0015,7379
751,256,7,7,3,0,65536,0.0015,7316
752,256,8,1,1,0,1024,0.0023,7580
753,256,8,1,1,0,4096,0.0024,7386
754,256,8,1,1,0,8192,0.0024,7056
755,256,8,1,1,0,16384,0.0025,7057
756,256,8,1,1,0,32768,0.0023,7551
757,256,8,1,1,0,65536,0.0023,7530
758,256,8,1,2,0,2048,0.0021,7708
759,256,8,1,2,0,4096,0.0019,7748
760,256,8,1,2,0,8192,0.0021,7435
761,256,8,1,2,0,16384,0.0021,7137
762,256,8,1,2,0,32768,0.002,7409
763,256,8,1,2,0,65536,0.0021,7549
764,256,8,1,3,0,1024,0.0018,8297
765,256,8,1,3,0,2048,0.002,7868
766,256,8,1,3,0,16384,0.0019,7049
767,256,8,1,3,0,32768,0.002,7104
768,256,8,1,3,0,65536,0.0019,7135
769,256,8,2,1,0,1024,0.0019,7737
770,256,8,2,1,0,4096,0.0021,7740
771,256,8,2,1,0,32768,0.002,7504
772,256,8,2,1,0,65536,0.002,7495
773,256,8,2,2,0,1024,0.0017,8050
774,256,8,2,2,0,2048,0.0017,7518
775,256,8,2,2,0,4096,0.0018,7525
776,256,8,2,2,0,16384,0.0017,7138
777,256,8,2,2,0,32768,0.0016,7154
778,256,8,2,3,0,1024,0.0016,8509
779,256,8,2,3,0,32768,0.0016,7071
780,256,8,2,3,0,65536,0.0016,7637
781,256,8,3,1,0,2048,0.0014,8201
782,256,8,3,1,0,4096,0.0014,7610
783,256,8,3,1,0,8192,0.0013,7463
784,256,8,3,1,0,32768,0.0013,7101
785,256,8,3,1,0,65536,0.0013,7524
786,256,8,3,2,0,1024,0.0018,8008
787,256,8,3,2,0,2048,0.0019,7833
788,256,8,3,2,0,4096,0.0018,7974
789,256,8,3,2,0,8192,0.0018,7401
790,256,8,3,2,0,16384,0.0018,7074
791,256,8,3,2,0,32768,0.0017,7440
792,256,8,3,3,0,1024,0.0017,7793
793,256,8,3,3,0,4096,0.0017,7684
794,256,8,3,3,0,8192,0.0018,7476
795,256,8,3,3,0,16384,0.0017,7036
796,256,8,3,3,0,65536,0.0016,7124
797,256,8,4,1,0,2048,0.0014,7909
798,256,8,4,1,0,8192,0.0014,7701
799,256,8,4,1,0,65536,0.0014,7569
800,256,8,4,2,0,1024,0.0017,8295
801,256,8,4,2,0,4096,0.0018,7621
802,256,8,4,2,0,8192,0.0017,7644
803,256,8,4,2,0,65536,0.0016,7515
804,256,8,4,3,0,8192,0.0014,7301
805,256,8,4,3,0,16384,0.0015,7087
806,256,8,4,3,0,65536,0.0015,7212
807,256,8,5,1,0,1024,0.0014,8146
808,256,8,5,1,0,2048,0.0013,7422
809,256,8,5,1,0,4096,0.0014,7656
810,256,8,5,1,0,8192,0.0013,7188
811,256,8,5,1,0,16384,0.0014,7552
812,256,8,5,1,0,32768,0.0013,7506
813,256,8,5,1,0,65536,0.0014,7546
814,256,8,5,2,0,1024,0.0016,7862
815,256,8,5,2,0,2048,0.0016,7609
816,256,8,5,2,0,4096,0.0016,7736
817,256,8,5,2,0,16384,0.0017,7191
818,256,8,5,2,0,32768,0.0016,7656
819,256,8,5,2,0,65536,0.0016,7413
820,256,8,5,3,0,4096,0.0017,7865
821,256,8,5,3,0,16384,0.0018,9322
822,256,8,5,3,0,32768,0.0018,9306
823,256,8,5,3,0,65536,0.0016,9337
824,256,8,6,1,0,1024,0.0014,7679
825,256,8,6,1,0,2048,0.0014,7769
826,256,8,6,1,0,8192,0.0014,7603
827,256,8,6,1,0,16384,0.0012,7052
828,256,8,6,1,0,32768,0.0013,7454
829,256,8,6,2,0,1024,0.0009,7623
830,256,8,6,2,0,2048,0.001,7797
831,256,8,6,2,0,4096,0.001,8060
832,256,8,6,2,0,8192,0.001,7100
833,256,8,6,2,0,16384,0.001,7619
834,256,8,6,2,0,32768,0.0009,7491
835,256,8,6,2,0,65536,0.0009,7616
836,256,8,6,3,0,2048,0.0017,7935
837,256,8,6,3,0,16384,0.0018,7088
838,256,8,6,3,0,65536,0.0016,7087
839,256,8,7,1,0,2048,0.0015,7389
840,256,8,7,1,0,4096,0.0016,7953
841,256,8,7,1,0,8192,0.0015,7135
842,256,8,7,1,0,16384,0.0015,7110
843,256,8,7,1,0,32768,0.0015,7308
844,256,8,7,1,0,65536,0.0014,7034
845,256,8,7,2,0,2048,0.001,7832
846,256,8,7,2,0,4096,0.001,7775
847,256,8,7,2,0,8192,0.001,7110
848,256,8,7,2,0,16384,0.001,6994
849,256,8,7,2,0,65536,0.0009,7676
850,256,8,7,3,0,2048,0.0017,7629
851,256,8,7,3,0,8192,0.0018,9443
852,256,8,7,3,0,16384,0.0015,7390
853,256,8,7,3,0,32768,0.0015,7379
854,256,8,7,3,0,65536,0.0015,7316
855,256,9,1,1,0,1024,0.0023,7580
856,256,9,1,1,0,2048,0.0022,7550
857,256,9,1,1,0,4096,0.0024,7386
858,256,9,1,1,0,16384,0.0025,7057
859,256,9,1,1,0,65536,0.0023,7530
860,256,9,1,2,0,2048,0.0021,7708
861,256,9,1,2,0,4096,0.0019,7748
862,256,9,1,2,0,8192,0.0021,7435
863,256,9,1,2,0,16384,0.0021,7137
864,256,9,1,2,0,32768,0.002,7409
865,256,9,1,2,0,65536,0.0021,7549
866,256,9,1,3,0,1024,0.0018,8297
867,256,9,1,3,0,2048,0.002,7868
868,256,9,1,3,0,16384,0.0019,7049
869,256,9,1,3,0,32768,0.002,7104
870,256,9,1,3,0,65536,0.0019,7135
871,256,9,2,1,0,1024,0.0019,7737
872,256,9,2,1,0,16384,0.002,7524
873,256,9,2,1,0,32768,0.002,7504
874,256,9,2,1,0,65536,0.002,7495
875,256,9,2,2,0,1024,0.0017,8050
876,256,9,2,2,0,2048,0.0017,7518
877,256,9,2,2,0,4096,0.0018,7525
878,256,9,2,2,0,8192,0.0018,7261
879,256,9,2,2,0,16384,0.0017,7138
880,256,9,2,2,0,32768,0.0016,7154
881,256,9,2,3,0,1024,0.0016,8509
882,256,9,2,3,0,8192,0.0016,7236
883,256,9,2,3,0,32768,0.0016,7071
884,256,9,2,3,0,65536,0.0016,7637
885,256,9,3,1,0,2048,0.0014,8201
886,256,9,3,1,0,4096,0.0014,7610
887,256,9,3,1,0,8192,0.0013,7463
888,256,9,3,1,0,32768,0.0013,7101
889,256,9,3,1,0,65536,0.0013,7524
890,256,9,3,2,0,2048,0.0019,7833
891,256,9,3,2,0,4096,0.0018,7974
892,256,9,3,2,0,8192,0.0018,7401
893,256,9,3,2,0,16384,0.0018,7074
894,256,9,3,2,0,32768,0.0017,7440
895,256,9,3,3,0,1024,0.0017,7793
896,256,9,3,3,0,4096,0.0017,7684
897,256,9,3,3,0,16384,0.0017,7036
898,256,9,3,3,0,65536,0.0016,7124
899,256,9,4,1,0,1024,0.0014,7988
900,256,9,4,1,0,2048,0.0014,7909
901,256,9,4,1,0,4096,0.0014,7747
902,256,9,4,1,0,8192,0.0014,7701
903,256,9,4,1,0,65536,0.0014,7569
904,256,9,4,2,0,1024,0.0017,8295
905,256,9,4,2,0,8192,0.0017,7644
906,256,9,4,2,0,65536,0.0016,7515
907,256,9,4,3,0,2048,0.0015,7484
908,256,9,4,3,0,8192,0.0014,7301
909,256,9,4,3,0,16384,0.0015,7087
910,256,9,4,3,0,65536,0.0015,7212
911,256,9,5,1,0,1024,0.0014,8146
912,256,9,5,1,0,4096,0.0014,7656
913,256,9,5,1,0,8192,0.0013,7188
914,256,9,5,1,0,16384,0.0014,7552
915,256,9,5,1,0,32768,0.0013,7506
916,256,9,5,1,0,65536,0.0014,7546
917,256,9,5,2,0,1024,0.0016,7862
918,256,9,5,2,0,2048,0.0016,7609
919,256,9,5,2,0,4096,0.0016,7736
920,256,9,5,2,0,16384,0.0017,7191
921,256,9,5,2,0,65536,0.0016,7413
922,256,9,5,3,0,4096,0.0017,7865
923,256,9,5,3,0,8192,0.0016,7463
924,256,9,5,3,0,16384,0.0018,9320
925,256,9,5,3,0,32768,0.0018,9306
926,256,9,5,3,0,65536,0.0016,9337
927,256,9,6,1,0,1024,0.0014,7679
928,256,9,6,1,0,2048,0.0013,7385
929,256,9,6,1,0,4096,0.0013,7255
930,256,9,6,1,0,8192,0.0013,7603
931,256,9,6,1,0,16384,0.0012,7052
932,256,9,6,1,0,32768,0.0013,7454
933,256,9,6,2,0,1024,0.0009,7623
934,256,9,6,2,0,4096,0.001,8060
935,256,9,6,2,0,8192,0.001,7100
936,256,9,6,2,0,16384,0.001,7619
937,256,9,6,2,0,32768,0.0009,7491
938,256,9,6,2,0,65536,0.0009,7616
939,256,9,6,3,0,1024,0.0018,7898
940,256,9,6,3,0,16384,0.0018,7088
941,256,9,6,3,0,65536,0.0016,7087
942,256,9,7,1,0,2048,0.0015,7389
943,256,9,7,1,0,16384,0.0015,7110
944,256,9,7,1,0,65536,0.0014,7034
945,256,9,7,2,0,2048,0.001,7832
946,256,9,7,2,0,4096,0.001,7775
947,256,9,7,2,0,8192,0.001,7110
948,256,9,7,2,0,65536,0.0009,7676
949,256,9,7,3,0,2048,0.0016,7628
950,256,9,7,3,0,8192,0.0018,9443
951,256,9,7,3,0,16384,0.0015,7375
952,256,9,7,3,0,32768,0.0015,7379
953,256,9,7,3,0,65536,0.0015,7316
954,256,10,1,1,0,1024,0.0023,7580
955,256,10,1,1,0,2048,0.0022,7550
956,256,10,1,1,0,4096,0.0024,7386
957,256,10,1,1,0,8192,0.0024,7056
958,256,10,1,1,0,16384,0.0025,7057
959,256,10,1,1,0,65536,0.0023,7530
960,256,10,1,2,0,2048,0.0021,7708
961,256,10,1,2,0,4096,0.0019,7748
962,256,10,1,2,0,8192,0.0021,7435
963,256,10,1,2,0,16384,0.0021,7137
964,256,10,1,2,0,32768,0.002,7409
965,256,10,1,2,0,65536,0.0021,7555
966,256,10,1,3,0,1024,0.0018,8297
967,256,10,1,3,0,2048,0.002,7868
968,256,10,1,3,0,16384,0.0019,7049
969,256,10,1,3,0,32768,0.002,7104
970,256,10,1,3,0,65536,0.0019,7135
971,256,10,2,1,0,1024,0.0019,7737
972,256,10,2,1,0,32768,0.002,7504
973,256,10,2,1,0,65536,0.002,7495
974,256,10,2,2,0,1024,0.0017,8050
975,256,10,2,2,0,2048,0.0017,7518
976,256,10,2,2,0,4096,0.0018,7525
977,256,10,2,2,0,8192,0.0018,7261
978,256,10,2,2,0,16384,0.0017,7138
979,256,10,2,2,0,32768,0.0016,7154
980,256,10,2,3,0,1024,0.0016,8509
981,256,10,2,3,0,4096,0.0016,7845
982,256,10,2,3,0,32768,0.0016,7071
983,256,10,2,3,0,65536,0.0016,7637
984,256,10,3,1,0,1024,0.0013,8151
985,256,10,3,1,0,2048,0.0014,8201
986,256,10,3,1,0,4096,0.0014,7610
987,256,10,3,1,0,8192,0.0013,7463
988,256,10,3,1,0,32768,0.0013,7101
989,256,10,3,1,0,65536,0.0013,7524
990,256,10,3,2,0,1024,0.0018,8008
991,256,10,3,2,0,2048,0.0019,7833
992,256,10,3,2,0,4096,0.0018,7974
993,256,10,3,2,0,8192,0.0018,7401
994,256,10,3,2,0,16384,0.0019,7071
995,256,10,3,2,0,32768,0.0017,7440
996,256,10,3,3,0,1024,0.0017,7793
997,256,10,3,3,0,2048,0.0017,7395
998,256,10,3,3,0,4096,0.0017,7684
999,256,10,3,3,0,16384,0.0017,7036
1000,256,10,3,3,0,65536,0.0016,7124
1001,256,10,4,1,0,1024,0.0014,7988
1002,256,10,4,1,0,2048,0.0014,7909
1003,256,10,4,1,0,65536,0.0014,7569
1004,256,10,4,2,0,1024,0.0017,8295
1005,256,10,4,2,0,8192,0.0017,7644
1006,256,10,4,2,0,32768,0.0017,7081
1007,256,10,4,2,0,65536,0.0016,7515
1008,256,10,4,3,0,1024,0.0015,7721
1009,256,10,4,3,0,8192,0.0014,7301
1010,256,10,4,3,0,16384,0.0015,7081
1011,256,10,4,3,0,65536,0.0015,7212
1012,256,10,5,1,0,4096,0.0014,7656
1013,256,10,5,1,0,8192,0.0013,7188
1014,256,10,5,1,0,16384,0.0014,7552
1015,256,10,5,1,0,32768,0.0013,7506
1016,256,10,5,1,0,65536,0.0014,7546
1017,256,10,5,2,0,1024,0.0016,7862
1018,256,10,5,2,0,2048,0.0016,7609
1019,256,10,5,2,0,4096,0.0016,7736
1020,256,10,5,2,0,16384,0.0017,7191
1021,256,10,5,2,0,65536,0.0016,7413
1022,256,10,5,3,0,4096,0.0017,7865
1023,256,10,5,3,0,8192,0.0016,7472
1024,256,10,5,3,0,16384,0.0018,9320
1025,256,10,5,3,0,32768,0.0018,9306
1026,256,10,5,3,0,65536,0.0016,9337
1027,256,10,6,1,0,1024,0.0014,7679
1028,256,10,6,1,0,2048,0.0014,7769
1029,256,10,6,1,0,4096,0.0013,7255
1030,256,10,6,1,0,8192,0.0013,7603
1031,256,10,6,1,0,16384,0.0012,7052
1032,256,10,6,1,0,32768,0.0013,7454
1033,256,10,6,1,0,65536,0.0013,7439
1034,256,10,6,2,0,1024,0.0009,7623
1035,256,10,6,2,0,2048,0.001,7797
1036,256,10,6,2,0,4096,0.001,8060
1037,256,10,6,2,0,8192,0.001,7100
1038,256,10,6,2,0,16384,0.001,7619
1039,256,10,6,2,0,32768,0.0009,7491
1040,256,10,6,2,0,65536,0.0009,7616
1041,256,10,6,3,0,2048,0.0017,7935
1042,256,10,6,3,0,8192,0.0017,7600
1043,256,10,6,3,0,16384,0.0018,7079
1044,256,10,6,3,0,65536,0.0016,7087
1045,256,10,7,1,0,2048,0.0015,7389
1046,256,10,7,1,0,4096,0.0016,7953
1047,256,10,7,1,0,16384,0.0015,7110
1048,256,10,7,1,0,65536,0.0014,7034
1049,256,10,7,2,0,2048,0.001,7832
1050,256,10,7,2,0,4096,0.001,7775
1051,256,10,7,2,0,8192,0.001,7110
1052,256,10,7,2,0,32768,0.0009,7848
1053,256,10,7,2,0,65536,0.0009,7676
1054,256,10,7,3,0,2048,0.0017,7629
1055,256,10,7,3,0,8192,0.0018,9443
1056,256,10,7,3,0,16384,0.0015,7375
1057,256,10,7,3,0,32768,0.0015,7379
1058,256,10,7,3,0,65536,0.0015,7316
1059,256,11,1,1,0,1024,0.0023,7580
1060,256,11,1,1,0,2048,0.0022,7550
1061,256,11,1,1,0,4096,0.0024,7386
1062,256,11,1,1,0,8192,0.0024,7056
1063,256,11,1,1,0,16384,0.0025,7057
1064,256,11,1,1,0,32768,0.0023,7551
1065,256,11,1,1,0,65536,0.0023,7530
1066,256,11,1,2,0,2048,0.0021,7708
1067,256,11,1,2,0,4096,0.0019,7748
1068,256,11,1,2,0,16384,0.0021,7137
1069,256,11,1,2,0,32768,0.002,7409
1070,256,11,1,2,0,65536,0.0021,7549
1071,256,11,1,3,0,1024,0.0018,8297
1072,256,11,1,3,0,2048,0.002,7868
1073,256,11,1,3,0,16384,0.0019,7049
1074,256,11,1,3,0,32768,0.002,7104
1075,256,11,1,3,0,65536,0.0019,7135
1076,256,11,2,1,0,1024,0.0019,7737
1077,256,11,2,1,0,2048,0.0021,8025
1078,256,11,2,1,0,4096,0.0021,7740
1079,256,11,2,1,0,32768,0.002,7504
1080,256,11,2,1,0,65536,0.002,7495
1081,256,11,2,2,0,1024,0.0017,8050
1082,256,11,2,2,0,2048,0.0017,7518
1083,256,11,2,2,0,4096,0.0018,7525
1084,256,11,2,2,0,8192,0.0018,7261
1085,256,11,2,2,0,16384,0.0017,7138
1086,256,11,2,2,0,32768,0.0016,7154
1087,256,11,2,3,0,2048,0.0018,7987
1088,256,11,2,3,0,32768,0.0016,7071
1089,256,11,2,3,0,65536,0.0016,7637
1090,256,11,3,1,0,2048,0.0014,8201
1091,256,11,3,1,0,4096,0.0014,7610
1092,256,11,3,1,0,8192,0.0013,7463
1093,256,11,3,1,0,32768,0.0013,7101
1094,256,11,3,1,0,65536,0.0013,7524
1095,256,11,3,2,0,2048,0.0019,7833
1096,256,11,3,2,0,8192,0.0018,7401
1097,256,11,3,2,0,16384,0.0018,7074
1098,256,11,3,2,0,32768,0.0017,7440
1099,256,11,3,3,0,1024,0.0017,7793
1100,256,11,3,3,0,4096,0.0017,7684
1101,256,11,3,3,0,16384,0.0017,7036
1102,256,11,3,3,0,65536,0.0016,7124
1103,256,11,4,1,0,2048,0.0014,7909
1104,256,11,4,1,0,8192,0.0014,7701
1105,256,11,4,1,0,65536,0.0014,7569
1106,256,11,4,2,0,1024,0.0017,8295
1107,256,11,4,2,0,8192,0.0017,7644
1108,256,11,4,2,0,65536,0.0016,7515
1109,256,11,4,3,0,2048,0.0015,7484
1110,256,11,4,3,0,4096,0.0016,7526
1111,256,11,4,3,0,8192,0.0014,7301
1112,256,11,4,3,0,16384,0.0015,7087
1113,256,11,4,3,0,65536,0.0015,7212
1114,256,11,5,1,0,1024,0.0014,8146
1115,256,11,5,1,0,4096,0.0014,7656
1116,256,11,5,1,0,8192,0.0013,7188
1117,256,11,5,1,0,16384,0.0014,7552
1118,256,11,5,1,0,32768,0.0013,7506
1119,256,11,5,1,0,65536,0.0014,7546
1120,256,11,5,2,0,1024,0.0016,7862
1121,256,11,5,2,0,2048,0.0016,7609
1122,256,11,5,2,0,4096,0.0016,7736
1123,256,11,5,2,0,16384,0.0017,7191
1124,256,11,5,2,0,32768,0.0016,7656
1125,256,11,5,2,0,65536,0.0016,7413
1126,256,11,5,3,0,4096,0.0017,7865
1127,256,11,5,3,0,8192,0.0016,7463
1128,256,11,5,3,0,16384,0.0018,9320
1129,256,11,5,3,0,32768,0.0018,9306
1130,256,11,5,3,0,65536,0.0016,9337
1131,256,11,6,1,0,1024,0.0014,7679
1132,256,11,6,1,0,2048,0.0013,7385
1133,256,11,6,1,0,8192,0.0013,7603
1134,256,11,6,1,0,16384,0.0012,7052
1135,256,11,6,1,0,32768,0.0013,7454
1136,256,11,6,2,0,1024,0.0009,7623
1137,256,11,6,2,0,4096,0.001,8060
1138,256,11,6,2,0,8192,0.001,7100
1139,256,11,6,2,0,16384,0.001,7619
1140,256,11,6,2,0,32768,0.0009,7491
1141,256,11,6,2,0,65536,0.0009,7616
1142,256,11,6,3,0,16384,0.0018,7088
1143,256,11,6,3,0,65536,0.0016,7087
1144,256,11,7,1,0,1024,0.0015,7677
1145,256,11,7,1,0,2048,0.0015,7389
1146,256,11,7,1,0,16384,0.0015,7110
1147,256,11,7,1,0,65536,0.0014,7034
1148,256,11,7,2,0,1024,0.0009,7657
1149,256,11,7,2,0,2048,0.001,7832
1150,256,11,7,2,0,4096,0.001,7775
1151,256,11,7,2,0,8192,0.001,7110
1152,256,11,7,2,0,16384,0.001,6994
1153,256,11,7,2,0,65536,0.0009,7676
1154,256,11,7,3,0,1024,0.0018,9989
1155,256,11,7,3,0,2048,0.0017,7629
1156,256,11,7,3,0,4096,0.0015,7490
1157,256,11,7,3,0,8192,0.0018,9443
1158,256,11,7,3,0,16384,0.0015,7375
1159,256,11,7,3,0,32768,0.0015,7379
1160,256,11,7,3,0,65536,0.0015,7316
1161,256,12,1,1,0,1024,0.0023,7580
1162,256,12,1,1,0,2048,0.0022,7550
1163,256,12,1,1,0,4096,0.0024,7386
1164,256,12,1,1,0,16384,0.0025,7057
1165,256,12,1,1,0,32768,0.0023,7551
1166,256,12,1,1,0,65536,0.0023,7530
1167,256,12,1,2,0,2048,0.0021,7708
1168,256,12,1,2,0,4096,0.0019,7748
1169,256,12,1,2,0,16384,0.0021,7137
1170,256,12,1,2,0,32768,0.002,7409
1171,256,12,1,2,0,65536,0.0021,7549
1172,256,12,1,3,0,1024,0.0018,8297
1173,256,12,1,3,0,2048,0.002,7868
1174,256,12,1,3,0,16384,0.0019,7049
1175,256,12,1,3,0,32768,0.002,7104
1176,256,12,1,3,0,65536,0.0019,7135
1177,256,12,2,1,0,1024,0.0019,7737
1178,256,12,2,1,0,2048,0.0021,8025
1179,256,12,2,1,0,4096,0.0021,7740
1180,256,12,2,1,0,16384,0.002,7524
1181,256,12,2,1,0,32768,0.002,7504
1182,256,12,2,1,0,65536,0.002,7495
1183,256,12,2,2,0,1024,0.0017,8050
1184,256,12,2,2,0,2048,0.0017,7518
1185,256,12,2,2,0,4096,0.0018,7525
1186,256,12,2,2,0,16384,0.0017,7138
1187,256,12,2,2,0,32768,0.0016,7154
1188,256,12,2,3,0,1024,0.0016,8509
1189,256,12,2,3,0,32768,0.0016,7071
1190,256,12,2,3,0,65536,0.0016,7637
1191,256,12,3,1,0,1024,0.0013,8151
1192,256,12,3,1,0,2048,0.0014,8201
1193,256,12,3,1,0,4096,0.0014,7610
1194,256,12,3,1,0,8192,0.0013,7463
1195,256,12,3,1,0,16384,0.0013,7527
1196,256,12,3,1,0,32768,0.0013,7101
1197,256,12,3,1,0,65536,0.0013,7524
1198,256,12,3,2,0,1024,0.0018,8008
1199,256,12,3,2,0,2048,0.0019,7833
1200,256,12,3,2,0,4096,0.0018,7974
1201,256,12,3,2,0,8192,0.0018,7401
1202,256,12,3,2,0,16384,0.0018,7074
1203,256,12,3,2,0,32768,0.0017,7440
1204,256,12,3,3,0,1024,0.0017,7793
1205,256,12,3,3,0,4096,0.0017,7684
1206,256,12,3,3,0,8192,0.0018,7476
1207,256,12,3,3,0,16384,0.0017,7036
1208,256,12,3,3,0,65536,0.0016,7124
1209,256,12,4,1,0,1024,0.0014,7988
1210,256,12,4,1,0,2048,0.0014,7909
1211,256,12,4,1,0,4096,0.0014,7747
1212,256,12,4,1,0,8192,0.0014,7701
1213,256,12,4,1,0,32768,0.0014,7370
1214,256,12,4,1,0,65536,0.0014,7569
1215,256,12,4,2,0,1024,0.0017,8295
1216,256,12,4,2,0,8192,0.0017,7644
1217,256,12,4,2,0,65536,0.0016,7515
1218,256,12,4,3,0,1024,0.0015,7721
1219,256,12,4,3,0,8192,0.0014,7301
1220,256,12,4,3,0,16384,0.0015,7087
1221,256,12,4,3,0,32768,0.0015,7405
1222,256,12,4,3,0,65536,0.0015,7212
1223,256,12,5,1,0,1024,0.0014,8146
1224,256,12,5,1,0,4096,0.0014,7661
1225,256,12,5,1,0,8192,0.0013,7188
1226,256,12,5,1,0,16384,0.0014,7552
1227,256,12,5,1,0,32768,0.0013,7506
1228,256,12,5,1,0,65536,0.0014,7546
1229,256,12,5,2,0,1024,0.0016,7862
1230,256,12,5,2,0,2048,0.0016,7609
1231,256,12,5,2,0,4096,0.0016,7736
1232,256,12,5,2,0,8192,0.0017,7117
1233,256,12,5,2,0,16384,0.0016,7175
1234,256,12,5,2,0,32768,0.0016,7666
1235,256,12,5,2,0,65536,0.0016,7413
1236,256,12,5,3,0,4096,0.0017,7865
1237,256,12,5,3,0,8192,0.0016,7463
1238,256,12,5,3,0,16384,0.0018,9320
1239,256,12,5,3,0,32768,0.0018,9306
1240,256,12,5,3,0,65536,0.0016,9337
1241,256,12,6,1,0,1024,0.0014,7679
1242,256,12,6,1,0,2048,0.0014,7769
1243,256,12,6,1,0,4096,0.0013,7255
1244,256,12,6,1,0,8192,0.0013,7603
1245,256,12,6,1,0,16384,0.0012,7052
1246,256,12,6,1,0,32768,0.0013,7454
1247,256,12,6,2,0,1024,0.0009,7623
1248,256,12,6,2,0,4096,0.001,8060
1249,256,12,6,2,0,8192,0.001,7100
1250,256,12,6,2,0,16384,0.001,7619
1251,256,12,6,2,0,32768,0.0009,7491
1252,256,12,6,2,0,65536,0.0009,7616
1253,256,12,6,3,0,4096,0.0017,7265
1254,256,12,6,3,0,8192,0.0017,7600
1255,256,12,6,3,0,16384,0.0018,7088
1256,256,12,6,3,0,65536,0.0016,7087
1257,256,12,7,1,0,1024,0.0015,7677
1258,256,12,7,1,0,2048,0.0015,7389
1259,256,12,7,1,0,4096,0.0016,7953
1260,256,12,7,1,0,16384,0.0015,7110
1261,256,12,7,1,0,32768,0.0015,7308
1262,256,12,7,1,0,65536,0.0014,7034
1263,256,12,7,2,0,2048,0.001,7832
1264,256,12,7,2,0,8192,0.001,7110
1265,256,12,7,2,0,65536,0.0009,7676
1266,256,12,7,3,0,2048,0.0017,7629
1267,256,12,7,3,0,4096,0.0015,7490
1268,256,12,7,3,0,8192,0.0018,9443
1269,256,12,7,3,0,16384,0.0015,7375
1270,256,12,7,3,0,32768,0.0015,7379
1271,256,12,7,3,0,65536,0.0015,7316
1272,256,13,1,1,0,1024,0.0023,7580
1273,256,13,1,1,0,2048,0.0022,7550
1274,256,13,1,1,0,4096,0.0024,7386
1275,256,13,1,1,0,8192,0.0024,7056
1276,256,13,1,1,0,16384,0.0025,7057
1277,256,13,1,1,0,32768,0.0023,7551
1278,256,13,1,1,0,65536,0.0023,7530
1279,256,13,1,2,0,2048,0.0021,7708
1280,256,13,1,2,0,4096,0.0019,7748
1281,256,13,1,2,0,8192,0.0021,7435
1282,256,13,1,2,0,16384,0.0021,7137
1283,256,13,1,2,0,32768,0.002,7409
1284,256,13,1,2,0,65536,0.0021,7549
1285,256,13,1,3,0,1024,0.0018,8297
1286,256,13,1,3,0,2048,0.002,7868
1287,256,13,1,3,0,4096,0.0019,7740
1288,256,13,1,3,0,8192,0.0019,7159
1289,256,13,1,3,0,16384,0.0019,7049
1290,256,13,1,3,0,32768,0.002,7104
1291,256,13,1,3,0,65536,0.0019,7135
1292,256,13,2,1,0,1024,0.0019,7737
1293,256,13,2,1,0,4096,0.0021,7740
1294,256,13,2,1,0,8192,0.002,7639
1295,256,13,2,1,0,32768,0.002,7504
1296,256,13,2,1,0,65536,0.002,7495
1297,256,13,2,2,0,1024,0.0017,8050
1298,256,13,2,2,0,2048,0.0017,7518
1299,256,13,2,2,0,4096,0.0018,7525
1300,256,13,2,2,0,8192,0.0018,7261
1301,256,13,2,2,0,16384,0.0017,7138
1302,256,13,2,2,0,32768,0.0016,7154
1303,256,13,2,3,0,1024,0.0016,8509
1304,256,13,2,3,0,16384,0.0016,7064
1305,256,13,2,3,0,32768,0.0016,7071
1306,256,13,2,3,0,65536,0.0016,7637
1307,256,13,3,1,0,2048,0.0014,8201
1308,256,13,3,1,0,4096,0.0014,7610
1309,256,13,3,1,0,8192,0.0013,7463
1310,256,13,3,1,0,16384,0.0013,7527
1311,256,13,3,1,0,32768,0.0013,7101
1312,256,13,3,1,0,65536,0.0013,7524
1313,256,13,3,2,0,2048,0.0019,7833
1314,256,13,3,2,0,4096,0.0018,7974
1315,256,13,3,2,0,8192,0.0018,7401
1316,256,13,3,2,0,16384,0.0018,7074
1317,256,13,3,2,0,32768,0.0017,7440
1318,256,13,3,3,0,1024,0.0017,7793
1319,256,13,3,3,0,4096,0.0017,7684
1320,256,13,3,3,0,8192,0.0018,7476
1321,256,13,3,3,0,16384,0.0017,7036
1322,256,13,3,3,0,32768,0.0018,8067
1323,256,13,3,3,0,65536,0.0016,7124
1324,256,13,4,1,0,1024,0.0014,7988
1325,256,13,4,1,0,2048,0.0014,7909
1326,256,13,4,1,0,8192,0.0014,7701
1327,256,13,4,1,0,65536,0.0014,7569
1328,256,13,4,2,0,1024,0.0017,8295
1329,256,13,4,2,0,2048,0.0018,8148
1330,256,13,4,2,0,8192,0.0017,7644
1331,256,13,4,2,0,65536,0.0016,7515
1332,256,13,4,3,0,2048,0.0015,7484
1333,256,13,4,3,0,4096,0.0016,7526
1334,256,13,4,3,0,8192,0.0014,7301
1335,256,13,4,3,0,16384,0.0015,7087
1336,256,13,4,3,0,65536,0.0015,7212
1337,256,13,5,1,0,2048,0.0013,7422
1338,256,13,5,1,0,4096,0.0014,7656
1339,256,13,5,1,0,8192,0.0013,7188
1340,256,13,5,1,0,16384,0.0014,7552
1341,256,13,5,1,0,32768,0.0013,7506
1342,256,13,5,1,0,65536,0.0014,7546
1343,256,13,5,2,0,1024,0.0016,7862
1344,256,13,5,2,0,2048,0.0016,7609
1345,256,13,5,2,0,4096,0.0016,7736
1346,256,13,5,2,0,16384,0.0017,7191
1347,256,13,5,2,0,32768,0.0016,7656
1348,256,13,5,2,0,65536,0.0016,7413
1349,256,13,5,3,0,4096,0.0017,7865
1350,256,13,5,3,0,8192,0.0016,7463
1351,256,13,5,3,0,16384,0.0018,9320
1352,256,13,5,3,0,32768,0.0018,9306
1353,256,13,5,3,0,65536,0.0016,9337
1354,256,13,6,1,0,1024,0.0014,7679
1355,256,13,6,1,0,2048,0.0014,7769
1356,256,13,6,1,0,4096,0.0013,7255
1357,256,13,6,1,0,8192,0.0013,7603
1358,256,13,6,1,0,16384,0.0012,7052
1359,256,13,6,1,0,32768,0.0013,7454
1360,256,13,6,1,0,65536,0.0013,7439
1361,256,13,6,2,0,1024,0.0009,7623
1362,256,13,6,2,0,4096,0.001,8060
1363,256,13,6,2,0,8192,0.001,7100
1364,256,13,6,2,0,16384,0.001,7619
1365,256,13,6,2,0,32768,0.0009,7491
1366,256,13,6,2,0,65536,0.0009,7616
1367,256,13,6,3,0,2048,0.0017,7935
1368,256,13,6,3,0,4096,0.0017,7292
1369,256,13,6,3,0,16384,0.0018,7088
1370,256,13,6,3,0,65536,0.0016,7087
1371,256,13,7,1,0,2048,0.0015,7389
1372,256,13,7,1,0,4096,0.0016,7953
1373,256,13,7,1,0,8192,0.0015,7135
1374,256,13,7,1,0,16384,0.0015,7110
1375,256,13,7,1,0,32768,0.0015,7308
1376,256,13,7,1,0,65536,0.0014,7034
1377,256,13,7,2,0,2048,0.001,7832
1378,256,13,7,2,0,4096,0.001,7775
1379,256,13,7,2,0,8192,0.001,7110
1380,256,13,7,2,0,65536,0.0009,7676
1381,256,13,7,3,0,2048,0.0017,7629
1382,256,13,7,3,0,4096,0.0015,7490
1383,256,13,7,3,0,16384,0.0015,7375
1384,256,13,7,3,0,32768,0.0015,7379
1385,256,13,7,3,0,65536,0.0015,7316
1386,256,14,1,1,0,1024,0.0023,7580
1387,256,14,1,1,0,2048,0.0022,7550
1388,256,14,1,1,0,4096,0.0024,7386
1389,256,14,1,1,0,8192,0.0024,7056
1390,256,14,1,1,0,16384,0.0025,7057
1391,256,14,1,1,0,32768,0.0023,7551
1392,256,14,1,1,0,65536,0.0023,7530
1393,256,14,1,2,0,2048,0.0021,7708
1394,256,14,1,2,0,4096,0.0019,7748
1395,256,14,1,2,0,8192,0.0021,7435
1396,256,14,1,2,0,16384,0.0021,7137
1397,256,14,1,2,0,32768,0.002,7409
1398,256,14,1,2,0,65536,0.0021,7555
1399,256,14,1,3,0,1024,0.0018,8297
1400,256,14,1,3,0,2048,0.002,7868
1401,256,14,1,3,0,8192,0.0019,7159
1402,256,14,1,3,0,16384,0.0019,7049
1403,256,14,1,3,0,32768,0.002,7104
1404,256,14,1,3,0,65536,0.0019,7135
1405,256,14,2,1,0,1024,0.0019,7737
1406,256,14,2,1,0,32768,0.002,7504
1407,256,14,2,1,0,65536,0.002,7495
1408,256,14,2,2,0,1024,0.0017,8050
1409,256,14,2,2,0,2048,0.0017,7518
1410,256,14,2,2,0,4096,0.0018,7525
1411,256,14,2,2,0,8192,0.0018,7261
1412,256,14,2,2,0,16384,0.0017,7138
1413,256,14,2,2,0,32768,0.0016,7135
1414,256,14,2,3,0,1024,0.0016,8509
1415,256,14,2,3,0,2048,0.0018,7987
1416,256,14,2,3,0,8192,0.0016,7236
1417,256,14,2,3,0,16384,0.0016,7062
1418,256,14,2,3,0,32768,0.0016,7071
1419,256,14,2,3,0,65536,0.0016,7637
1420,256,14,3,1,0,2048,0.0014,8201
1421,256,14,3,1,0,4096,0.0014,7610
1422,256,14,3,1,0,8192,0.0013,7463
1423,256,14,3,1,0,32768,0.0013,7101
1424,256,14,3,1,0,65536,0.0014,7538
1425,256,14,3,2,0,2048,0.0019,7833
1426,256,14,3,2,0,8192,0.0018,7401
1427,256,14,3,2,0,16384,0.0018,7074
1428,256,14,3,2,0,32768,0.0017,7440
1429,256,14,3,2,0,65536,0.0018,7136
1430,256,14,3,3,0,1024,0.0017,7793
1431,256,14,3,3,0,4096,0.0017,7684
1432,256,14,3,3,0,8192,0.0018,7476
1433,256,14,3,3,0,16384,0.0017,7036
1434,256,14,3,3,0,65536,0.0016,7124
1435,256,14,4,1,0,2048,0.0014,7909
1436,256,14,4,1,0,4096,0.0014,7747
1437,256,14,4,1,0,8192,0.0014,7701
1438,256,14,4,1,0,16384,0.0013,7083
1439,256,14,4,1,0,65536,0.0014,7569
1440,256,14,4,2,0,1024,0.0017,8295
1441,256,14,4,2,0,8192,0.0017,7644
1442,256,14,4,2,0,65536,0.0016,7515
1443,256,14,4,3,0,4096,0.0016,7526
1444,256,14,4,3,0,8192,0.0014,7301
1445,256,14,4,3,0,16384,0.0015,7087
1446,256,14,4,3,0,65536,0.0015,7212
1447,256,14,5,1,0,4096,0.0014,7656
1448,256,14,5,1,0,8192,0.0013,7188
1449,256,14,5,1,0,16384,0.0014,7552
1450,256,14,5,1,0,32768,0.0013,7506
1451,256,14,5,1,0,65536,0.0014,7546
1452,256,14,5,2,0,1024,0.0016,7862
1453,256,14,5,2,0,2048,0.0016,7609
1454,256,14,5,2,0,16384,0.0017,7191
1455,256,14,5,2,0,32768,0.0016,7656
1456,256,14,5,2,0,65536,0.0016,7413
1457,256,14,5,3,0,4096,0.0017,7865
1458,256,14,5,3,0,8192,0.0016,7463
1459,256,14,5,3,0,16384,0.0018,9320
1460,256,14,5,3,0,32768,0.0018,9306
1461,256,14,5,3,0,65536,0.0016,9337
1462,256,14,6,1,0,2048,0.0014,7769
1463,256,14,6,1,0,4096,0.0013,7255
1464,256,14,6,1,0,8192,0.0013,7603
1465,256,14,6,1,0,16384,0.0012,7052
1466,256,14,6,1,0,32768,0.0013,7454
1467,256,14,6,2,0,1024,0.0009,7623
1468,256,14,6,2,0,4096,0.001,8060
1469,256,14,6,2,0,8192,0.001,7100
1470,256,14,6,2,0,16384,0.001,7619
1471,256,14,6,2,0,32768,0.0009,7491
1472,256,14,6,2,0,65536,0.0009,7616
1473,256,14,6,3,0,16384,0.0018,7088
1474,256,14,6,3,0,65536,0.0016,7087
1475,256,14,7,1,0,2048,0.0015,7389
1476,256,14,7,1,0,16384,0.0015,7110
1477,256,14,7,1,0,32768,0.0015,7308
1478,256,14,7,1,0,65536,0.0014,7034
1479,256,14,7,2,0,1024,0.0009,7657
1480,256,14,7,2,0,2048,0.001,7832
1481,256,14,7,2,0,4096,0.001,7775
1482,256,14,7,2,0,8192,0.001,7110
1483,256,14,7,2,0,65536,0.0009,7676
1484,256,14,7,3,0,2048,0.0017,7629
1485,256,14,7,3,0,4096,0.0015,7490
1486,256,14,7,3,0,8192,0.0018,9443
1487,256,14,7,3,0,16384,0.0015,7375
1488,256,14,7,3,0,32768,0.0015,7379
1489,256,14,7,3,0,65536,0.0015,7316
1490,256,15,1,1,0,1024,0.0023,7580
1491,256,15,1,1,0,4096,0.0024,7386
1492,256,15,1,1,0,16384,0.0025,7057
1493,256,15,1,1,0,32768,0.0023,7551
1494,256,15,1,1,0,65536,0.0023,7530
1495,256,15,1,2,0,1024,0.0019,7634
1496,256,15,1,2,0,2048,0.0021,7708
1497,256,15,1,2,0,4096,0.0019,7748
1498,256,15,1,2,0,8192,0.0021,7435
1499,256,15,1,2,0,16384,0.0021,7137
1500,256,15,1,2,0,32768,0.002,7409
1501,256,15,1,2,0,65536,0.0021,7549
1502,256,15,1,3,0,1024,0.0018,8297
1503,256,15,1,3,0,2048,0.002,7868
1504,256,15,1,3,0,16384,0.0019,7059
1505,256,15,1,3,0,32768,0.002,7104
1506,256,15,1,3,0,65536,0.0019,7135
1507,256,15,2,1,0,1024,0.0019,7737
1508,256,15,2,1,0,2048,0.0021,8025
1509,256,15,2,1,0,4096,0.0021,7740
1510,256,15,2,1,0,16384,0.002,7524
1511,256,15,2,1,0,32768,0.002,7504
1512,256,15,2,1,0,65536,0.002,7495
1513,256,15,2,2,0,1024,0.0017,8050
1514,256,15,2,2,0,2048,0.0017,7518
1515,256,15,2,2,0,4096,0.0018,7525
1516,256,15,2,2,0,16384,0.0017,7138
1517,256,15,2,2,0,32768,0.0016,7154
1518,256,15,2,3,0,16384,0.0016,7062
1519,256,15,2,3,0,32768,0.0016,7071
1520,256,15,2,3,0,65536,0.0016,7637
1521,256,15,3,1,0,2048,0.0014,8201
1522,256,15,3,1,0,4096,0.0014,7610
1523,256,15,3,1,0,8192,0.0013,7463
1524,256,15,3,1,0,32768,0.0013,7101
1525,256,15,3,1,0,65536,0.0013,7524
1526,256,15,3,2,0,1024,0.0018,8008
1527,256,15,3,2,0,2048,0.0019,7833
1528,256,15,3,2,0,4096,0.0018,7974
1529,256,15,3,2,0,8192,0.0018,7401
1530,256,15,3,2,0,16384,0.0018,7074
1531,256,15,3,2,0,32768,0.0017,7424
1532,256,15,3,3,0,1024,0.0017,7793
1533,256,15,3,3,0,2048,0.0017,7395
1534,256,15,3,3,0,4096,0.0017,7684
1535,256,15,3,3,0,8192,0.0018,7476
1536,256,15,3,3,0,16384,0.0017,7036
1537,256,15,3,3,0,65536,0.0016,7124
1538,256,15,4,1,0,2048,0.0014,7909
1539,256,15,4,1,0,4096,0.0014,7747
1540,256,15,4,1,0,65536,0.0014,7569
1541,256,15,4,2,0,1024,0.0017,8295
1542,256,15,4,2,0,8192,0.0017,7644
1543,256,15,4,2,0,65536,0.0016,7515
1544,256,15,4,3,0,8192,0.0014,7301
1545,256,15,4,3,0,16384,0.0015,7087
1546,256,15,4,3,0,65536,0.0015,7212
1547,256,15,5,1,0,1024,0.0014,8146
1548,256,15,5,1,0,4096,0.0014,7656
1549,256,15,5,1,0,8192,0.0013,7188
1550,256,15,5,1,0,16384,0.0014,7552
1551,256,15,5,1,0,32768,0.0013,7506
1552,256,15,5,1,0,65536,0.0014,7546
1553,256,15,5,2,0,1024,0.0016,7862
1554,256,15,5,2,0,2048,0.0016,7609
1555,256,15,5,2,0,4096,0.0016,7736
1556,256,15,5,2,0,16384,0.0017,7191
1557,256,15,5,2,0,32768,0.0016,7656
1558,256,15,5,2,0,65536,0.0016,7413
1559,256,15,5,3,0,4096,0.0017,7865
1560,256,15,5,3,0,16384,0.0018,9320
1561,256,15,5,3,0,32768,0.0018,9306
1562,256,15,5,3,0,65536,0.0016,9337
1563,256,15,6,1,0,1024,0.0014,7679
1564,256,15,6,1,0,2048,0.0014,7769
1565,256,15,6,1,0,8192,0.0013,7603
1566,256,15,6,1,0,16384,0.0012,7059
1567,256,15,6,1,0,32768,0.0013,7454
1568,256,15,6,2,0,1024,0.0009,7623
1569,256,15,6,2,0,4096,0.001,8060
1570,256,15,6,2,0,8192,0.001,7100
1571,256,15,6,2,0,16384,0.001,7619
1572,256,15,6,2,0,32768,0.0009,7491
1573,256,15,6,2,0,65536,0.0009,7616
1574,256,15,6,3,0,2048,0.0016,7941
1575,256,15,6,3,0,16384,0.0018,7088
1576,256,15,6,3,0,65536,0.0016,7087
1577,256,15,7,1,0,2048,0.0015,7389
1578,256,15,7,1,0,4096,0.0016,7953
1579,256,15,7,1,0,16384,0.0015,7110
1580,256,15,7,1,0,65536,0.0014,7034
1581,256,15,7,2,0,2048,0.001,7832
1582,256,15,7,2,0,4096,0.001,7775
1583,256,15,7,2,0,8192,0.001,7110
1584,256,15,7,2,0,16384,0.001,6994
1585,256,15,7,2,0,32768,0.0009,7846
1586,256,15,7,2,0,65536,0.0009,7676
1587,256,15,7,3,0,2048,0.0017,7629
1588,256,15,7,3,0,8192,0.0018,9443
1589,256,15,7,3,0,16384,0.0015,7375
1590,256,15,7,3,0,32768,0.0015,7379
1591,256,15,7,3,0,65536,0.0015,7316
1592,256,1,1,1,1,1,0.0023,7530
1593,256,1,1,1,1,2,0.0023,7145
1594,256,1,1,2,1,1,0.0021,7549
1595,256,1,1,2,1,2,0.0017,7264
1596,256,1,1,3,1,1,0.0019,7135
1597,256,1,1,3,1,2,0.0017,7142
1598,256,1,2,1,1,1,0.002,7495
1599,256,1,2,3,1,1,0.0016,7637
1600,256,1,2,3,1,2,0.0017,7657
1601,256,1,3,1,1,1,0.0014,7538
1602,256,1,3,1,1,2,0.0015,7612
1603,256,1,3,2,1,2,0.0017,7540
1604,256,1,3,3,1,1,0.0016,7124
1605,256,1,4,1,1,1,0.0014,7569
1606,256,1,4,1,1,2,0.0015,8003
1607,256,1,4,2,1,1,0.0016,7515
1608,256,1,4,3,1,1,0.0015,7212
1609,256,1,5,1,1,1,0.0014,7546
1610,256,1,5,1,1,2,0.0016,7622
1611,256,1,5,2,1,1,0.0016,7413
1612,256,1,5,2,1,2,0.0013,7463
1613,256,1,5,3,1,1,0.0016,9337
1614,256,1,5,3,1,2,0.0015,7412
1615,256,1,6,2,1,1,0.0009,7616
1616,256,1,6,2,1,2,0.001,7705
1617,256,1,6,3,1,1,0.0016,7087
1618,256,1,6,3,1,2,0.0017,7170
1619,256,1,7,1,1,1,0.0014,7034
1620,256,1,7,2,1,1,0.0009,7676
1621,256,1,7,2,1,2,0.0009,7164
1622,256,1,7,3,1,1,0.0015,7316
1623,256,2,1,1,1,1,0.0023,7530
1624,256,2,1,1,1,2,0.0023,7145
1625,256,2,1,2,1,1,0.0021,7549
1626,256,2,1,2,1,2,0.0017,7264
1627,256,2,1,3,1,1,0.0019,7135
1628,256,2,1,3,1,2,0.0017,7142
1629,256,2,2,1,1,1,0.002,7495
1630,256,2,2,3,1,1,0.0016,7637
1631,256,2,2,3,1,2,0.0017,7657
1632,256,2,3,1,1,1,0.0013,7524
1633,256,2,3,1,1,2,0.0015,7612
1634,256,2,3,2,1,1,0.0018,7128
1635,256,2,3,2,1,2,0.0017,7540
1636,256,2,3,3,1,1,0.0016,7124
1637,256,2,3,3,1,2,0.0018,7752
1638,256,2,4,1,1,1,0.0014,7569
1639,256,2,4,1,1,2,0.0015,8003
1640,256,2,4,2,1,1,0.0016,7515
1641,256,2,4,3,1,1,0.0015,7212
1642,256,2,5,1,1,1,0.0014,7546
1643,256,2,5,1,1,2,0.0016,7622
1644,256,2,5,2,1,1,0.0016,7413
1645,256,2,5,2,1,2,0.0013,7463
1646,256,2,5,3,1,1,0.0016,9337
1647,256,2,5,3,1,2,0.0015,7412
1648,256,2,6,1,1,2,0.0013,7111
1649,256,2,6,2,1,1,0.0009,7616
1650,256,2,6,2,1,2,0.001,7705
1651,256,2,6,3,1,1,0.0017,7095
1652,256,2,6,3,1,2,0.0017,7170
1653,256,2,7,1,1,1,0.0014,7034
1654,256,2,7,2,1,1,0.0009,7676
1655,256,2,7,2,1,2,0.0009,7164
1656,256,2,7,3,1,1,0.0015,7316
1657,256,3,1,1,1,1,0.0023,7530
1658,256,3,1,1,1,2,0.0023,7145
1659,256,3,1,2,1,1,0.0021,7549
1660,256,3,1,2,1,2,0.0017,7264
1661,256,3,1,3,1,1,0.0019,7135
1662,256,3,1,3,1,2,0.0017,7142
1663,256,3,2,1,1,1,0.002,7495
1664,256,3,2,3,1,1,0.0016,7637
1665,256,3,2,3,1,2,0.0017,7657
1666,256,3,3,1,1,1,0.0013,7524
1667,256,3,3,1,1,2,0.0015,7612
1668,256,3,3,2,1,2,0.0017,7540
1669,256,3,3,3,1,1,0.0016,7124
1670,256,3,4,1,1,1,0.0014,7569
1671,256,3,4,1,1,2,0.0015,8003
1672,256,3,4,2,1,1,0.0016,7515
1673,256,3,4,2,1,2,0.0014,7102
1674,256,3,5,2,1,2,0.0013,7463
1675,256,3,5,3,1,1,0.0016,9337
1676,256,3,5,3,1,2,0.0015,7412
1677,256,3,6,1,1,2,0.0013,7111
1678,256,3,6,2,1,1,0.0009,7616
1679,256,3,6,2,1,2,0.001,7705
1680,256,3,7,2,1,2,0.0009,7164
1681,256,3,7,3,1,1,0.0015,7316
1682,256,4,1,1,1,1,0.0023,7530
1683,256,4,1,1,1,2,0.0023,7145
1684,256,4,1,2,1,1,0.0021,7549
1685,256,4,1,2,1,2,0.0017,7264
1686,256,4,1,3,1,1,0.0019,7135
1687,256,4,1,3,1,2,0.0017,7142
1688,256,4,2,1,1,1,0.002,7495
1689,256,4,2,1,1,2,0.0019,7593
1690,256,4,2,3,1,1,0.0016,7637
1691,256,4,2,3,1,2,0.0017,7657
1692,256,4,3,1,1,1,0.0013,7524
1693,256,4,3,1,1,2,0.0015,7612
1694,256,4,3,2,1,1,0.0018,7136
1695,256,4,3,3,1,1,0.0016,7124
1696,256,4,4,1,1,1,0.0014,7569
1697,256,4,4,1,1,2,0.0015,8003
1698,256,4,4,2,1,1,0.0016,7515
1699,256,4,4,2,1,2,0.0014,7102
1700,256,4,4,3,1,1,0.0015,7212
1701,256,4,4,3,1,2,0.0015,6985
1702,256,4,5,1,1,1,0.0014,7546
1703,256,4,5,1,1,2,0.0016,7622
1704,256,4,5,2,1,1,0.0016,7413
1705,256,4,6,2,1,2,0.001,7705
1706,256,4,6,3,1,1,0.0016,7087
1707,256,4,6,3,1,2,0.0017,7170
1708,256,4,7,1,1,1,0.0014,7034
1709,256,4,7,2,1,1,0.0009,7676
1710,256,5,1,2,1,2,0.0017,7264
1711,256,5,1,3,1,1,0.0019,7135
1712,256,5,1,3,1,2,0.0017,7142
1713,256,5,2,1,1,1,0.002,7495
1714,256,5,2,3,1,1,0.0016,7637
1715,256,5,2,3,1,2,0.0017,7657
1716,256,5,3,1,1,1,0.0013,7524
1717,256,5,3,1,1,2,0.0015,7612
1718,256,5,3,2,1,2,0.0017,7540
1719,256,5,3,3,1,1,0.0016,7124
1720,256,5,3,3,1,2,0.0018,7752
1721,256,5,4,1,1,1,0.0014,7569
1722,256,5,4,1,1,2,0.0015,8003
1723,256,5,4,2,1,1,0.0016,7515
1724,256,5,5,2,1,2,0.0013,7466
1725,256,5,5,3,1,1,0.0016,9337
1726,256,5,5,3,1,2,0.0015,7412
1727,256,5,6,1,1,2,0.0013,7111
1728,256,5,6,2,1,1,0.0009,7616
1729,256,5,7,2,1,2,0.0009,7164
1730,256,5,7,3,1,1,0.0015,7316
1731,256,6,1,1,1,1,0.0023,7530
1732,256,6,1,2,1,1,0.0021,7549
1733,256,6,1,2,1,2,0.0017,7264
1734,256,6,1,3,1,1,0.0019,7135
1735,256,6,1,3,1,2,0.0017,7142
1736,256,6,2,1,1,1,0.002,7495
1737,256,6,2,1,1,2,0.002,7597
1738,256,6,2,3,1,1,0.0016,7637
1739,256,6,2,3,1,2,0.0017,7657
1740,256,6,3,1,1,1,0.0013,7524
1741,256,6,3,1,1,2,0.0015,7612
1742,256,6,3,2,1,2,0.0017,7540
1743,256,6,3,3,1,1,0.0016,7124
1744,256,6,4,1,1,1,0.0014,7569
1745,256,6,4,1,1,2,0.0015,8003
1746,256,6,4,2,1,1,0.0016,7515
1747,256,6,4,2,1,2,0.0014,7102
1748,256,6,4,3,1,1,0.0015,7212
1749,256,6,4,3,1,2,0.0015,6985
1750,256,6,5,1,1,1,0.0014,7546
1751,256,6,5,1,1,2,0.0016,7622
1752,256,6,5,2,1,1,0.0016,7413
1753,256,6,6,2,1,2,0.001,7705
1754,256,6,6,3,1,1,0.0016,7087
1755,256,6,6,3,1,2,0.0017,7170
1756,256,6,7,1,1,1,0.0014,7034
1757,256,7,1,3,1,1,0.0019,7135
1758,256,7,1,3,1,2,0.0017,7142
1759,256,7,2,1,1,1,0.002,7495
1760,256,7,2,2,1,2,0.0015,7180
1761,256,7,2,3,1,1,0.0016,7637
1762,256,7,2,3,1,2,0.0017,7657
1763,256,7,3,1,1,1,0.0013,7524
1764,256,7,3,1,1,2,0.0015,7612
1765,256,7,3,2,1,2,0.0017,7540
1766,256,7,3,3,1,1,0.0016,7124
1767,256,7,4,1,1,1,0.0014,7569
1768,256,7,4,1,1,2,0.0015,8003
1769,256,7,4,2,1,1,0.0016,7515
1770,256,7,4,3,1,1,0.0015,7212
1771,256,7,5,1,1,1,0.0014,7546
1772,256,7,5,1,1,2,0.0016,7622
1773,256,7,5,2,1,1,0.0016,7413
1774,256,7,5,2,1,2,0.0013,7463
1775,256,7,5,3,1,1,0.0016,9337
1776,256,7,5,3,1,2,0.0015,7412
1777,256,7,6,1,1,2,0.0013,7111
1778,256,7,7,2,1,2,0.0009,7164
1779,256,7,7,3,1,1,0.0015,7316
1780,256,8,1,1,1,1,0.0023,7530
1781,256,8,2,3,1,1,0.0016,7637
1782,256,8,2,3,1,2,0.0017,7657
1783,256,8,3,1,1,1,0.0013,7524
1784,256,8,3,1,1,2,0.0015,7612
1785,256,8,4,2,1,2,0.0014,7102
1786,256,8,4,3,1,1,0.0015,7212
1787,256,8,4,3,1,2,0.0015,6985
1788,256,8,5,1,1,1,0.0014,7546
1789,256,8,5,1,1,2,0.0016,7622
1790,256,8,5,2,1,1,0.0016,7413
1791,256,8,5,2,1,2,0.0013,7463
1792,256,8,5,3,1,1,0.0016,9337
1793,256,8,5,3,1,2,0.0015,7412
1794,256,8,6,2,1,1,0.0009,7616
1795,256,8,6,2,1,2,0.001,7705
1796,256,8,6,3,1,1,0.0016,7087
1797,256,8,6,3,1,2,0.0017,7170
1798,256,8,7,1,1,1,0.0014,7034
1799,256,8,7,1,1,2,0.0016,7161
1800,256,8,7,2,1,1,0.0009,7676
1801,256,8,7,2,1,2,0.0009,7164
1802,256,8,7,3,1,1,0.0015,7316
1803,256,9,1,1,1,1,0.0023,7530
1804,256,9,1,1,1,2,0.0023,7145
1805,256,9,1,2,1,1,0.0021,7549
1806,256,9,1,2,1,2,0.0017,7264
1807,256,9,1,3,1,1,0.0019,7135
1808,256,9,1,3,1,2,0.0017,7142
1809,256,9,2,1,1,1,0.002,7495
1810,256,9,2,3,1,1,0.0016,7637
1811,256,9,2,3,1,2,0.0017,7657
1812,256,9,3,1,1,1,0.0013,7524
1813,256,9,3,1,1,2,0.0015,7612
1814,256,9,3,2,1,2,0.0017,7540
1815,256,9,3,3,1,1,0.0016,7124
1816,256,9,4,1,1,1,0.0014,7569
1817,256,9,4,1,1,2,0.0015,8003
1818,256,9,4,2,1,1,0.0016,7515
1819,256,9,4,2,1,2,0.0014,7102
1820,256,9,4,3,1,1,0.0015,7212
1821,256,9,5,1,1,1,0.0014,7546
1822,256,9,5,1,1,2,0.0016,7622
1823,256,9,5,2,1,1,0.0016,7413
1824,256,9,5,2,1,2,0.0013,7463
1825,256,9,5,3,1,1,0.0016,9337
1826,256,9,5,3,1,2,0.0015,7412
1827,256,9,7,2,1,2,0.0009,7164
1828,256,9,7,3,1,1,0.0015,7316
1829,256,10,1,1,1,1,0.0023,7530
1830,256,10,2,2,1,2,0.0015,7180
1831,256,10,2,3,1,1,0.0016,7637
1832,256,10,2,3,1,2,0.0017,7657
1833,256,10,3,1,1,1,0.0013,7524
1834,256,10,4,3,1,1,0.0015,7212
1835,256,10,4,3,1,2,0.0015,6985
1836,256,10,5,1,1,1,0.0014,7546
1837,256,10,6,2,1,2,0.001,7705
1838,256,10,6,3,1,1,0.0016,7087
1839,256,10,6,3,1,2,0.0017,7170
1840,256,10,7,1,1,1,0.0014,7031
1841,256,11,1,2,1,2,0.0017,7264
1842,256,11,1,3,1,1,0.0019,7135
1843,256,11,1,3,1,2,0.0017,7142
1844,256,11,2,1,1,1,0.002,7495
1845,256,11,3,2,1,2,0.0017,7540
1846,256,11,3,3,1,1,0.0016,7136
1847,256,11,4,1,1,1,0.0014,7569
1848,256,11,4,1,1,2,0.0015,8003
1849,256,11,4,2,1,1,0.0016,7515
1850,256,11,4,3,1,1,0.0015,7212
1851,256,11,5,1,1,1,0.0014,7546
1852,256,11,5,1,1,2,0.0016,7622
1853,256,11,5,2,1,1,0.0016,7413
1854,256,11,5,2,1,2,0.0013,7463
1855,256,11,5,3,1,1,0.0016,9337
1856,256,11,5,3,1,2,0.0015,7412
1857,256,11,7,2,1,2,0.0009,7164
1858,256,11,7,3,1,1,0.0015,7316
1859,256,12,1,1,1,1,0.0023,7530
1860,256,12,1,1,1,2,0.0023,7145
1861,256,12,1,2,1,1,0.0021,7549
1862,256,12,1,2,1,2,0.0017,7264
1863,256,12,1,3,1,1,0.0019,7135
1864,256,12,1,3,1,2,0.0017,7142
1865,256,12,2,1,1,1,0.002,7495
1866,256,12,2,2,1,2,0.0015,7180
1867,256,12,2,3,1,1,0.0016,7637
1868,256,12,2,3,1,2,0.0017,7657
1869,256,12,3,1,1,1,0.0013,7524
1870,256,12,3,1,1,2,0.0015,7612
1871,256,12,3,2,1,2,0.0017,7540
1872,256,12,3,3,1,1,0.0016,7124
1873,256,12,4,1,1,1,0.0014,7569
1874,256,12,4,1,1,2,0.0015,8003
1875,256,12,4,2,1,1,0.0016,7515
1876,256,12,4,2,1,2,0.0014,7102
1877,256,12,4,3,1,1,0.0015,7212
1878,256,12,4,3,1,2,0.0015,6985
1879,256,12,5,1,1,1,0.0014,7546
1880,256,12,6,2,1,2,0.001,7705
1881,256,12,6,3,1,1,0.0016,7087
1882,256,12,6,3,1,2,0.0017,7170
1883,256,12,7,1,1,1,0.0014,7034
1884,256,13,1,2,1,2,0.0017,7264
1885,256,13,1,3,1,1,0.0019,7135
1886,256,13,1,3,1,2,0.0017,7142
1887,256,13,2,1,1,1,0.002,7495
1888,256,13,3,2,1,2,0.0017,7540
1889,256,13,3,3,1,1,0.0016,7124
1890,256,13,3,3,1,2,0.0018,7752
1891,256,13,4,1,1,1,0.0014,7569
1892,256,13,4,1,1,2,0.0015,8003
1893,256,13,4,2,1,1,0.0016,7515
1894,256,13,4,3,1,1,0.0015,7212
1895,256,13,4,3,1,2,0.0015,6985
1896,256,13,5,1,1,1,0.0014,7546
1897,256,13,5,1,1,2,0.0016,7622
1898,256,13,5,2,1,1,0.0016,7413
1899,256,13,5,2,1,2,0.0013,7463
1900,256,13,5,3,1,1,0.0016,9337
1901,256,13,5,3,1,2,0.0015,7412
1902,256,13,7,2,1,2,0.0009,7164
1903,256,13,7,3,1,1,0.0015,7316
1904,256,14,1,1,1,1,0.0023,7530
1905,256,14,1,1,1,2,0.0023,7145
1906,256,14,1,2,1,1,0.0021,7549
1907,256,14,1,2,1,2,0.0017,7264
1908,256,14,1,3,1,1,0.0019,7135
1909,256,14,1,3,1,2,0.0017,7142
1910,256,14,2,1,1,1,0.002,7495
1911,256,14,2,2,1,2,0.0015,7180
1912,256,14,2,3,1,1,0.0016,7637
1913,256,14,2,3,1,2,0.0017,7657
1914,256,14,3,1,1,1,0.0013,7524
1915,256,14,3,1,1,2,0.0015,7612
1916,256,14,3,3,1,1,0.0016,7124
1917,256,14,4,1,1,1,0.0014,7569
1918,256,14,4,1,1,2,0.0015,8003
1919,256,14,4,2,1,1,0.0016,7515
1920,256,14,4,3,1,1,0.0015,7212
1921,256,14,4,3,1,2,0.0015,6985
1922,256,14,6,2,1,2,0.001,7705
1923,256,14,6,3,1,1,0.0016,7087
1924,256,14,6,3,1,2,0.0017,7170
1925,256,15,1,2,1,2,0.0017,7264
1926,256,15,1,3,1,1,0.0019,7135
1927,256,15,1,3,1,2,0.0017,7142
1928,256,15,3,2,1,2,0.0017,7540
1929,256,15,3,3,1,1,0.0016,7124
1930,256,15,4,1,1,1,0.0014,7569
1931,256,15,5,2,1,2,0.0013,7463
1932,256,15,5,3,1,1,0.0016,9337
1933,256,15,5,3,1,2,0.0015,7412
1934,256,15,7,2,1,2,0.0009,7164
1935,256,15,7,3,1,1,0.0015,7316
