n,knob_HIST_SIZE,knob_NUM_HIST,knob_KNOB_UNROLL_LLM,knob_UNROLL_FACTOR,knob_I_B,knob_KNOB_DATA_BLOCK_INTERLEAVE,obj1,obj2
0000,256,1,1,1,0,1024,0.0023,7580
0001,256,1,1,1,0,2048,0.0022,7550
0002,256,1,1,1,0,4096,0.0024,7386
0003,256,1,1,1,0,8192,0.0024,7056
0004,256,1,1,1,0,16384,0.0025,7057
0005,256,1,1,1,0,32768,0.0023,7551
0006,256,1,1,1,0,65536,0.0024,7515
0008,256,1,1,2,0,2048,0.0021,7708
0009,256,1,1,2,0,4096,0.0019,7748
0011,256,1,1,2,0,16384,0.0021,7137
0012,256,1,1,2,0,32768,0.0020,7409
0013,256,1,1,2,0,65536,0.0021,7549
0014,256,1,1,3,0,1024,0.0018,8297
0015,256,1,1,3,0,2048,0.0020,7868
0016,256,1,1,3,0,4096,0.0019,7740
0018,256,1,1,3,0,16384,0.0019,7049
0019,256,1,1,3,0,32768,0.0020,7104
0020,256,1,1,3,0,65536,0.0019,7135
0021,256,1,2,1,0,1024,0.0019,7737
0023,256,1,2,1,0,4096,0.0021,7740
0025,256,1,2,1,0,16384,0.0020,7524
0026,256,1,2,1,0,32768,0.0020,7504
0027,256,1,2,1,0,65536,0.0020,7495
0028,256,1,2,2,0,1024,0.0017,8050
0029,256,1,2,2,0,2048,0.0017,7518
0030,256,1,2,2,0,4096,0.0018,7525
0032,256,1,2,2,0,16384,0.0017,7138
0033,256,1,2,2,0,32768,0.0016,7154
0035,256,1,2,3,0,1024,0.0016,8509
0037,256,1,2,3,0,4096,0.0016,7845
0039,256,1,2,3,0,16384,0.0016,7064
0040,256,1,2,3,0,32768,0.0016,7071
0041,256,1,2,3,0,65536,0.0016,7637
0043,256,1,3,1,0,2048,0.0014,8201
0044,256,1,3,1,0,4096,0.0014,7610
0045,256,1,3,1,0,8192,0.0013,7463
0047,256,1,3,1,0,32768,0.0013,7101
0048,256,1,3,1,0,65536,0.0013,7524
0050,256,1,3,2,0,2048,0.0019,7833
0052,256,1,3,2,0,8192,0.0018,7401
0053,256,1,3,2,0,16384,0.0018,7074
0054,256,1,3,2,0,32768,0.0017,7440
0056,256,1,3,3,0,1024,0.0017,7793
0058,256,1,3,3,0,4096,0.0017,7684
0062,256,1,3,3,0,65536,0.0016,7124
0064,256,1,4,1,0,2048,0.0014,7909
0066,256,1,4,1,0,8192,0.0014,7701
0069,256,1,4,1,0,65536,0.0014,7569
0070,256,1,4,2,0,1024,0.0017,8295
0073,256,1,4,2,0,8192,0.0017,7644
0076,256,1,4,2,0,65536,0.0016,7515
0078,256,1,4,3,0,2048,0.0015,7484
0079,256,1,4,3,0,4096,0.0016,7526
0080,256,1,4,3,0,8192,0.0014,7301
0081,256,1,4,3,0,16384,0.0015,7087
0083,256,1,4,3,0,65536,0.0015,7212
0084,256,1,5,1,0,1024,0.0014,8146
0086,256,1,5,1,0,4096,0.0014,7656
0087,256,1,5,1,0,8192,0.0013,7188
0088,256,1,5,1,0,16384,0.0014,7552
0089,256,1,5,1,0,32768,0.0013,7506
0090,256,1,5,1,0,65536,0.0014,7546
0091,256,1,5,2,0,1024,0.0016,7862
0092,256,1,5,2,0,2048,0.0016,7609
0093,256,1,5,2,0,4096,0.0016,7736
0095,256,1,5,2,0,16384,0.0017,7191
0097,256,1,5,2,0,65536,0.0016,7413
0100,256,1,5,3,0,4096,0.0017,7865
0101,256,1,5,3,0,8192,0.0016,7463
0102,256,1,5,3,0,16384,0.0018,9320
0103,256,1,5,3,0,32768,0.0018,9306
0104,256,1,5,3,0,65536,0.0016,9337
0105,256,1,6,1,0,1024,0.0014,7679
0106,256,1,6,1,0,2048,0.0014,7769
0107,256,1,6,1,0,4096,0.0013,7255
0108,256,1,6,1,0,8192,0.0013,7603
0109,256,1,6,1,0,16384,0.0012,7052
0110,256,1,6,1,0,32768,0.0013,7454
0112,256,1,6,2,0,1024,0.0009,7623
0114,256,1,6,2,0,4096,0.0010,8060
0115,256,1,6,2,0,8192,0.0010,7100
0116,256,1,6,2,0,16384,0.0010,7619
0117,256,1,6,2,0,32768,0.0009,7491
0118,256,1,6,2,0,65536,0.0009,7616
0120,256,1,6,3,0,2048,0.0017,7935
0123,256,1,6,3,0,16384,0.0018,7088
0125,256,1,6,3,0,65536,0.0016,7087
0127,256,1,7,1,0,2048,0.0015,7389
0128,256,1,7,1,0,4096,0.0016,7953
0130,256,1,7,1,0,16384,0.0015,7110
0131,256,1,7,1,0,32768,0.0015,7308
0132,256,1,7,1,0,65536,0.0014,7034
0134,256,1,7,2,0,2048,0.0010,7832
0135,256,1,7,2,0,4096,0.0010,7775
0136,256,1,7,2,0,8192,0.0010,7110
0138,256,1,7,2,0,32768,0.0009,7848
0139,256,1,7,2,0,65536,0.0009,7676
0141,256,1,7,3,0,2048,0.0017,7629
0143,256,1,7,3,0,8192,0.0018,9443
0144,256,1,7,3,0,16384,0.0015,7375
0145,256,1,7,3,0,32768,0.0015,7379
0146,256,1,7,3,0,65536,0.0015,7316
0147,256,2,1,1,0,1024,0.0023,7580
0149,256,2,1,1,0,4096,0.0024,7386
0151,256,2,1,1,0,16384,0.0025,7057
0153,256,2,1,1,0,65536,0.0023,7530
0155,256,2,1,2,0,2048,0.0021,7708
0156,256,2,1,2,0,4096,0.0019,7748
0157,256,2,1,2,0,8192,0.0021,7435
0158,256,2,1,2,0,16384,0.0021,7150
0159,256,2,1,2,0,32768,0.0020,7409
0160,256,2,1,2,0,65536,0.0021,7549
0161,256,2,1,3,0,1024,0.0018,8297
0162,256,2,1,3,0,2048,0.0020,7868
0163,256,2,1,3,0,4096,0.0019,7740
0165,256,2,1,3,0,16384,0.0019,7049
0166,256,2,1,3,0,32768,0.0020,7104
0167,256,2,1,3,0,65536,0.0019,7135
0168,256,2,2,1,0,1024,0.0019,7737
0169,256,2,2,1,0,2048,0.0021,8025
0170,256,2,2,1,0,4096,0.0021,7740
0172,256,2,2,1,0,16384,0.0020,7524
0173,256,2,2,1,0,32768,0.0020,7504
0174,256,2,2,1,0,65536,0.0020,7495
0175,256,2,2,2,0,1024,0.0017,8050
0176,256,2,2,2,0,2048,0.0017,7518
0177,256,2,2,2,0,4096,0.0018,7525
0178,256,2,2,2,0,8192,0.0018,7261
0179,256,2,2,2,0,16384,0.0017,7138
0181,256,2,2,2,0,65536,0.0016,7085
0182,256,2,2,3,0,1024,0.0016,8509
0187,256,2,2,3,0,32768,0.0016,7071
0188,256,2,2,3,0,65536,0.0016,7637
0189,256,2,3,1,0,1024,0.0013,8151
0190,256,2,3,1,0,2048,0.0014,8201
0191,256,2,3,1,0,4096,0.0014,7610
0192,256,2,3,1,0,8192,0.0013,7463
0193,256,2,3,1,0,16384,0.0013,7527
0194,256,2,3,1,0,32768,0.0013,7101
0195,256,2,3,1,0,65536,0.0013,7524
0197,256,2,3,2,0,2048,0.0019,7833
0198,256,2,3,2,0,4096,0.0018,7974
0199,256,2,3,2,0,8192,0.0018,7401
0200,256,2,3,2,0,16384,0.0018,7074
0201,256,2,3,2,0,32768,0.0017,7440
0203,256,2,3,3,0,1024,0.0017,7793
0205,256,2,3,3,0,4096,0.0017,7684
0207,256,2,3,3,0,16384,0.0017,7036
0209,256,2,3,3,0,65536,0.0016,7124
0211,256,2,4,1,0,2048,0.0014,7909
0212,256,2,4,1,0,4096,0.0014,7747
0213,256,2,4,1,0,8192,0.0014,7701
0214,256,2,4,1,0,16384,0.0013,7083
0216,256,2,4,1,0,65536,0.0014,7569
0217,256,2,4,2,0,1024,0.0017,8295
0220,256,2,4,2,0,8192,0.0017,7644
0221,256,2,4,2,0,16384,0.0019,7207
0223,256,2,4,2,0,65536,0.0016,7515
0224,256,2,4,3,0,1024,0.0015,7721
0225,256,2,4,3,0,2048,0.0015,7484
0226,256,2,4,3,0,4096,0.0016,7526
0227,256,2,4,3,0,8192,0.0014,7301
0228,256,2,4,3,0,16384,0.0015,7087
0229,256,2,4,3,0,32768,0.0015,7405
0230,256,2,4,3,0,65536,0.0015,7212
0233,256,2,5,1,0,4096,0.0014,7656
0235,256,2,5,1,0,16384,0.0014,7552
0236,256,2,5,1,0,32768,0.0013,7506
0237,256,2,5,1,0,65536,0.0014,7546
0238,256,2,5,2,0,1024,0.0016,7862
0239,256,2,5,2,0,2048,0.0017,7599
0240,256,2,5,2,0,4096,0.0016,7736
0242,256,2,5,2,0,16384,0.0017,7191
0243,256,2,5,2,0,32768,0.0016,7656
0244,256,2,5,2,0,65536,0.0016,7413
0247,256,2,5,3,0,4096,0.0017,7865
0248,256,2,5,3,0,8192,0.0016,7463
0249,256,2,5,3,0,16384,0.0018,9320
0250,256,2,5,3,0,32768,0.0018,9306
0251,256,2,5,3,0,65536,0.0016,9337
0252,256,2,6,1,0,1024,0.0014,7679
0253,256,2,6,1,0,2048,0.0014,7769
0254,256,2,6,1,0,4096,0.0013,7255
0255,256,2,6,1,0,8192,0.0013,7603
0256,256,2,6,1,0,16384,0.0012,7052
0257,256,2,6,1,0,32768,0.0013,7454
0258,256,2,6,1,0,65536,0.0013,7439
0259,256,2,6,2,0,1024,0.0009,7623
0260,256,2,6,2,0,2048,0.0010,7797
0261,256,2,6,2,0,4096,0.0010,8060
0262,256,2,6,2,0,8192,0.0010,7100
0263,256,2,6,2,0,16384,0.0010,7619
0264,256,2,6,2,0,32768,0.0009,7491
0265,256,2,6,2,0,65536,0.0009,7616
0267,256,2,6,3,0,2048,0.0017,7935
0269,256,2,6,3,0,8192,0.0017,7600
0270,256,2,6,3,0,16384,0.0018,7088
0272,256,2,6,3,0,65536,0.0016,7087
0273,256,2,7,1,0,1024,0.0015,7677
0274,256,2,7,1,0,2048,0.0015,7389
0275,256,2,7,1,0,4096,0.0015,7956
0276,256,2,7,1,0,8192,0.0015,7144
0279,256,2,7,1,0,65536,0.0014,7034
0281,256,2,7,2,0,2048,0.0010,7832
0282,256,2,7,2,0,4096,0.0010,7775
0283,256,2,7,2,0,8192,0.0010,7110
0285,256,2,7,2,0,32768,0.0009,7848
0286,256,2,7,2,0,65536,0.0009,7676
0288,256,2,7,3,0,2048,0.0017,7629
0290,256,2,7,3,0,8192,0.0018,9443
0291,256,2,7,3,0,16384,0.0015,7375
0292,256,2,7,3,0,32768,0.0015,7379
0293,256,2,7,3,0,65536,0.0015,7316
0294,256,3,1,1,0,1024,0.0023,7580
0296,256,3,1,1,0,4096,0.0024,7386
0297,256,3,1,1,0,8192,0.0024,7056
0298,256,3,1,1,0,16384,0.0025,7057
0299,256,3,1,1,0,32768,0.0023,7551
0300,256,3,1,1,0,65536,0.0023,7530
0302,256,3,1,2,0,2048,0.0021,7708
0303,256,3,1,2,0,4096,0.0019,7748
0304,256,3,1,2,0,8192,0.0021,7435
0306,256,3,1,2,0,32768,0.0020,7409
0307,256,3,1,2,0,65536,0.0021,7555
0308,256,3,1,3,0,1024,0.0018,8297
0309,256,3,1,3,0,2048,0.0020,7868
0312,256,3,1,3,0,16384,0.0019,7049
0313,256,3,1,3,0,32768,0.0020,7104
0314,256,3,1,3,0,65536,0.0019,7135
0315,256,3,2,1,0,1024,0.0019,7737
0316,256,3,2,1,0,2048,0.0021,8025
0317,256,3,2,1,0,4096,0.0021,7740
0320,256,3,2,1,0,32768,0.0020,7504
0321,256,3,2,1,0,65536,0.0020,7495
0322,256,3,2,2,0,1024,0.0017,8050
0323,256,3,2,2,0,2048,0.0017,7518
0324,256,3,2,2,0,4096,0.0018,7525
0325,256,3,2,2,0,8192,0.0018,7261
0326,256,3,2,2,0,16384,0.0017,7138
0327,256,3,2,2,0,32768,0.0016,7154
0329,256,3,2,3,0,1024,0.0016,8509
0331,256,3,2,3,0,4096,0.0016,7845
0332,256,3,2,3,0,8192,0.0016,7236
0334,256,3,2,3,0,32768,0.0016,7071
0335,256,3,2,3,0,65536,0.0016,7637
0337,256,3,3,1,0,2048,0.0014,8201
0338,256,3,3,1,0,4096,0.0014,7610
0339,256,3,3,1,0,8192,0.0013,7463
0340,256,3,3,1,0,16384,0.0013,7527
0341,256,3,3,1,0,32768,0.0013,7101
0342,256,3,3,1,0,65536,0.0013,7524
0344,256,3,3,2,0,2048,0.0019,7833
0345,256,3,3,2,0,4096,0.0018,7974
0346,256,3,3,2,0,8192,0.0018,7401
0347,256,3,3,2,0,16384,0.0018,7074
0348,256,3,3,2,0,32768,0.0017,7440
0350,256,3,3,3,0,1024,0.0017,7793
0351,256,3,3,3,0,2048,0.0017,7402
0352,256,3,3,3,0,4096,0.0017,7684
0354,256,3,3,3,0,16384,0.0017,7036
0356,256,3,3,3,0,65536,0.0016,7124
0358,256,3,4,1,0,2048,0.0014,7909
0359,256,3,4,1,0,4096,0.0014,7747
0360,256,3,4,1,0,8192,0.0014,7701
0363,256,3,4,1,0,65536,0.0014,7569
0364,256,3,4,2,0,1024,0.0017,8295
0367,256,3,4,2,0,8192,0.0017,7644
0370,256,3,4,2,0,65536,0.0016,7515
0373,256,3,4,3,0,4096,0.0016,7526
0374,256,3,4,3,0,8192,0.0014,7301
0375,256,3,4,3,0,16384,0.0015,7087
0377,256,3,4,3,0,65536,0.0015,7212
0378,256,3,5,1,0,1024,0.0014,8146
0380,256,3,5,1,0,4096,0.0014,7656
0381,256,3,5,1,0,8192,0.0013,7188
0382,256,3,5,1,0,16384,0.0014,7552
0383,256,3,5,1,0,32768,0.0013,7506
0384,256,3,5,1,0,65536,0.0014,7546
0385,256,3,5,2,0,1024,0.0016,7862
0386,256,3,5,2,0,2048,0.0016,7609
0387,256,3,5,2,0,4096,0.0016,7736
0389,256,3,5,2,0,16384,0.0017,7191
0390,256,3,5,2,0,32768,0.0016,7666
0391,256,3,5,2,0,65536,0.0016,7413
0394,256,3,5,3,0,4096,0.0017,7865
0396,256,3,5,3,0,16384,0.0018,9320
0397,256,3,5,3,0,32768,0.0018,9306
0398,256,3,5,3,0,65536,0.0016,9337
0399,256,3,6,1,0,1024,0.0014,7679
0400,256,3,6,1,0,2048,0.0014,7769
0401,256,3,6,1,0,4096,0.0013,7255
0402,256,3,6,1,0,8192,0.0013,7603
0403,256,3,6,1,0,16384,0.0012,7052
0404,256,3,6,1,0,32768,0.0013,7454
0406,256,3,6,2,0,1024,0.0009,7623
0408,256,3,6,2,0,4096,0.0010,8060
0409,256,3,6,2,0,8192,0.0010,7100
0410,256,3,6,2,0,16384,0.0010,7619
0411,256,3,6,2,0,32768,0.0009,7491
0412,256,3,6,2,0,65536,0.0009,7616
0414,256,3,6,3,0,2048,0.0017,7935
0416,256,3,6,3,0,8192,0.0017,7600
0417,256,3,6,3,0,16384,0.0018,7088
0418,256,3,6,3,0,32768,0.0018,7262
0419,256,3,6,3,0,65536,0.0016,7087
0421,256,3,7,1,0,2048,0.0015,7389
0422,256,3,7,1,0,4096,0.0016,7953
0424,256,3,7,1,0,16384,0.0015,7110
0425,256,3,7,1,0,32768,0.0015,7308
0426,256,3,7,1,0,65536,0.0014,7034
0428,256,3,7,2,0,2048,0.0010,7832
0429,256,3,7,2,0,4096,0.0010,7775
0430,256,3,7,2,0,8192,0.0010,7110
0432,256,3,7,2,0,32768,0.0009,7848
0433,256,3,7,2,0,65536,0.0009,7676
0435,256,3,7,3,0,2048,0.0017,7629
0437,256,3,7,3,0,8192,0.0018,9443
0438,256,3,7,3,0,16384,0.0015,7375
0439,256,3,7,3,0,32768,0.0015,7379
0440,256,3,7,3,0,65536,0.0015,7316
0441,256,4,1,1,0,1024,0.0023,7580
0442,256,4,1,1,0,2048,0.0022,7550
0443,256,4,1,1,0,4096,0.0024,7386
0444,256,4,1,1,0,8192,0.0024,7056
0445,256,4,1,1,0,16384,0.0025,7057
0446,256,4,1,1,0,32768,0.0023,7551
0447,256,4,1,1,0,65536,0.0023,7530
0448,256,4,1,2,0,1024,0.0020,7618
0449,256,4,1,2,0,2048,0.0021,7708
0450,256,4,1,2,0,4096,0.0019,7748
0451,256,4,1,2,0,8192,0.0021,7435
0452,256,4,1,2,0,16384,0.0021,7137
0453,256,4,1,2,0,32768,0.0020,7409
0454,256,4,1,2,0,65536,0.0021,7549
0455,256,4,1,3,0,1024,0.0018,8297
0456,256,4,1,3,0,2048,0.0020,7868
0457,256,4,1,3,0,4096,0.0019,7740
0459,256,4,1,3,0,16384,0.0019,7049
0460,256,4,1,3,0,32768,0.0020,7104
0461,256,4,1,3,0,65536,0.0019,7135
0462,256,4,2,1,0,1024,0.0019,7737
0464,256,4,2,1,0,4096,0.0021,7740
0466,256,4,2,1,0,16384,0.0020,7524
0467,256,4,2,1,0,32768,0.0020,7504
0468,256,4,2,1,0,65536,0.0020,7495
0469,256,4,2,2,0,1024,0.0017,8050
0470,256,4,2,2,0,2048,0.0017,7518
0471,256,4,2,2,0,4096,0.0018,7525
0473,256,4,2,2,0,16384,0.0017,7138
0474,256,4,2,2,0,32768,0.0016,7154
0475,256,4,2,2,0,65536,0.0016,7085
0481,256,4,2,3,0,32768,0.0016,7071
0482,256,4,2,3,0,65536,0.0016,7637
0484,256,4,3,1,0,2048,0.0014,8201
0485,256,4,3,1,0,4096,0.0014,7610
0486,256,4,3,1,0,8192,0.0013,7463
0487,256,4,3,1,0,16384,0.0013,7527
0488,256,4,3,1,0,32768,0.0013,7101
0489,256,4,3,1,0,65536,0.0013,7524
0491,256,4,3,2,0,2048,0.0019,7833
0492,256,4,3,2,0,4096,0.0018,7974
0493,256,4,3,2,0,8192,0.0018,7401
0494,256,4,3,2,0,16384,0.0018,7074
0495,256,4,3,2,0,32768,0.0017,7440
0497,256,4,3,3,0,1024,0.0017,7793
0499,256,4,3,3,0,4096,0.0017,7684
0500,256,4,3,3,0,8192,0.0018,7476
0501,256,4,3,3,0,16384,0.0017,7036
0503,256,4,3,3,0,65536,0.0016,7124
0504,256,4,4,1,0,1024,0.0014,7988
0505,256,4,4,1,0,2048,0.0014,7909
0507,256,4,4,1,0,8192,0.0014,7701
0510,256,4,4,1,0,65536,0.0014,7569
0511,256,4,4,2,0,1024,0.0017,8295
0514,256,4,4,2,0,8192,0.0017,7644
0517,256,4,4,2,0,65536,0.0016,7515
0521,256,4,4,3,0,8192,0.0014,7301
0522,256,4,4,3,0,16384,0.0015,7087
0524,256,4,4,3,0,65536,0.0015,7212
0527,256,4,5,1,0,4096,0.0014,7656
0529,256,4,5,1,0,16384,0.0014,7552
0530,256,4,5,1,0,32768,0.0013,7506
0531,256,4,5,1,0,65536,0.0014,7546
0532,256,4,5,2,0,1024,0.0016,7862
0533,256,4,5,2,0,2048,0.0016,7609
0534,256,4,5,2,0,4096,0.0016,7736
0536,256,4,5,2,0,16384,0.0017,7191
0538,256,4,5,2,0,65536,0.0016,7413
0540,256,4,5,3,0,2048,0.0015,7936
0541,256,4,5,3,0,4096,0.0017,7865
0542,256,4,5,3,0,8192,0.0016,7463
0543,256,4,5,3,0,16384,0.0018,9320
0544,256,4,5,3,0,32768,0.0018,9306
0545,256,4,5,3,0,65536,0.0016,9337
0546,256,4,6,1,0,1024,0.0014,7679
0547,256,4,6,1,0,2048,0.0014,7769
0548,256,4,6,1,0,4096,0.0013,7255
0549,256,4,6,1,0,8192,0.0013,7603
0550,256,4,6,1,0,16384,0.0012,7052
0551,256,4,6,1,0,32768,0.0013,7454
0553,256,4,6,2,0,1024,0.0009,7623
0555,256,4,6,2,0,4096,0.0010,8060
0556,256,4,6,2,0,8192,0.0010,7100
0557,256,4,6,2,0,16384,0.0010,7619
0558,256,4,6,2,0,32768,0.0009,7491
0559,256,4,6,2,0,65536,0.0009,7616
0561,256,4,6,3,0,2048,0.0017,7935
0564,256,4,6,3,0,16384,0.0018,7088
0565,256,4,6,3,0,32768,0.0018,7262
0566,256,4,6,3,0,65536,0.0016,7087
0568,256,4,7,1,0,2048,0.0015,7389
0569,256,4,7,1,0,4096,0.0016,7953
0571,256,4,7,1,0,16384,0.0015,7110
0572,256,4,7,1,0,32768,0.0015,7308
0573,256,4,7,1,0,65536,0.0014,7034
0575,256,4,7,2,0,2048,0.0010,7832
0576,256,4,7,2,0,4096,0.0010,7775
0577,256,4,7,2,0,8192,0.0010,7110
0579,256,4,7,2,0,32768,0.0009,7848
0580,256,4,7,2,0,65536,0.0009,7676
0581,256,4,7,3,0,1024,0.0018,9989
0582,256,4,7,3,0,2048,0.0017,7629
0583,256,4,7,3,0,4096,0.0015,7490
0584,256,4,7,3,0,8192,0.0018,9443
0585,256,4,7,3,0,16384,0.0015,7375
0586,256,4,7,3,0,32768,0.0015,7379
0587,256,4,7,3,0,65536,0.0015,7316
0588,256,5,1,1,0,1024,0.0023,7580
0589,256,5,1,1,0,2048,0.0022,7550
0590,256,5,1,1,0,4096,0.0024,7386
0591,256,5,1,1,0,8192,0.0024,7056
0592,256,5,1,1,0,16384,0.0025,7057
0593,256,5,1,1,0,32768,0.0023,7551
0594,256,5,1,1,0,65536,0.0023,7530
0595,256,5,1,2,0,1024,0.0019,7634
0596,256,5,1,2,0,2048,0.0021,7708
0597,256,5,1,2,0,4096,0.0019,7748
0598,256,5,1,2,0,8192,0.0021,7435
0600,256,5,1,2,0,32768,0.0020,7409
0601,256,5,1,2,0,65536,0.0021,7549
0602,256,5,1,3,0,1024,0.0018,8297
0603,256,5,1,3,0,2048,0.0020,7868
0605,256,5,1,3,0,8192,0.0019,7159
0606,256,5,1,3,0,16384,0.0019,7059
0607,256,5,1,3,0,32768,0.0020,7104
0608,256,5,1,3,0,65536,0.0019,7135
0609,256,5,2,1,0,1024,0.0019,7737
0611,256,5,2,1,0,4096,0.0021,7740
0614,256,5,2,1,0,32768,0.0020,7504
0615,256,5,2,1,0,65536,0.0020,7495
0616,256,5,2,2,0,1024,0.0017,8050
0617,256,5,2,2,0,2048,0.0017,7518
0618,256,5,2,2,0,4096,0.0018,7525
0620,256,5,2,2,0,16384,0.0017,7138
0621,256,5,2,2,0,32768,0.0016,7154
0623,256,5,2,3,0,1024,0.0016,8509
0628,256,5,2,3,0,32768,0.0016,7071
0629,256,5,2,3,0,65536,0.0016,7637
0630,256,5,3,1,0,1024,0.0013,8151
0631,256,5,3,1,0,2048,0.0014,8201
0632,256,5,3,1,0,4096,0.0014,7610
0633,256,5,3,1,0,8192,0.0013,7463
0634,256,5,3,1,0,16384,0.0013,7527
0635,256,5,3,1,0,32768,0.0013,7101
0636,256,5,3,1,0,65536,0.0014,7538
0637,256,5,3,2,0,1024,0.0018,8008
0638,256,5,3,2,0,2048,0.0019,7833
0639,256,5,3,2,0,4096,0.0018,7974
0640,256,5,3,2,0,8192,0.0018,7401
0641,256,5,3,2,0,16384,0.0018,7074
0642,256,5,3,2,0,32768,0.0017,7440
0643,256,5,3,2,0,65536,0.0018,7128
0644,256,5,3,3,0,1024,0.0017,7793
0646,256,5,3,3,0,4096,0.0017,7684
0647,256,5,3,3,0,8192,0.0018,7476
0648,256,5,3,3,0,16384,0.0017,7036
0649,256,5,3,3,0,32768,0.0018,8067
0650,256,5,3,3,0,65536,0.0016,7124
0652,256,5,4,1,0,2048,0.0014,7909
0653,256,5,4,1,0,4096,0.0014,7747
0655,256,5,4,1,0,16384,0.0013,7083
0656,256,5,4,1,0,32768,0.0014,7370
0657,256,5,4,1,0,65536,0.0014,7569
0658,256,5,4,2,0,1024,0.0017,8295
0661,256,5,4,2,0,8192,0.0017,7644
0664,256,5,4,2,0,65536,0.0016,7515
0666,256,5,4,3,0,2048,0.0015,7484
0667,256,5,4,3,0,4096,0.0016,7526
0668,256,5,4,3,0,8192,0.0014,7301
0669,256,5,4,3,0,16384,0.0015,7087
0671,256,5,4,3,0,65536,0.0015,7212
0674,256,5,5,1,0,4096,0.0014,7656
0675,256,5,5,1,0,8192,0.0013,7188
0676,256,5,5,1,0,16384,0.0014,7552
0677,256,5,5,1,0,32768,0.0013,7506
0678,256,5,5,1,0,65536,0.0014,7546
0679,256,5,5,2,0,1024,0.0016,7862
0680,256,5,5,2,0,2048,0.0016,7609
0681,256,5,5,2,0,4096,0.0016,7736
0682,256,5,5,2,0,8192,0.0017,7117
0683,256,5,5,2,0,16384,0.0017,7191
0684,256,5,5,2,0,32768,0.0016,7656
0685,256,5,5,2,0,65536,0.0016,7413
0688,256,5,5,3,0,4096,0.0017,7865
0689,256,5,5,3,0,8192,0.0016,7463
0690,256,5,5,3,0,16384,0.0018,9320
0691,256,5,5,3,0,32768,0.0018,9306
0692,256,5,5,3,0,65536,0.0016,9337
0693,256,5,6,1,0,1024,0.0014,7679
0694,256,5,6,1,0,2048,0.0014,7769
0696,256,5,6,1,0,8192,0.0013,7603
0697,256,5,6,1,0,16384,0.0012,7052
0698,256,5,6,1,0,32768,0.0013,7454
0700,256,5,6,2,0,1024,0.0009,7623
0702,256,5,6,2,0,4096,0.0010,8060
0703,256,5,6,2,0,8192,0.0010,7100
0704,256,5,6,2,0,16384,0.0010,7619
0705,256,5,6,2,0,32768,0.0009,7491
0706,256,5,6,2,0,65536,0.0009,7616
0711,256,5,6,3,0,16384,0.0018,7088
0713,256,5,6,3,0,65536,0.0017,7095
0715,256,5,7,1,0,2048,0.0015,7389
0716,256,5,7,1,0,4096,0.0016,7953
0717,256,5,7,1,0,8192,0.0015,7135
0718,256,5,7,1,0,16384,0.0015,7110
0719,256,5,7,1,0,32768,0.0015,7308
0720,256,5,7,1,0,65536,0.0014,7031
0721,256,5,7,2,0,1024,0.0009,7657
0722,256,5,7,2,0,2048,0.0010,7832
0723,256,5,7,2,0,4096,0.0010,7775
0724,256,5,7,2,0,8192,0.0010,7110
0727,256,5,7,2,0,65536,0.0009,7676
0729,256,5,7,3,0,2048,0.0017,7629
0730,256,5,7,3,0,4096,0.0015,7490
0731,256,5,7,3,0,8192,0.0018,9443
0732,256,5,7,3,0,16384,0.0015,7375
0733,256,5,7,3,0,32768,0.0015,7379
0734,256,5,7,3,0,65536,0.0015,7316
0735,256,6,1,1,0,1024,0.0023,7580
0737,256,6,1,1,0,4096,0.0024,7386
0738,256,6,1,1,0,8192,0.0024,7056
0739,256,6,1,1,0,16384,0.0025,7057
0740,256,6,1,1,0,32768,0.0023,7551
0741,256,6,1,1,0,65536,0.0023,7530
0743,256,6,1,2,0,2048,0.0021,7708
0744,256,6,1,2,0,4096,0.0019,7748
0745,256,6,1,2,0,8192,0.0021,7435
0746,256,6,1,2,0,16384,0.0021,7137
0747,256,6,1,2,0,32768,0.0020,7409
0749,256,6,1,3,0,1024,0.0018,8297
0750,256,6,1,3,0,2048,0.0020,7868
0753,256,6,1,3,0,16384,0.0019,7049
0754,256,6,1,3,0,32768,0.0020,7104
0755,256,6,1,3,0,65536,0.0020,7146
0756,256,6,2,1,0,1024,0.0019,7737
0757,256,6,2,1,0,2048,0.0021,8025
0758,256,6,2,1,0,4096,0.0021,7740
0761,256,6,2,1,0,32768,0.0020,7504
0762,256,6,2,1,0,65536,0.0020,7495
0763,256,6,2,2,0,1024,0.0017,8050
0764,256,6,2,2,0,2048,0.0017,7518
0765,256,6,2,2,0,4096,0.0018,7525
0767,256,6,2,2,0,16384,0.0017,7138
0768,256,6,2,2,0,32768,0.0016,7154
0771,256,6,2,3,0,2048,0.0018,7987
0772,256,6,2,3,0,4096,0.0016,7845
0774,256,6,2,3,0,16384,0.0016,7064
0775,256,6,2,3,0,32768,0.0016,7071
0776,256,6,2,3,0,65536,0.0016,7637
0778,256,6,3,1,0,2048,0.0014,8201
0779,256,6,3,1,0,4096,0.0014,7610
0780,256,6,3,1,0,8192,0.0013,7463
0781,256,6,3,1,0,16384,0.0013,7527
0782,256,6,3,1,0,32768,0.0013,7101
0783,256,6,3,1,0,65536,0.0013,7524
0784,256,6,3,2,0,1024,0.0018,8008
0785,256,6,3,2,0,2048,0.0019,7833
0786,256,6,3,2,0,4096,0.0018,7974
0787,256,6,3,2,0,8192,0.0018,7401
0788,256,6,3,2,0,16384,0.0018,7074
0789,256,6,3,2,0,32768,0.0017,7440
0791,256,6,3,3,0,1024,0.0017,7793
0793,256,6,3,3,0,4096,0.0017,7684
0795,256,6,3,3,0,16384,0.0017,7036
0796,256,6,3,3,0,32768,0.0018,8067
0797,256,6,3,3,0,65536,0.0016,7124
0798,256,6,4,1,0,1024,0.0014,7988
0799,256,6,4,1,0,2048,0.0014,7909
0801,256,6,4,1,0,8192,0.0014,7701
0803,256,6,4,1,0,32768,0.0014,7370
0804,256,6,4,1,0,65536,0.0014,7569
0805,256,6,4,2,0,1024,0.0017,8295
0808,256,6,4,2,0,8192,0.0017,7644
0811,256,6,4,2,0,65536,0.0016,7515
0813,256,6,4,3,0,2048,0.0015,7484
0814,256,6,4,3,0,4096,0.0016,7526
0815,256,6,4,3,0,8192,0.0014,7301
0816,256,6,4,3,0,16384,0.0015,7087
0818,256,6,4,3,0,65536,0.0015,7212
0819,256,6,5,1,0,1024,0.0014,8146
0821,256,6,5,1,0,4096,0.0014,7656
0822,256,6,5,1,0,8192,0.0013,7188
0823,256,6,5,1,0,16384,0.0014,7552
0824,256,6,5,1,0,32768,0.0013,7506
0825,256,6,5,1,0,65536,0.0014,7546
0826,256,6,5,2,0,1024,0.0016,7862
0827,256,6,5,2,0,2048,0.0016,7609
0828,256,6,5,2,0,4096,0.0016,7736
0830,256,6,5,2,0,16384,0.0017,7191
0832,256,6,5,2,0,65536,0.0016,7413
0835,256,6,5,3,0,4096,0.0017,7865
0836,256,6,5,3,0,8192,0.0016,7463
0837,256,6,5,3,0,16384,0.0018,9320
0838,256,6,5,3,0,32768,0.0018,9306
0839,256,6,5,3,0,65536,0.0018,9334
0840,256,6,6,1,0,1024,0.0014,7679
0841,256,6,6,1,0,2048,0.0014,7769
0842,256,6,6,1,0,4096,0.0013,7255
0843,256,6,6,1,0,8192,0.0013,7603
0844,256,6,6,1,0,16384,0.0012,7052
0845,256,6,6,1,0,32768,0.0013,7454
0846,256,6,6,1,0,65536,0.0013,7439
0847,256,6,6,2,0,1024,0.0009,7623
0849,256,6,6,2,0,4096,0.0010,8060
0850,256,6,6,2,0,8192,0.0010,7100
0851,256,6,6,2,0,16384,0.0010,7619
0852,256,6,6,2,0,32768,0.0009,7491
0853,256,6,6,2,0,65536,0.0009,7616
0856,256,6,6,3,0,4096,0.0017,7265
0858,256,6,6,3,0,16384,0.0018,7088
0859,256,6,6,3,0,32768,0.0018,7262
0860,256,6,6,3,0,65536,0.0016,7087
0862,256,6,7,1,0,2048,0.0015,7389
0863,256,6,7,1,0,4096,0.0016,7953
0864,256,6,7,1,0,8192,0.0015,7135
0865,256,6,7,1,0,16384,0.0015,7110
0867,256,6,7,1,0,65536,0.0014,7034
0868,256,6,7,2,0,1024,0.0009,7651
0869,256,6,7,2,0,2048,0.0010,7832
0870,256,6,7,2,0,4096,0.0010,7775
0871,256,6,7,2,0,8192,0.0010,7110
0874,256,6,7,2,0,65536,0.0009,7676
0876,256,6,7,3,0,2048,0.0017,7629
0878,256,6,7,3,0,8192,0.0018,9443
0879,256,6,7,3,0,16384,0.0015,7390
0880,256,6,7,3,0,32768,0.0015,7379
0881,256,6,7,3,0,65536,0.0015,7316
0882,256,7,1,1,0,1024,0.0023,7580
0883,256,7,1,1,0,2048,0.0022,7550
0884,256,7,1,1,0,4096,0.0024,7386
0885,256,7,1,1,0,8192,0.0024,7056
0886,256,7,1,1,0,16384,0.0025,7057
0888,256,7,1,1,0,65536,0.0023,7530
0890,256,7,1,2,0,2048,0.0021,7708
0891,256,7,1,2,0,4096,0.0019,7748
0892,256,7,1,2,0,8192,0.0021,7435
0893,256,7,1,2,0,16384,0.0021,7137
0894,256,7,1,2,0,32768,0.0020,7409
0895,256,7,1,2,0,65536,0.0021,7549
0896,256,7,1,3,0,1024,0.0018,8297
0897,256,7,1,3,0,2048,0.0020,7868
0900,256,7,1,3,0,16384,0.0019,7049
0901,256,7,1,3,0,32768,0.0020,7104
0902,256,7,1,3,0,65536,0.0019,7135
0903,256,7,2,1,0,1024,0.0019,7737
0905,256,7,2,1,0,4096,0.0021,7740
0906,256,7,2,1,0,8192,0.0020,7639
0907,256,7,2,1,0,16384,0.0020,7524
0908,256,7,2,1,0,32768,0.0020,7504
0909,256,7,2,1,0,65536,0.0020,7495
0910,256,7,2,2,0,1024,0.0017,8050
0911,256,7,2,2,0,2048,0.0017,7518
0912,256,7,2,2,0,4096,0.0018,7525
0914,256,7,2,2,0,16384,0.0017,7138
0915,256,7,2,2,0,32768,0.0016,7154
0916,256,7,2,2,0,65536,0.0016,7085
0917,256,7,2,3,0,1024,0.0016,8509
0921,256,7,2,3,0,16384,0.0016,7064
0922,256,7,2,3,0,32768,0.0016,7071
0923,256,7,2,3,0,65536,0.0016,7637
0925,256,7,3,1,0,2048,0.0014,8201
0926,256,7,3,1,0,4096,0.0014,7610
0927,256,7,3,1,0,8192,0.0013,7463
0928,256,7,3,1,0,16384,0.0013,7527
0929,256,7,3,1,0,32768,0.0013,7101
0930,256,7,3,1,0,65536,0.0013,7524
0932,256,7,3,2,0,2048,0.0019,7833
0933,256,7,3,2,0,4096,0.0018,7974
0934,256,7,3,2,0,8192,0.0018,7401
0935,256,7,3,2,0,16384,0.0018,7074
0936,256,7,3,2,0,32768,0.0017,7440
0938,256,7,3,3,0,1024,0.0017,7793
0940,256,7,3,3,0,4096,0.0017,7684
0941,256,7,3,3,0,8192,0.0018,7476
0942,256,7,3,3,0,16384,0.0017,7036
0944,256,7,3,3,0,65536,0.0016,7124
0948,256,7,4,1,0,8192,0.0014,7701
0949,256,7,4,1,0,16384,0.0013,7083
0950,256,7,4,1,0,32768,0.0014,7370
0951,256,7,4,1,0,65536,0.0014,7569
0952,256,7,4,2,0,1024,0.0017,8295
0953,256,7,4,2,0,2048,0.0018,8148
0955,256,7,4,2,0,8192,0.0017,7644
0957,256,7,4,2,0,32768,0.0017,7068
0958,256,7,4,2,0,65536,0.0016,7515
0962,256,7,4,3,0,8192,0.0014,7301
0963,256,7,4,3,0,16384,0.0015,7087
0965,256,7,4,3,0,65536,0.0015,7212
0967,256,7,5,1,0,2048,0.0013,7422
0968,256,7,5,1,0,4096,0.0014,7656
0969,256,7,5,1,0,8192,0.0013,7188
0970,256,7,5,1,0,16384,0.0014,7552
0971,256,7,5,1,0,32768,0.0013,7506
0972,256,7,5,1,0,65536,0.0014,7546
0973,256,7,5,2,0,1024,0.0016,7862
0974,256,7,5,2,0,2048,0.0016,7609
0975,256,7,5,2,0,4096,0.0016,7736
0977,256,7,5,2,0,16384,0.0017,7191
0978,256,7,5,2,0,32768,0.0016,7656
0979,256,7,5,2,0,65536,0.0016,7413
0982,256,7,5,3,0,4096,0.0017,7865
0983,256,7,5,3,0,8192,0.0016,7463
0984,256,7,5,3,0,16384,0.0018,9320
0985,256,7,5,3,0,32768,0.0018,9306
0986,256,7,5,3,0,65536,0.0016,9337
0987,256,7,6,1,0,1024,0.0014,7679
0988,256,7,6,1,0,2048,0.0014,7769
0989,256,7,6,1,0,4096,0.0013,7255
0990,256,7,6,1,0,8192,0.0013,7603
0991,256,7,6,1,0,16384,0.0012,7052
0992,256,7,6,1,0,32768,0.0013,7454
0994,256,7,6,2,0,1024,0.0009,7623
0996,256,7,6,2,0,4096,0.0010,8060
0997,256,7,6,2,0,8192,0.0010,7100
0998,256,7,6,2,0,16384,0.0010,7619
0999,256,7,6,2,0,32768,0.0009,7491
1000,256,7,6,2,0,65536,0.0009,7616
1002,256,7,6,3,0,2048,0.0017,7935
1005,256,7,6,3,0,16384,0.0018,7088
1007,256,7,6,3,0,65536,0.0016,7087
1009,256,7,7,1,0,2048,0.0015,7389
1010,256,7,7,1,0,4096,0.0016,7953
1014,256,7,7,1,0,65536,0.0014,7034
1016,256,7,7,2,0,2048,0.0010,7832
1017,256,7,7,2,0,4096,0.0010,7775
1018,256,7,7,2,0,8192,0.0010,7110
1021,256,7,7,2,0,65536,0.0009,7676
1023,256,7,7,3,0,2048,0.0017,7629
1025,256,7,7,3,0,8192,0.0018,9443
1026,256,7,7,3,0,16384,0.0015,7375
1027,256,7,7,3,0,32768,0.0015,7379
1028,256,7,7,3,0,65536,0.0015,7316
1029,256,8,1,1,0,1024,0.0023,7580
1031,256,8,1,1,0,4096,0.0024,7386
1032,256,8,1,1,0,8192,0.0024,7056
1033,256,8,1,1,0,16384,0.0025,7057
1034,256,8,1,1,0,32768,0.0023,7551
1035,256,8,1,1,0,65536,0.0023,7530
1037,256,8,1,2,0,2048,0.0021,7708
1038,256,8,1,2,0,4096,0.0019,7748
1039,256,8,1,2,0,8192,0.0021,7435
1040,256,8,1,2,0,16384,0.0021,7137
1041,256,8,1,2,0,32768,0.0020,7409
1042,256,8,1,2,0,65536,0.0021,7549
1043,256,8,1,3,0,1024,0.0018,8297
1044,256,8,1,3,0,2048,0.0020,7868
1047,256,8,1,3,0,16384,0.0019,7049
1048,256,8,1,3,0,32768,0.0020,7104
1049,256,8,1,3,0,65536,0.0019,7135
1050,256,8,2,1,0,1024,0.0019,7737
1052,256,8,2,1,0,4096,0.0021,7740
1055,256,8,2,1,0,32768,0.0020,7504
1056,256,8,2,1,0,65536,0.0020,7495
1057,256,8,2,2,0,1024,0.0017,8050
1058,256,8,2,2,0,2048,0.0017,7518
1059,256,8,2,2,0,4096,0.0018,7525
1061,256,8,2,2,0,16384,0.0017,7138
1062,256,8,2,2,0,32768,0.0016,7154
1064,256,8,2,3,0,1024,0.0016,8509
1069,256,8,2,3,0,32768,0.0016,7071
1070,256,8,2,3,0,65536,0.0016,7637
1072,256,8,3,1,0,2048,0.0014,8201
1073,256,8,3,1,0,4096,0.0014,7610
1074,256,8,3,1,0,8192,0.0013,7463
1076,256,8,3,1,0,32768,0.0013,7101
1077,256,8,3,1,0,65536,0.0013,7524
1078,256,8,3,2,0,1024,0.0018,8008
1079,256,8,3,2,0,2048,0.0019,7833
1080,256,8,3,2,0,4096,0.0018,7974
1081,256,8,3,2,0,8192,0.0018,7401
1082,256,8,3,2,0,16384,0.0018,7074
1083,256,8,3,2,0,32768,0.0017,7440
1085,256,8,3,3,0,1024,0.0017,7793
1087,256,8,3,3,0,4096,0.0017,7684
1088,256,8,3,3,0,8192,0.0018,7476
1089,256,8,3,3,0,16384,0.0017,7036
1091,256,8,3,3,0,65536,0.0016,7124
1093,256,8,4,1,0,2048,0.0014,7909
1095,256,8,4,1,0,8192,0.0014,7701
1098,256,8,4,1,0,65536,0.0014,7569
1099,256,8,4,2,0,1024,0.0017,8295
1101,256,8,4,2,0,4096,0.0018,7621
1102,256,8,4,2,0,8192,0.0017,7644
1105,256,8,4,2,0,65536,0.0016,7515
1109,256,8,4,3,0,8192,0.0014,7301
1110,256,8,4,3,0,16384,0.0015,7087
1112,256,8,4,3,0,65536,0.0015,7212
1113,256,8,5,1,0,1024,0.0014,8146
1114,256,8,5,1,0,2048,0.0013,7422
1115,256,8,5,1,0,4096,0.0014,7656
1116,256,8,5,1,0,8192,0.0013,7188
1117,256,8,5,1,0,16384,0.0014,7552
1118,256,8,5,1,0,32768,0.0013,7506
1119,256,8,5,1,0,65536,0.0014,7546
1120,256,8,5,2,0,1024,0.0016,7862
1121,256,8,5,2,0,2048,0.0016,7609
1122,256,8,5,2,0,4096,0.0016,7736
1124,256,8,5,2,0,16384,0.0017,7191
1125,256,8,5,2,0,32768,0.0016,7656
1126,256,8,5,2,0,65536,0.0016,7413
1129,256,8,5,3,0,4096,0.0017,7865
1131,256,8,5,3,0,16384,0.0018,9322
1132,256,8,5,3,0,32768,0.0018,9306
1133,256,8,5,3,0,65536,0.0016,9337
1134,256,8,6,1,0,1024,0.0014,7679
1135,256,8,6,1,0,2048,0.0014,7769
1137,256,8,6,1,0,8192,0.0014,7603
1138,256,8,6,1,0,16384,0.0012,7052
1139,256,8,6,1,0,32768,0.0013,7454
1141,256,8,6,2,0,1024,0.0009,7623
1142,256,8,6,2,0,2048,0.0010,7797
1143,256,8,6,2,0,4096,0.0010,8060
1144,256,8,6,2,0,8192,0.0010,7100
1145,256,8,6,2,0,16384,0.0010,7619
1146,256,8,6,2,0,32768,0.0009,7491
1147,256,8,6,2,0,65536,0.0009,7616
1149,256,8,6,3,0,2048,0.0017,7935
1152,256,8,6,3,0,16384,0.0018,7088
1154,256,8,6,3,0,65536,0.0016,7087
1156,256,8,7,1,0,2048,0.0015,7389
1157,256,8,7,1,0,4096,0.0016,7953
1158,256,8,7,1,0,8192,0.0015,7135
1159,256,8,7,1,0,16384,0.0015,7110
1160,256,8,7,1,0,32768,0.0015,7308
1161,256,8,7,1,0,65536,0.0014,7034
1163,256,8,7,2,0,2048,0.0010,7832
1164,256,8,7,2,0,4096,0.0010,7775
1165,256,8,7,2,0,8192,0.0010,7110
1166,256,8,7,2,0,16384,0.0010,6994
1168,256,8,7,2,0,65536,0.0009,7676
1170,256,8,7,3,0,2048,0.0017,7629
1172,256,8,7,3,0,8192,0.0018,9443
1173,256,8,7,3,0,16384,0.0015,7390
1174,256,8,7,3,0,32768,0.0015,7379
1175,256,8,7,3,0,65536,0.0015,7316
1176,256,9,1,1,0,1024,0.0023,7580
1177,256,9,1,1,0,2048,0.0022,7550
1178,256,9,1,1,0,4096,0.0024,7386
1180,256,9,1,1,0,16384,0.0025,7057
1182,256,9,1,1,0,65536,0.0023,7530
1184,256,9,1,2,0,2048,0.0021,7708
1185,256,9,1,2,0,4096,0.0019,7748
1186,256,9,1,2,0,8192,0.0021,7435
1187,256,9,1,2,0,16384,0.0021,7137
1188,256,9,1,2,0,32768,0.0020,7409
1189,256,9,1,2,0,65536,0.0021,7549
1190,256,9,1,3,0,1024,0.0018,8297
1191,256,9,1,3,0,2048,0.0020,7868
1194,256,9,1,3,0,16384,0.0019,7049
1195,256,9,1,3,0,32768,0.0020,7104
1196,256,9,1,3,0,65536,0.0019,7135
1197,256,9,2,1,0,1024,0.0019,7737
1201,256,9,2,1,0,16384,0.0020,7524
1202,256,9,2,1,0,32768,0.0020,7504
1203,256,9,2,1,0,65536,0.0020,7495
1204,256,9,2,2,0,1024,0.0017,8050
1205,256,9,2,2,0,2048,0.0017,7518
1206,256,9,2,2,0,4096,0.0018,7525
1207,256,9,2,2,0,8192,0.0018,7261
1208,256,9,2,2,0,16384,0.0017,7138
1209,256,9,2,2,0,32768,0.0016,7154
1211,256,9,2,3,0,1024,0.0016,8509
1214,256,9,2,3,0,8192,0.0016,7236
1216,256,9,2,3,0,32768,0.0016,7071
1217,256,9,2,3,0,65536,0.0016,7637
1219,256,9,3,1,0,2048,0.0014,8201
1220,256,9,3,1,0,4096,0.0014,7610
1221,256,9,3,1,0,8192,0.0013,7463
1223,256,9,3,1,0,32768,0.0013,7101
1224,256,9,3,1,0,65536,0.0013,7524
1226,256,9,3,2,0,2048,0.0019,7833
1227,256,9,3,2,0,4096,0.0018,7974
1228,256,9,3,2,0,8192,0.0018,7401
1229,256,9,3,2,0,16384,0.0018,7074
1230,256,9,3,2,0,32768,0.0017,7440
1232,256,9,3,3,0,1024,0.0017,7793
1234,256,9,3,3,0,4096,0.0017,7684
1236,256,9,3,3,0,16384,0.0017,7036
1238,256,9,3,3,0,65536,0.0016,7124
1239,256,9,4,1,0,1024,0.0014,7988
1240,256,9,4,1,0,2048,0.0014,7909
1241,256,9,4,1,0,4096,0.0014,7747
1242,256,9,4,1,0,8192,0.0014,7701
1245,256,9,4,1,0,65536,0.0014,7569
1246,256,9,4,2,0,1024,0.0017,8295
1249,256,9,4,2,0,8192,0.0017,7644
1252,256,9,4,2,0,65536,0.0016,7515
1254,256,9,4,3,0,2048,0.0015,7484
1256,256,9,4,3,0,8192,0.0014,7301
1257,256,9,4,3,0,16384,0.0015,7087
1259,256,9,4,3,0,65536,0.0015,7212
1260,256,9,5,1,0,1024,0.0014,8146
1262,256,9,5,1,0,4096,0.0014,7656
1263,256,9,5,1,0,8192,0.0013,7188
1264,256,9,5,1,0,16384,0.0014,7552
1265,256,9,5,1,0,32768,0.0013,7506
1266,256,9,5,1,0,65536,0.0014,7546
1267,256,9,5,2,0,1024,0.0016,7862
1268,256,9,5,2,0,2048,0.0016,7609
1269,256,9,5,2,0,4096,0.0016,7736
1271,256,9,5,2,0,16384,0.0017,7191
1273,256,9,5,2,0,65536,0.0016,7413
1276,256,9,5,3,0,4096,0.0017,7865
1277,256,9,5,3,0,8192,0.0016,7463
1278,256,9,5,3,0,16384,0.0018,9320
1279,256,9,5,3,0,32768,0.0018,9306
1280,256,9,5,3,0,65536,0.0016,9337
1281,256,9,6,1,0,1024,0.0014,7679
1282,256,9,6,1,0,2048,0.0013,7385
1283,256,9,6,1,0,4096,0.0013,7255
1284,256,9,6,1,0,8192,0.0013,7603
1285,256,9,6,1,0,16384,0.0012,7052
1286,256,9,6,1,0,32768,0.0013,7454
1288,256,9,6,2,0,1024,0.0009,7623
1290,256,9,6,2,0,4096,0.0010,8060
1291,256,9,6,2,0,8192,0.0010,7100
1292,256,9,6,2,0,16384,0.0010,7619
1293,256,9,6,2,0,32768,0.0009,7491
1294,256,9,6,2,0,65536,0.0009,7616
1295,256,9,6,3,0,1024,0.0018,7898
1299,256,9,6,3,0,16384,0.0018,7088
1301,256,9,6,3,0,65536,0.0016,7087
1303,256,9,7,1,0,2048,0.0015,7389
1306,256,9,7,1,0,16384,0.0015,7110
1308,256,9,7,1,0,65536,0.0014,7034
1310,256,9,7,2,0,2048,0.0010,7832
1311,256,9,7,2,0,4096,0.0010,7775
1312,256,9,7,2,0,8192,0.0010,7110
1315,256,9,7,2,0,65536,0.0009,7676
1317,256,9,7,3,0,2048,0.0016,7628
1319,256,9,7,3,0,8192,0.0018,9443
1320,256,9,7,3,0,16384,0.0015,7375
1321,256,9,7,3,0,32768,0.0015,7379
1322,256,9,7,3,0,65536,0.0015,7316
1323,256,10,1,1,0,1024,0.0023,7580
1324,256,10,1,1,0,2048,0.0022,7550
1325,256,10,1,1,0,4096,0.0024,7386
1326,256,10,1,1,0,8192,0.0024,7056
1327,256,10,1,1,0,16384,0.0025,7057
1329,256,10,1,1,0,65536,0.0023,7530
1331,256,10,1,2,0,2048,0.0021,7708
1332,256,10,1,2,0,4096,0.0019,7748
1333,256,10,1,2,0,8192,0.0021,7435
1334,256,10,1,2,0,16384,0.0021,7137
1335,256,10,1,2,0,32768,0.0020,7409
1336,256,10,1,2,0,65536,0.0021,7555
1337,256,10,1,3,0,1024,0.0018,8297
1338,256,10,1,3,0,2048,0.0020,7868
1341,256,10,1,3,0,16384,0.0019,7049
1342,256,10,1,3,0,32768,0.0020,7104
1343,256,10,1,3,0,65536,0.0019,7135
1344,256,10,2,1,0,1024,0.0019,7737
1349,256,10,2,1,0,32768,0.0020,7504
1350,256,10,2,1,0,65536,0.0020,7495
1351,256,10,2,2,0,1024,0.0017,8050
1352,256,10,2,2,0,2048,0.0017,7518
1353,256,10,2,2,0,4096,0.0018,7525
1354,256,10,2,2,0,8192,0.0018,7261
1355,256,10,2,2,0,16384,0.0017,7138
1356,256,10,2,2,0,32768,0.0016,7154
1358,256,10,2,3,0,1024,0.0016,8509
1360,256,10,2,3,0,4096,0.0016,7845
1363,256,10,2,3,0,32768,0.0016,7071
1364,256,10,2,3,0,65536,0.0016,7637
1365,256,10,3,1,0,1024,0.0013,8151
1366,256,10,3,1,0,2048,0.0014,8201
1367,256,10,3,1,0,4096,0.0014,7610
1368,256,10,3,1,0,8192,0.0013,7463
1370,256,10,3,1,0,32768,0.0013,7101
1371,256,10,3,1,0,65536,0.0013,7524
1372,256,10,3,2,0,1024,0.0018,8008
1373,256,10,3,2,0,2048,0.0019,7833
1374,256,10,3,2,0,4096,0.0018,7974
1375,256,10,3,2,0,8192,0.0018,7401
1376,256,10,3,2,0,16384,0.0019,7071
1377,256,10,3,2,0,32768,0.0017,7440
1379,256,10,3,3,0,1024,0.0017,7793
1380,256,10,3,3,0,2048,0.0017,7395
1381,256,10,3,3,0,4096,0.0017,7684
1383,256,10,3,3,0,16384,0.0017,7036
1385,256,10,3,3,0,65536,0.0016,7124
1386,256,10,4,1,0,1024,0.0014,7988
1387,256,10,4,1,0,2048,0.0014,7909
1392,256,10,4,1,0,65536,0.0014,7569
1393,256,10,4,2,0,1024,0.0017,8295
1396,256,10,4,2,0,8192,0.0017,7644
1398,256,10,4,2,0,32768,0.0017,7081
1399,256,10,4,2,0,65536,0.0016,7515
1400,256,10,4,3,0,1024,0.0015,7721
1403,256,10,4,3,0,8192,0.0014,7301
1404,256,10,4,3,0,16384,0.0015,7081
1406,256,10,4,3,0,65536,0.0015,7212
1409,256,10,5,1,0,4096,0.0014,7656
1410,256,10,5,1,0,8192,0.0013,7188
1411,256,10,5,1,0,16384,0.0014,7552
1412,256,10,5,1,0,32768,0.0013,7506
1413,256,10,5,1,0,65536,0.0014,7546
1414,256,10,5,2,0,1024,0.0016,7862
1415,256,10,5,2,0,2048,0.0016,7609
1416,256,10,5,2,0,4096,0.0016,7736
1418,256,10,5,2,0,16384,0.0017,7191
1420,256,10,5,2,0,65536,0.0016,7413
1423,256,10,5,3,0,4096,0.0017,7865
1424,256,10,5,3,0,8192,0.0016,7472
1425,256,10,5,3,0,16384,0.0018,9320
1426,256,10,5,3,0,32768,0.0018,9306
1427,256,10,5,3,0,65536,0.0016,9337
1428,256,10,6,1,0,1024,0.0014,7679
1429,256,10,6,1,0,2048,0.0014,7769
1430,256,10,6,1,0,4096,0.0013,7255
1431,256,10,6,1,0,8192,0.0013,7603
1432,256,10,6,1,0,16384,0.0012,7052
1433,256,10,6,1,0,32768,0.0013,7454
1434,256,10,6,1,0,65536,0.0013,7439
1435,256,10,6,2,0,1024,0.0009,7623
1436,256,10,6,2,0,2048,0.0010,7797
1437,256,10,6,2,0,4096,0.0010,8060
1438,256,10,6,2,0,8192,0.0010,7100
1439,256,10,6,2,0,16384,0.0010,7619
1440,256,10,6,2,0,32768,0.0009,7491
1441,256,10,6,2,0,65536,0.0009,7616
1443,256,10,6,3,0,2048,0.0017,7935
1445,256,10,6,3,0,8192,0.0017,7600
1446,256,10,6,3,0,16384,0.0018,7079
1448,256,10,6,3,0,65536,0.0016,7087
1450,256,10,7,1,0,2048,0.0015,7389
1451,256,10,7,1,0,4096,0.0016,7953
1453,256,10,7,1,0,16384,0.0015,7110
1455,256,10,7,1,0,65536,0.0014,7034
1457,256,10,7,2,0,2048,0.0010,7832
1458,256,10,7,2,0,4096,0.0010,7775
1459,256,10,7,2,0,8192,0.0010,7110
1461,256,10,7,2,0,32768,0.0009,7848
1462,256,10,7,2,0,65536,0.0009,7676
1464,256,10,7,3,0,2048,0.0017,7629
1466,256,10,7,3,0,8192,0.0018,9443
1467,256,10,7,3,0,16384,0.0015,7375
1468,256,10,7,3,0,32768,0.0015,7379
1469,256,10,7,3,0,65536,0.0015,7316
1470,256,11,1,1,0,1024,0.0023,7580
1471,256,11,1,1,0,2048,0.0022,7550
1472,256,11,1,1,0,4096,0.0024,7386
1473,256,11,1,1,0,8192,0.0024,7056
1474,256,11,1,1,0,16384,0.0025,7057
1475,256,11,1,1,0,32768,0.0023,7551
1476,256,11,1,1,0,65536,0.0023,7530
1478,256,11,1,2,0,2048,0.0021,7708
1479,256,11,1,2,0,4096,0.0019,7748
1481,256,11,1,2,0,16384,0.0021,7137
1482,256,11,1,2,0,32768,0.0020,7409
1483,256,11,1,2,0,65536,0.0021,7549
1484,256,11,1,3,0,1024,0.0018,8297
1485,256,11,1,3,0,2048,0.0020,7868
1488,256,11,1,3,0,16384,0.0019,7049
1489,256,11,1,3,0,32768,0.0020,7104
1490,256,11,1,3,0,65536,0.0019,7135
1491,256,11,2,1,0,1024,0.0019,7737
1492,256,11,2,1,0,2048,0.0021,8025
1493,256,11,2,1,0,4096,0.0021,7740
1496,256,11,2,1,0,32768,0.0020,7504
1497,256,11,2,1,0,65536,0.0020,7495
1498,256,11,2,2,0,1024,0.0017,8050
1499,256,11,2,2,0,2048,0.0017,7518
1500,256,11,2,2,0,4096,0.0018,7525
1501,256,11,2,2,0,8192,0.0018,7261
1502,256,11,2,2,0,16384,0.0017,7138
1503,256,11,2,2,0,32768,0.0016,7154
1506,256,11,2,3,0,2048,0.0018,7987
1510,256,11,2,3,0,32768,0.0016,7071
1511,256,11,2,3,0,65536,0.0016,7637
1513,256,11,3,1,0,2048,0.0014,8201
1514,256,11,3,1,0,4096,0.0014,7610
1515,256,11,3,1,0,8192,0.0013,7463
1517,256,11,3,1,0,32768,0.0013,7101
1518,256,11,3,1,0,65536,0.0013,7524
1520,256,11,3,2,0,2048,0.0019,7833
1522,256,11,3,2,0,8192,0.0018,7401
1523,256,11,3,2,0,16384,0.0018,7074
1524,256,11,3,2,0,32768,0.0017,7440
1526,256,11,3,3,0,1024,0.0017,7793
1528,256,11,3,3,0,4096,0.0017,7684
1530,256,11,3,3,0,16384,0.0017,7036
1532,256,11,3,3,0,65536,0.0016,7124
1534,256,11,4,1,0,2048,0.0014,7909
1536,256,11,4,1,0,8192,0.0014,7701
1539,256,11,4,1,0,65536,0.0014,7569
1540,256,11,4,2,0,1024,0.0017,8295
1543,256,11,4,2,0,8192,0.0017,7644
1546,256,11,4,2,0,65536,0.0016,7515
1548,256,11,4,3,0,2048,0.0015,7484
1549,256,11,4,3,0,4096,0.0016,7526
1550,256,11,4,3,0,8192,0.0014,7301
1551,256,11,4,3,0,16384,0.0015,7087
1553,256,11,4,3,0,65536,0.0015,7212
1554,256,11,5,1,0,1024,0.0014,8146
1556,256,11,5,1,0,4096,0.0014,7656
1557,256,11,5,1,0,8192,0.0013,7188
1558,256,11,5,1,0,16384,0.0014,7552
1559,256,11,5,1,0,32768,0.0013,7506
1560,256,11,5,1,0,65536,0.0014,7546
1561,256,11,5,2,0,1024,0.0016,7862
1562,256,11,5,2,0,2048,0.0016,7609
1563,256,11,5,2,0,4096,0.0016,7736
1565,256,11,5,2,0,16384,0.0017,7191
1566,256,11,5,2,0,32768,0.0016,7656
1567,256,11,5,2,0,65536,0.0016,7413
1570,256,11,5,3,0,4096,0.0017,7865
1571,256,11,5,3,0,8192,0.0016,7463
1572,256,11,5,3,0,16384,0.0018,9320
1573,256,11,5,3,0,32768,0.0018,9306
1574,256,11,5,3,0,65536,0.0016,9337
1575,256,11,6,1,0,1024,0.0014,7679
1576,256,11,6,1,0,2048,0.0013,7385
1578,256,11,6,1,0,8192,0.0013,7603
1579,256,11,6,1,0,16384,0.0012,7052
1580,256,11,6,1,0,32768,0.0013,7454
1582,256,11,6,2,0,1024,0.0009,7623
1584,256,11,6,2,0,4096,0.0010,8060
1585,256,11,6,2,0,8192,0.0010,7100
1586,256,11,6,2,0,16384,0.0010,7619
1587,256,11,6,2,0,32768,0.0009,7491
1588,256,11,6,2,0,65536,0.0009,7616
1593,256,11,6,3,0,16384,0.0018,7088
1595,256,11,6,3,0,65536,0.0016,7087
1596,256,11,7,1,0,1024,0.0015,7677
1597,256,11,7,1,0,2048,0.0015,7389
1600,256,11,7,1,0,16384,0.0015,7110
1602,256,11,7,1,0,65536,0.0014,7034
1603,256,11,7,2,0,1024,0.0009,7657
1604,256,11,7,2,0,2048,0.0010,7832
1605,256,11,7,2,0,4096,0.0010,7775
1606,256,11,7,2,0,8192,0.0010,7110
1607,256,11,7,2,0,16384,0.0010,6994
1609,256,11,7,2,0,65536,0.0009,7676
1610,256,11,7,3,0,1024,0.0018,9989
1611,256,11,7,3,0,2048,0.0017,7629
1612,256,11,7,3,0,4096,0.0015,7490
1613,256,11,7,3,0,8192,0.0018,9443
1614,256,11,7,3,0,16384,0.0015,7375
1615,256,11,7,3,0,32768,0.0015,7379
1616,256,11,7,3,0,65536,0.0015,7316
1617,256,12,1,1,0,1024,0.0023,7580
1618,256,12,1,1,0,2048,0.0022,7550
1619,256,12,1,1,0,4096,0.0024,7386
1621,256,12,1,1,0,16384,0.0025,7057
1622,256,12,1,1,0,32768,0.0023,7551
1623,256,12,1,1,0,65536,0.0023,7530
1625,256,12,1,2,0,2048,0.0021,7708
1626,256,12,1,2,0,4096,0.0019,7748
1628,256,12,1,2,0,16384,0.0021,7137
1629,256,12,1,2,0,32768,0.0020,7409
1630,256,12,1,2,0,65536,0.0021,7549
1631,256,12,1,3,0,1024,0.0018,8297
1632,256,12,1,3,0,2048,0.0020,7868
1635,256,12,1,3,0,16384,0.0019,7049
1636,256,12,1,3,0,32768,0.0020,7104
1637,256,12,1,3,0,65536,0.0019,7135
1638,256,12,2,1,0,1024,0.0019,7737
1639,256,12,2,1,0,2048,0.0021,8025
1640,256,12,2,1,0,4096,0.0021,7740
1642,256,12,2,1,0,16384,0.0020,7524
1643,256,12,2,1,0,32768,0.0020,7504
1644,256,12,2,1,0,65536,0.0020,7495
1645,256,12,2,2,0,1024,0.0017,8050
1646,256,12,2,2,0,2048,0.0017,7518
1647,256,12,2,2,0,4096,0.0018,7525
1649,256,12,2,2,0,16384,0.0017,7138
1650,256,12,2,2,0,32768,0.0016,7154
1652,256,12,2,3,0,1024,0.0016,8509
1657,256,12,2,3,0,32768,0.0016,7071
1658,256,12,2,3,0,65536,0.0016,7637
1659,256,12,3,1,0,1024,0.0013,8151
1660,256,12,3,1,0,2048,0.0014,8201
1661,256,12,3,1,0,4096,0.0014,7610
1662,256,12,3,1,0,8192,0.0013,7463
1663,256,12,3,1,0,16384,0.0013,7527
1664,256,12,3,1,0,32768,0.0013,7101
1665,256,12,3,1,0,65536,0.0013,7524
1666,256,12,3,2,0,1024,0.0018,8008
1667,256,12,3,2,0,2048,0.0019,7833
1668,256,12,3,2,0,4096,0.0018,7974
1669,256,12,3,2,0,8192,0.0018,7401
1670,256,12,3,2,0,16384,0.0018,7074
1671,256,12,3,2,0,32768,0.0017,7440
1673,256,12,3,3,0,1024,0.0017,7793
1675,256,12,3,3,0,4096,0.0017,7684
1676,256,12,3,3,0,8192,0.0018,7476
1677,256,12,3,3,0,16384,0.0017,7036
1679,256,12,3,3,0,65536,0.0016,7124
1680,256,12,4,1,0,1024,0.0014,7988
1681,256,12,4,1,0,2048,0.0014,7909
1682,256,12,4,1,0,4096,0.0014,7747
1683,256,12,4,1,0,8192,0.0014,7701
1685,256,12,4,1,0,32768,0.0014,7370
1686,256,12,4,1,0,65536,0.0014,7569
1687,256,12,4,2,0,1024,0.0017,8295
1690,256,12,4,2,0,8192,0.0017,7644
1693,256,12,4,2,0,65536,0.0016,7515
1694,256,12,4,3,0,1024,0.0015,7721
1697,256,12,4,3,0,8192,0.0014,7301
1698,256,12,4,3,0,16384,0.0015,7087
1699,256,12,4,3,0,32768,0.0015,7405
1700,256,12,4,3,0,65536,0.0015,7212
1701,256,12,5,1,0,1024,0.0014,8146
1703,256,12,5,1,0,4096,0.0014,7661
1704,256,12,5,1,0,8192,0.0013,7188
1705,256,12,5,1,0,16384,0.0014,7552
1706,256,12,5,1,0,32768,0.0013,7506
1707,256,12,5,1,0,65536,0.0014,7546
1708,256,12,5,2,0,1024,0.0016,7862
1709,256,12,5,2,0,2048,0.0016,7609
1710,256,12,5,2,0,4096,0.0016,7736
1711,256,12,5,2,0,8192,0.0017,7117
1712,256,12,5,2,0,16384,0.0016,7175
1713,256,12,5,2,0,32768,0.0016,7666
1714,256,12,5,2,0,65536,0.0016,7413
1717,256,12,5,3,0,4096,0.0017,7865
1718,256,12,5,3,0,8192,0.0016,7463
1719,256,12,5,3,0,16384,0.0018,9320
1720,256,12,5,3,0,32768,0.0018,9306
1721,256,12,5,3,0,65536,0.0016,9337
1722,256,12,6,1,0,1024,0.0014,7679
1723,256,12,6,1,0,2048,0.0014,7769
1724,256,12,6,1,0,4096,0.0013,7255
1725,256,12,6,1,0,8192,0.0013,7603
1726,256,12,6,1,0,16384,0.0012,7052
1727,256,12,6,1,0,32768,0.0013,7454
1729,256,12,6,2,0,1024,0.0009,7623
1731,256,12,6,2,0,4096,0.0010,8060
1732,256,12,6,2,0,8192,0.0010,7100
1733,256,12,6,2,0,16384,0.0010,7619
1734,256,12,6,2,0,32768,0.0009,7491
1735,256,12,6,2,0,65536,0.0009,7616
1738,256,12,6,3,0,4096,0.0017,7265
1739,256,12,6,3,0,8192,0.0017,7600
1740,256,12,6,3,0,16384,0.0018,7088
1742,256,12,6,3,0,65536,0.0016,7087
1743,256,12,7,1,0,1024,0.0015,7677
1744,256,12,7,1,0,2048,0.0015,7389
1745,256,12,7,1,0,4096,0.0016,7953
1747,256,12,7,1,0,16384,0.0015,7110
1748,256,12,7,1,0,32768,0.0015,7308
1749,256,12,7,1,0,65536,0.0014,7034
1751,256,12,7,2,0,2048,0.0010,7832
1753,256,12,7,2,0,8192,0.0010,7110
1756,256,12,7,2,0,65536,0.0009,7676
1758,256,12,7,3,0,2048,0.0017,7629
1759,256,12,7,3,0,4096,0.0015,7490
1760,256,12,7,3,0,8192,0.0018,9443
1761,256,12,7,3,0,16384,0.0015,7375
1762,256,12,7,3,0,32768,0.0015,7379
1763,256,12,7,3,0,65536,0.0015,7316
1764,256,13,1,1,0,1024,0.0023,7580
1765,256,13,1,1,0,2048,0.0022,7550
1766,256,13,1,1,0,4096,0.0024,7386
1767,256,13,1,1,0,8192,0.0024,7056
1768,256,13,1,1,0,16384,0.0025,7057
1769,256,13,1,1,0,32768,0.0023,7551
1770,256,13,1,1,0,65536,0.0023,7530
1772,256,13,1,2,0,2048,0.0021,7708
1773,256,13,1,2,0,4096,0.0019,7748
1774,256,13,1,2,0,8192,0.0021,7435
1775,256,13,1,2,0,16384,0.0021,7137
1776,256,13,1,2,0,32768,0.0020,7409
1777,256,13,1,2,0,65536,0.0021,7549
1778,256,13,1,3,0,1024,0.0018,8297
1779,256,13,1,3,0,2048,0.0020,7868
1780,256,13,1,3,0,4096,0.0019,7740
1781,256,13,1,3,0,8192,0.0019,7159
1782,256,13,1,3,0,16384,0.0019,7049
1783,256,13,1,3,0,32768,0.0020,7104
1784,256,13,1,3,0,65536,0.0019,7135
1785,256,13,2,1,0,1024,0.0019,7737
1787,256,13,2,1,0,4096,0.0021,7740
1788,256,13,2,1,0,8192,0.0020,7639
1790,256,13,2,1,0,32768,0.0020,7504
1791,256,13,2,1,0,65536,0.0020,7495
1792,256,13,2,2,0,1024,0.0017,8050
1793,256,13,2,2,0,2048,0.0017,7518
1794,256,13,2,2,0,4096,0.0018,7525
1795,256,13,2,2,0,8192,0.0018,7261
1796,256,13,2,2,0,16384,0.0017,7138
1797,256,13,2,2,0,32768,0.0016,7154
1799,256,13,2,3,0,1024,0.0016,8509
1803,256,13,2,3,0,16384,0.0016,7064
1804,256,13,2,3,0,32768,0.0016,7071
1805,256,13,2,3,0,65536,0.0016,7637
1807,256,13,3,1,0,2048,0.0014,8201
1808,256,13,3,1,0,4096,0.0014,7610
1809,256,13,3,1,0,8192,0.0013,7463
1810,256,13,3,1,0,16384,0.0013,7527
1811,256,13,3,1,0,32768,0.0013,7101
1812,256,13,3,1,0,65536,0.0013,7524
1814,256,13,3,2,0,2048,0.0019,7833
1815,256,13,3,2,0,4096,0.0018,7974
1816,256,13,3,2,0,8192,0.0018,7401
1817,256,13,3,2,0,16384,0.0018,7074
1818,256,13,3,2,0,32768,0.0017,7440
1820,256,13,3,3,0,1024,0.0017,7793
1822,256,13,3,3,0,4096,0.0017,7684
1823,256,13,3,3,0,8192,0.0018,7476
1824,256,13,3,3,0,16384,0.0017,7036
1825,256,13,3,3,0,32768,0.0018,8067
1826,256,13,3,3,0,65536,0.0016,7124
1827,256,13,4,1,0,1024,0.0014,7988
1828,256,13,4,1,0,2048,0.0014,7909
1830,256,13,4,1,0,8192,0.0014,7701
1833,256,13,4,1,0,65536,0.0014,7569
1834,256,13,4,2,0,1024,0.0017,8295
1835,256,13,4,2,0,2048,0.0018,8148
1837,256,13,4,2,0,8192,0.0017,7644
1840,256,13,4,2,0,65536,0.0016,7515
1842,256,13,4,3,0,2048,0.0015,7484
1843,256,13,4,3,0,4096,0.0016,7526
1844,256,13,4,3,0,8192,0.0014,7301
1845,256,13,4,3,0,16384,0.0015,7087
1847,256,13,4,3,0,65536,0.0015,7212
1849,256,13,5,1,0,2048,0.0013,7422
1850,256,13,5,1,0,4096,0.0014,7656
1851,256,13,5,1,0,8192,0.0013,7188
1852,256,13,5,1,0,16384,0.0014,7552
1853,256,13,5,1,0,32768,0.0013,7506
1854,256,13,5,1,0,65536,0.0014,7546
1855,256,13,5,2,0,1024,0.0016,7862
1856,256,13,5,2,0,2048,0.0016,7609
1857,256,13,5,2,0,4096,0.0016,7736
1859,256,13,5,2,0,16384,0.0017,7191
1860,256,13,5,2,0,32768,0.0016,7656
1861,256,13,5,2,0,65536,0.0016,7413
1864,256,13,5,3,0,4096,0.0017,7865
1865,256,13,5,3,0,8192,0.0016,7463
1866,256,13,5,3,0,16384,0.0018,9320
1867,256,13,5,3,0,32768,0.0018,9306
1868,256,13,5,3,0,65536,0.0016,9337
1869,256,13,6,1,0,1024,0.0014,7679
1870,256,13,6,1,0,2048,0.0014,7769
1871,256,13,6,1,0,4096,0.0013,7255
1872,256,13,6,1,0,8192,0.0013,7603
1873,256,13,6,1,0,16384,0.0012,7052
1874,256,13,6,1,0,32768,0.0013,7454
1875,256,13,6,1,0,65536,0.0013,7439
1876,256,13,6,2,0,1024,0.0009,7623
1878,256,13,6,2,0,4096,0.0010,8060
1879,256,13,6,2,0,8192,0.0010,7100
1880,256,13,6,2,0,16384,0.0010,7619
1881,256,13,6,2,0,32768,0.0009,7491
1882,256,13,6,2,0,65536,0.0009,7616
1884,256,13,6,3,0,2048,0.0017,7935
1885,256,13,6,3,0,4096,0.0017,7292
1887,256,13,6,3,0,16384,0.0018,7088
1889,256,13,6,3,0,65536,0.0016,7087
1891,256,13,7,1,0,2048,0.0015,7389
1892,256,13,7,1,0,4096,0.0016,7953
1893,256,13,7,1,0,8192,0.0015,7135
1894,256,13,7,1,0,16384,0.0015,7110
1895,256,13,7,1,0,32768,0.0015,7308
1896,256,13,7,1,0,65536,0.0014,7034
1898,256,13,7,2,0,2048,0.0010,7832
1899,256,13,7,2,0,4096,0.0010,7775
1900,256,13,7,2,0,8192,0.0010,7110
1903,256,13,7,2,0,65536,0.0009,7676
1905,256,13,7,3,0,2048,0.0017,7629
1906,256,13,7,3,0,4096,0.0015,7490
1908,256,13,7,3,0,16384,0.0015,7375
1909,256,13,7,3,0,32768,0.0015,7379
1910,256,13,7,3,0,65536,0.0015,7316
1911,256,14,1,1,0,1024,0.0023,7580
1912,256,14,1,1,0,2048,0.0022,7550
1913,256,14,1,1,0,4096,0.0024,7386
1914,256,14,1,1,0,8192,0.0024,7056
1915,256,14,1,1,0,16384,0.0025,7057
1916,256,14,1,1,0,32768,0.0023,7551
1917,256,14,1,1,0,65536,0.0023,7530
1919,256,14,1,2,0,2048,0.0021,7708
1920,256,14,1,2,0,4096,0.0019,7748
1921,256,14,1,2,0,8192,0.0021,7435
1922,256,14,1,2,0,16384,0.0021,7137
1923,256,14,1,2,0,32768,0.0020,7409
1924,256,14,1,2,0,65536,0.0021,7555
1925,256,14,1,3,0,1024,0.0018,8297
1926,256,14,1,3,0,2048,0.0020,7868
1928,256,14,1,3,0,8192,0.0019,7159
1929,256,14,1,3,0,16384,0.0019,7049
1930,256,14,1,3,0,32768,0.0020,7104
1931,256,14,1,3,0,65536,0.0019,7135
1932,256,14,2,1,0,1024,0.0019,7737
1937,256,14,2,1,0,32768,0.0020,7504
1938,256,14,2,1,0,65536,0.0020,7495
1939,256,14,2,2,0,1024,0.0017,8050
1940,256,14,2,2,0,2048,0.0017,7518
1941,256,14,2,2,0,4096,0.0018,7525
1942,256,14,2,2,0,8192,0.0018,7261
1943,256,14,2,2,0,16384,0.0017,7138
1944,256,14,2,2,0,32768,0.0016,7135
1946,256,14,2,3,0,1024,0.0016,8509
1947,256,14,2,3,0,2048,0.0018,7987
1949,256,14,2,3,0,8192,0.0016,7236
1950,256,14,2,3,0,16384,0.0016,7062
1951,256,14,2,3,0,32768,0.0016,7071
1952,256,14,2,3,0,65536,0.0016,7637
1954,256,14,3,1,0,2048,0.0014,8201
1955,256,14,3,1,0,4096,0.0014,7610
1956,256,14,3,1,0,8192,0.0013,7463
1958,256,14,3,1,0,32768,0.0013,7101
1959,256,14,3,1,0,65536,0.0014,7538
1961,256,14,3,2,0,2048,0.0019,7833
1963,256,14,3,2,0,8192,0.0018,7401
1964,256,14,3,2,0,16384,0.0018,7074
1965,256,14,3,2,0,32768,0.0017,7440
1966,256,14,3,2,0,65536,0.0018,7136
1967,256,14,3,3,0,1024,0.0017,7793
1969,256,14,3,3,0,4096,0.0017,7684
1970,256,14,3,3,0,8192,0.0018,7476
1971,256,14,3,3,0,16384,0.0017,7036
1973,256,14,3,3,0,65536,0.0016,7124
1975,256,14,4,1,0,2048,0.0014,7909
1976,256,14,4,1,0,4096,0.0014,7747
1977,256,14,4,1,0,8192,0.0014,7701
1978,256,14,4,1,0,16384,0.0013,7083
1980,256,14,4,1,0,65536,0.0014,7569
1981,256,14,4,2,0,1024,0.0017,8295
1984,256,14,4,2,0,8192,0.0017,7644
1987,256,14,4,2,0,65536,0.0016,7515
1990,256,14,4,3,0,4096,0.0016,7526
1991,256,14,4,3,0,8192,0.0014,7301
1992,256,14,4,3,0,16384,0.0015,7087
1994,256,14,4,3,0,65536,0.0015,7212
1997,256,14,5,1,0,4096,0.0014,7656
1998,256,14,5,1,0,8192,0.0013,7188
1999,256,14,5,1,0,16384,0.0014,7552
2000,256,14,5,1,0,32768,0.0013,7506
2001,256,14,5,1,0,65536,0.0014,7546
2002,256,14,5,2,0,1024,0.0016,7862
2003,256,14,5,2,0,2048,0.0016,7609
2006,256,14,5,2,0,16384,0.0017,7191
2007,256,14,5,2,0,32768,0.0016,7656
2008,256,14,5,2,0,65536,0.0016,7413
2011,256,14,5,3,0,4096,0.0017,7865
2012,256,14,5,3,0,8192,0.0016,7463
2013,256,14,5,3,0,16384,0.0018,9320
2014,256,14,5,3,0,32768,0.0018,9306
2015,256,14,5,3,0,65536,0.0016,9337
2017,256,14,6,1,0,2048,0.0014,7769
2018,256,14,6,1,0,4096,0.0013,7255
2019,256,14,6,1,0,8192,0.0013,7603
2020,256,14,6,1,0,16384,0.0012,7052
2021,256,14,6,1,0,32768,0.0013,7454
2023,256,14,6,2,0,1024,0.0009,7623
2025,256,14,6,2,0,4096,0.0010,8060
2026,256,14,6,2,0,8192,0.0010,7100
2027,256,14,6,2,0,16384,0.0010,7619
2028,256,14,6,2,0,32768,0.0009,7491
2029,256,14,6,2,0,65536,0.0009,7616
2034,256,14,6,3,0,16384,0.0018,7088
2036,256,14,6,3,0,65536,0.0016,7087
2038,256,14,7,1,0,2048,0.0015,7389
2041,256,14,7,1,0,16384,0.0015,7110
2042,256,14,7,1,0,32768,0.0015,7308
2043,256,14,7,1,0,65536,0.0014,7034
2044,256,14,7,2,0,1024,0.0009,7657
2045,256,14,7,2,0,2048,0.0010,7832
2046,256,14,7,2,0,4096,0.0010,7775
2047,256,14,7,2,0,8192,0.0010,7110
2050,256,14,7,2,0,65536,0.0009,7676
2052,256,14,7,3,0,2048,0.0017,7629
2053,256,14,7,3,0,4096,0.0015,7490
2054,256,14,7,3,0,8192,0.0018,9443
2055,256,14,7,3,0,16384,0.0015,7375
2056,256,14,7,3,0,32768,0.0015,7379
2057,256,14,7,3,0,65536,0.0015,7316
2058,256,15,1,1,0,1024,0.0023,7580
2060,256,15,1,1,0,4096,0.0024,7386
2062,256,15,1,1,0,16384,0.0025,7057
2063,256,15,1,1,0,32768,0.0023,7551
2064,256,15,1,1,0,65536,0.0023,7530
2065,256,15,1,2,0,1024,0.0019,7634
2066,256,15,1,2,0,2048,0.0021,7708
2067,256,15,1,2,0,4096,0.0019,7748
2068,256,15,1,2,0,8192,0.0021,7435
2069,256,15,1,2,0,16384,0.0021,7137
2070,256,15,1,2,0,32768,0.0020,7409
2071,256,15,1,2,0,65536,0.0021,7549
2072,256,15,1,3,0,1024,0.0018,8297
2073,256,15,1,3,0,2048,0.0020,7868
2076,256,15,1,3,0,16384,0.0019,7059
2077,256,15,1,3,0,32768,0.0020,7104
2078,256,15,1,3,0,65536,0.0019,7135
2079,256,15,2,1,0,1024,0.0019,7737
2080,256,15,2,1,0,2048,0.0021,8025
2081,256,15,2,1,0,4096,0.0021,7740
2083,256,15,2,1,0,16384,0.0020,7524
2084,256,15,2,1,0,32768,0.0020,7504
2085,256,15,2,1,0,65536,0.0020,7495
2086,256,15,2,2,0,1024,0.0017,8050
2087,256,15,2,2,0,2048,0.0017,7518
2088,256,15,2,2,0,4096,0.0018,7525
2090,256,15,2,2,0,16384,0.0017,7138
2091,256,15,2,2,0,32768,0.0016,7154
2097,256,15,2,3,0,16384,0.0016,7062
2098,256,15,2,3,0,32768,0.0016,7071
2099,256,15,2,3,0,65536,0.0016,7637
2101,256,15,3,1,0,2048,0.0014,8201
2102,256,15,3,1,0,4096,0.0014,7610
2103,256,15,3,1,0,8192,0.0013,7463
2105,256,15,3,1,0,32768,0.0013,7101
2106,256,15,3,1,0,65536,0.0013,7524
2107,256,15,3,2,0,1024,0.0018,8008
2108,256,15,3,2,0,2048,0.0019,7833
2109,256,15,3,2,0,4096,0.0018,7974
2110,256,15,3,2,0,8192,0.0018,7401
2111,256,15,3,2,0,16384,0.0018,7074
2112,256,15,3,2,0,32768,0.0017,7424
2114,256,15,3,3,0,1024,0.0017,7793
2115,256,15,3,3,0,2048,0.0017,7395
2116,256,15,3,3,0,4096,0.0017,7684
2117,256,15,3,3,0,8192,0.0018,7476
2118,256,15,3,3,0,16384,0.0017,7036
2120,256,15,3,3,0,65536,0.0016,7124
2122,256,15,4,1,0,2048,0.0014,7909
2123,256,15,4,1,0,4096,0.0014,7747
2127,256,15,4,1,0,65536,0.0014,7569
2128,256,15,4,2,0,1024,0.0017,8295
2131,256,15,4,2,0,8192,0.0017,7644
2134,256,15,4,2,0,65536,0.0016,7515
2138,256,15,4,3,0,8192,0.0014,7301
2139,256,15,4,3,0,16384,0.0015,7087
2141,256,15,4,3,0,65536,0.0015,7212
2142,256,15,5,1,0,1024,0.0014,8146
2144,256,15,5,1,0,4096,0.0014,7656
2145,256,15,5,1,0,8192,0.0013,7188
2146,256,15,5,1,0,16384,0.0014,7552
2147,256,15,5,1,0,32768,0.0013,7506
2148,256,15,5,1,0,65536,0.0014,7546
2149,256,15,5,2,0,1024,0.0016,7862
2150,256,15,5,2,0,2048,0.0016,7609
2151,256,15,5,2,0,4096,0.0016,7736
2153,256,15,5,2,0,16384,0.0017,7191
2154,256,15,5,2,0,32768,0.0016,7656
2155,256,15,5,2,0,65536,0.0016,7413
2158,256,15,5,3,0,4096,0.0017,7865
2160,256,15,5,3,0,16384,0.0018,9320
2161,256,15,5,3,0,32768,0.0018,9306
2162,256,15,5,3,0,65536,0.0016,9337
2163,256,15,6,1,0,1024,0.0014,7679
2164,256,15,6,1,0,2048,0.0014,7769
2166,256,15,6,1,0,8192,0.0013,7603
2167,256,15,6,1,0,16384,0.0012,7059
2168,256,15,6,1,0,32768,0.0013,7454
2170,256,15,6,2,0,1024,0.0009,7623
2172,256,15,6,2,0,4096,0.0010,8060
2173,256,15,6,2,0,8192,0.0010,7100
2174,256,15,6,2,0,16384,0.0010,7619
2175,256,15,6,2,0,32768,0.0009,7491
2176,256,15,6,2,0,65536,0.0009,7616
2178,256,15,6,3,0,2048,0.0016,7941
2181,256,15,6,3,0,16384,0.0018,7088
2183,256,15,6,3,0,65536,0.0016,7087
2185,256,15,7,1,0,2048,0.0015,7389
2186,256,15,7,1,0,4096,0.0016,7953
2188,256,15,7,1,0,16384,0.0015,7110
2190,256,15,7,1,0,65536,0.0014,7034
2192,256,15,7,2,0,2048,0.0010,7832
2193,256,15,7,2,0,4096,0.0010,7775
2194,256,15,7,2,0,8192,0.0010,7110
2195,256,15,7,2,0,16384,0.0010,6994
2196,256,15,7,2,0,32768,0.0009,7846
2197,256,15,7,2,0,65536,0.0009,7676
2199,256,15,7,3,0,2048,0.0017,7629
2201,256,15,7,3,0,8192,0.0018,9443
2202,256,15,7,3,0,16384,0.0015,7375
2203,256,15,7,3,0,32768,0.0015,7379
2204,256,15,7,3,0,65536,0.0015,7316
2205,256,1,1,1,1,1,0.0023,7530
2206,256,1,1,1,1,2,0.0023,7145
2207,256,1,1,2,1,1,0.0021,7549
2208,256,1,1,2,1,2,0.0017,7264
2209,256,1,1,3,1,1,0.0019,7135
2210,256,1,1,3,1,2,0.0017,7142
2211,256,1,2,1,1,1,0.0020,7495
2215,256,1,2,3,1,1,0.0016,7637
2216,256,1,2,3,1,2,0.0017,7657
2217,256,1,3,1,1,1,0.0014,7538
2218,256,1,3,1,1,2,0.0015,7612
2220,256,1,3,2,1,2,0.0017,7540
2221,256,1,3,3,1,1,0.0016,7124
2223,256,1,4,1,1,1,0.0014,7569
2224,256,1,4,1,1,2,0.0015,8003
2225,256,1,4,2,1,1,0.0016,7515
2227,256,1,4,3,1,1,0.0015,7212
2229,256,1,5,1,1,1,0.0014,7546
2230,256,1,5,1,1,2,0.0016,7622
2231,256,1,5,2,1,1,0.0016,7413
2232,256,1,5,2,1,2,0.0013,7463
2233,256,1,5,3,1,1,0.0016,9337
2234,256,1,5,3,1,2,0.0015,7412
2237,256,1,6,2,1,1,0.0009,7616
2238,256,1,6,2,1,2,0.0010,7705
2239,256,1,6,3,1,1,0.0016,7087
2240,256,1,6,3,1,2,0.0017,7170
2241,256,1,7,1,1,1,0.0014,7034
2243,256,1,7,2,1,1,0.0009,7676
2244,256,1,7,2,1,2,0.0009,7164
2245,256,1,7,3,1,1,0.0015,7316
2247,256,2,1,1,1,1,0.0023,7530
2248,256,2,1,1,1,2,0.0023,7145
2249,256,2,1,2,1,1,0.0021,7549
2250,256,2,1,2,1,2,0.0017,7264
2251,256,2,1,3,1,1,0.0019,7135
2252,256,2,1,3,1,2,0.0017,7142
2253,256,2,2,1,1,1,0.0020,7495
2257,256,2,2,3,1,1,0.0016,7637
2258,256,2,2,3,1,2,0.0017,7657
2259,256,2,3,1,1,1,0.0013,7524
2260,256,2,3,1,1,2,0.0015,7612
2261,256,2,3,2,1,1,0.0018,7128
2262,256,2,3,2,1,2,0.0017,7540
2263,256,2,3,3,1,1,0.0016,7124
2264,256,2,3,3,1,2,0.0018,7752
2265,256,2,4,1,1,1,0.0014,7569
2266,256,2,4,1,1,2,0.0015,8003
2267,256,2,4,2,1,1,0.0016,7515
2269,256,2,4,3,1,1,0.0015,7212
2271,256,2,5,1,1,1,0.0014,7546
2272,256,2,5,1,1,2,0.0016,7622
2273,256,2,5,2,1,1,0.0016,7413
2274,256,2,5,2,1,2,0.0013,7463
2275,256,2,5,3,1,1,0.0016,9337
2276,256,2,5,3,1,2,0.0015,7412
2278,256,2,6,1,1,2,0.0013,7111
2279,256,2,6,2,1,1,0.0009,7616
2280,256,2,6,2,1,2,0.0010,7705
2281,256,2,6,3,1,1,0.0017,7095
2282,256,2,6,3,1,2,0.0017,7170
2283,256,2,7,1,1,1,0.0014,7034
2285,256,2,7,2,1,1,0.0009,7676
2286,256,2,7,2,1,2,0.0009,7164
2287,256,2,7,3,1,1,0.0015,7316
2289,256,3,1,1,1,1,0.0023,7530
2290,256,3,1,1,1,2,0.0023,7145
2291,256,3,1,2,1,1,0.0021,7549
2292,256,3,1,2,1,2,0.0017,7264
2293,256,3,1,3,1,1,0.0019,7135
2294,256,3,1,3,1,2,0.0017,7142
2295,256,3,2,1,1,1,0.0020,7495
2299,256,3,2,3,1,1,0.0016,7637
2300,256,3,2,3,1,2,0.0017,7657
2301,256,3,3,1,1,1,0.0013,7524
2302,256,3,3,1,1,2,0.0015,7612
2304,256,3,3,2,1,2,0.0017,7540
2305,256,3,3,3,1,1,0.0016,7124
2307,256,3,4,1,1,1,0.0014,7569
2308,256,3,4,1,1,2,0.0015,8003
2309,256,3,4,2,1,1,0.0016,7515
2310,256,3,4,2,1,2,0.0014,7102
2316,256,3,5,2,1,2,0.0013,7463
2317,256,3,5,3,1,1,0.0016,9337
2318,256,3,5,3,1,2,0.0015,7412
2320,256,3,6,1,1,2,0.0013,7111
2321,256,3,6,2,1,1,0.0009,7616
2322,256,3,6,2,1,2,0.0010,7705
2328,256,3,7,2,1,2,0.0009,7164
2329,256,3,7,3,1,1,0.0015,7316
2331,256,4,1,1,1,1,0.0023,7530
2332,256,4,1,1,1,2,0.0023,7145
2333,256,4,1,2,1,1,0.0021,7549
2334,256,4,1,2,1,2,0.0017,7264
2335,256,4,1,3,1,1,0.0019,7135
2336,256,4,1,3,1,2,0.0017,7142
2337,256,4,2,1,1,1,0.0020,7495
2338,256,4,2,1,1,2,0.0019,7593
2341,256,4,2,3,1,1,0.0016,7637
2342,256,4,2,3,1,2,0.0017,7657
2343,256,4,3,1,1,1,0.0013,7524
2344,256,4,3,1,1,2,0.0015,7612
2345,256,4,3,2,1,1,0.0018,7136
2347,256,4,3,3,1,1,0.0016,7124
2349,256,4,4,1,1,1,0.0014,7569
2350,256,4,4,1,1,2,0.0015,8003
2351,256,4,4,2,1,1,0.0016,7515
2352,256,4,4,2,1,2,0.0014,7102
2353,256,4,4,3,1,1,0.0015,7212
2354,256,4,4,3,1,2,0.0015,6985
2355,256,4,5,1,1,1,0.0014,7546
2356,256,4,5,1,1,2,0.0016,7622
2357,256,4,5,2,1,1,0.0016,7413
2364,256,4,6,2,1,2,0.0010,7705
2365,256,4,6,3,1,1,0.0016,7087
2366,256,4,6,3,1,2,0.0017,7170
2367,256,4,7,1,1,1,0.0014,7034
2369,256,4,7,2,1,1,0.0009,7676
2376,256,5,1,2,1,2,0.0017,7264
2377,256,5,1,3,1,1,0.0019,7135
2378,256,5,1,3,1,2,0.0017,7142
2379,256,5,2,1,1,1,0.0020,7495
2383,256,5,2,3,1,1,0.0016,7637
2384,256,5,2,3,1,2,0.0017,7657
2385,256,5,3,1,1,1,0.0013,7524
2386,256,5,3,1,1,2,0.0015,7612
2388,256,5,3,2,1,2,0.0017,7540
2389,256,5,3,3,1,1,0.0016,7124
2390,256,5,3,3,1,2,0.0018,7752
2391,256,5,4,1,1,1,0.0014,7569
2392,256,5,4,1,1,2,0.0015,8003
2393,256,5,4,2,1,1,0.0016,7515
2400,256,5,5,2,1,2,0.0013,7466
2401,256,5,5,3,1,1,0.0016,9337
2402,256,5,5,3,1,2,0.0015,7412
2404,256,5,6,1,1,2,0.0013,7111
2405,256,5,6,2,1,1,0.0009,7616
2412,256,5,7,2,1,2,0.0009,7164
2413,256,5,7,3,1,1,0.0015,7316
2415,256,6,1,1,1,1,0.0023,7530
2417,256,6,1,2,1,1,0.0021,7549
2418,256,6,1,2,1,2,0.0017,7264
2419,256,6,1,3,1,1,0.0019,7135
2420,256,6,1,3,1,2,0.0017,7142
2421,256,6,2,1,1,1,0.0020,7495
2422,256,6,2,1,1,2,0.0020,7597
2425,256,6,2,3,1,1,0.0016,7637
2426,256,6,2,3,1,2,0.0017,7657
2427,256,6,3,1,1,1,0.0013,7524
2428,256,6,3,1,1,2,0.0015,7612
2430,256,6,3,2,1,2,0.0017,7540
2431,256,6,3,3,1,1,0.0016,7124
2433,256,6,4,1,1,1,0.0014,7569
2434,256,6,4,1,1,2,0.0015,8003
2435,256,6,4,2,1,1,0.0016,7515
2436,256,6,4,2,1,2,0.0014,7102
2437,256,6,4,3,1,1,0.0015,7212
2438,256,6,4,3,1,2,0.0015,6985
2439,256,6,5,1,1,1,0.0014,7546
2440,256,6,5,1,1,2,0.0016,7622
2441,256,6,5,2,1,1,0.0016,7413
2448,256,6,6,2,1,2,0.0010,7705
2449,256,6,6,3,1,1,0.0016,7087
2450,256,6,6,3,1,2,0.0017,7170
2451,256,6,7,1,1,1,0.0014,7034
2461,256,7,1,3,1,1,0.0019,7135
2462,256,7,1,3,1,2,0.0017,7142
2463,256,7,2,1,1,1,0.0020,7495
2466,256,7,2,2,1,2,0.0015,7180
2467,256,7,2,3,1,1,0.0016,7637
2468,256,7,2,3,1,2,0.0017,7657
2469,256,7,3,1,1,1,0.0013,7524
2470,256,7,3,1,1,2,0.0015,7612
2472,256,7,3,2,1,2,0.0017,7540
2473,256,7,3,3,1,1,0.0016,7124
2475,256,7,4,1,1,1,0.0014,7569
2476,256,7,4,1,1,2,0.0015,8003
2477,256,7,4,2,1,1,0.0016,7515
2479,256,7,4,3,1,1,0.0015,7212
2481,256,7,5,1,1,1,0.0014,7546
2482,256,7,5,1,1,2,0.0016,7622
2483,256,7,5,2,1,1,0.0016,7413
2484,256,7,5,2,1,2,0.0013,7463
2485,256,7,5,3,1,1,0.0016,9337
2486,256,7,5,3,1,2,0.0015,7412
2488,256,7,6,1,1,2,0.0013,7111
2496,256,7,7,2,1,2,0.0009,7164
2497,256,7,7,3,1,1,0.0015,7316
2499,256,8,1,1,1,1,0.0023,7530
2509,256,8,2,3,1,1,0.0016,7637
2510,256,8,2,3,1,2,0.0017,7657
2511,256,8,3,1,1,1,0.0013,7524
2512,256,8,3,1,1,2,0.0015,7612
2520,256,8,4,2,1,2,0.0014,7102
2521,256,8,4,3,1,1,0.0015,7212
2522,256,8,4,3,1,2,0.0015,6985
2523,256,8,5,1,1,1,0.0014,7546
2524,256,8,5,1,1,2,0.0016,7622
2525,256,8,5,2,1,1,0.0016,7413
2526,256,8,5,2,1,2,0.0013,7463
2527,256,8,5,3,1,1,0.0016,9337
2528,256,8,5,3,1,2,0.0015,7412
2531,256,8,6,2,1,1,0.0009,7616
2532,256,8,6,2,1,2,0.0010,7705
2533,256,8,6,3,1,1,0.0016,7087
2534,256,8,6,3,1,2,0.0017,7170
2535,256,8,7,1,1,1,0.0014,7034
2536,256,8,7,1,1,2,0.0016,7161
2537,256,8,7,2,1,1,0.0009,7676
2538,256,8,7,2,1,2,0.0009,7164
2539,256,8,7,3,1,1,0.0015,7316
2541,256,9,1,1,1,1,0.0023,7530
2542,256,9,1,1,1,2,0.0023,7145
2543,256,9,1,2,1,1,0.0021,7549
2544,256,9,1,2,1,2,0.0017,7264
2545,256,9,1,3,1,1,0.0019,7135
2546,256,9,1,3,1,2,0.0017,7142
2547,256,9,2,1,1,1,0.0020,7495
2551,256,9,2,3,1,1,0.0016,7637
2552,256,9,2,3,1,2,0.0017,7657
2553,256,9,3,1,1,1,0.0013,7524
2554,256,9,3,1,1,2,0.0015,7612
2556,256,9,3,2,1,2,0.0017,7540
2557,256,9,3,3,1,1,0.0016,7124
2559,256,9,4,1,1,1,0.0014,7569
2560,256,9,4,1,1,2,0.0015,8003
2561,256,9,4,2,1,1,0.0016,7515
2562,256,9,4,2,1,2,0.0014,7102
2563,256,9,4,3,1,1,0.0015,7212
2565,256,9,5,1,1,1,0.0014,7546
2566,256,9,5,1,1,2,0.0016,7622
2567,256,9,5,2,1,1,0.0016,7413
2568,256,9,5,2,1,2,0.0013,7463
2569,256,9,5,3,1,1,0.0016,9337
2570,256,9,5,3,1,2,0.0015,7412
2580,256,9,7,2,1,2,0.0009,7164
2581,256,9,7,3,1,1,0.0015,7316
2583,256,10,1,1,1,1,0.0023,7530
2592,256,10,2,2,1,2,0.0015,7180
2593,256,10,2,3,1,1,0.0016,7637
2594,256,10,2,3,1,2,0.0017,7657
2595,256,10,3,1,1,1,0.0013,7524
2605,256,10,4,3,1,1,0.0015,7212
2606,256,10,4,3,1,2,0.0015,6985
2607,256,10,5,1,1,1,0.0014,7546
2616,256,10,6,2,1,2,0.0010,7705
2617,256,10,6,3,1,1,0.0016,7087
2618,256,10,6,3,1,2,0.0017,7170
2619,256,10,7,1,1,1,0.0014,7031
2628,256,11,1,2,1,2,0.0017,7264
2629,256,11,1,3,1,1,0.0019,7135
2630,256,11,1,3,1,2,0.0017,7142
2631,256,11,2,1,1,1,0.0020,7495
2640,256,11,3,2,1,2,0.0017,7540
2641,256,11,3,3,1,1,0.0016,7136
2643,256,11,4,1,1,1,0.0014,7569
2644,256,11,4,1,1,2,0.0015,8003
2645,256,11,4,2,1,1,0.0016,7515
2647,256,11,4,3,1,1,0.0015,7212
2649,256,11,5,1,1,1,0.0014,7546
2650,256,11,5,1,1,2,0.0016,7622
2651,256,11,5,2,1,1,0.0016,7413
2652,256,11,5,2,1,2,0.0013,7463
2653,256,11,5,3,1,1,0.0016,9337
2654,256,11,5,3,1,2,0.0015,7412
2664,256,11,7,2,1,2,0.0009,7164
2665,256,11,7,3,1,1,0.0015,7316
2667,256,12,1,1,1,1,0.0023,7530
2668,256,12,1,1,1,2,0.0023,7145
2669,256,12,1,2,1,1,0.0021,7549
2670,256,12,1,2,1,2,0.0017,7264
2671,256,12,1,3,1,1,0.0019,7135
2672,256,12,1,3,1,2,0.0017,7142
2673,256,12,2,1,1,1,0.0020,7495
2676,256,12,2,2,1,2,0.0015,7180
2677,256,12,2,3,1,1,0.0016,7637
2678,256,12,2,3,1,2,0.0017,7657
2679,256,12,3,1,1,1,0.0013,7524
2680,256,12,3,1,1,2,0.0015,7612
2682,256,12,3,2,1,2,0.0017,7540
2683,256,12,3,3,1,1,0.0016,7124
2685,256,12,4,1,1,1,0.0014,7569
2686,256,12,4,1,1,2,0.0015,8003
2687,256,12,4,2,1,1,0.0016,7515
2688,256,12,4,2,1,2,0.0014,7102
2689,256,12,4,3,1,1,0.0015,7212
2690,256,12,4,3,1,2,0.0015,6985
2691,256,12,5,1,1,1,0.0014,7546
2700,256,12,6,2,1,2,0.0010,7705
2701,256,12,6,3,1,1,0.0016,7087
2702,256,12,6,3,1,2,0.0017,7170
2703,256,12,7,1,1,1,0.0014,7034
2712,256,13,1,2,1,2,0.0017,7264
2713,256,13,1,3,1,1,0.0019,7135
2714,256,13,1,3,1,2,0.0017,7142
2715,256,13,2,1,1,1,0.0020,7495
2724,256,13,3,2,1,2,0.0017,7540
2725,256,13,3,3,1,1,0.0016,7124
2726,256,13,3,3,1,2,0.0018,7752
2727,256,13,4,1,1,1,0.0014,7569
2728,256,13,4,1,1,2,0.0015,8003
2729,256,13,4,2,1,1,0.0016,7515
2731,256,13,4,3,1,1,0.0015,7212
2732,256,13,4,3,1,2,0.0015,6985
2733,256,13,5,1,1,1,0.0014,7546
2734,256,13,5,1,1,2,0.0016,7622
2735,256,13,5,2,1,1,0.0016,7413
2736,256,13,5,2,1,2,0.0013,7463
2737,256,13,5,3,1,1,0.0016,9337
2738,256,13,5,3,1,2,0.0015,7412
2748,256,13,7,2,1,2,0.0009,7164
2749,256,13,7,3,1,1,0.0015,7316
2751,256,14,1,1,1,1,0.0023,7530
2752,256,14,1,1,1,2,0.0023,7145
2753,256,14,1,2,1,1,0.0021,7549
2754,256,14,1,2,1,2,0.0017,7264
2755,256,14,1,3,1,1,0.0019,7135
2756,256,14,1,3,1,2,0.0017,7142
2757,256,14,2,1,1,1,0.0020,7495
2760,256,14,2,2,1,2,0.0015,7180
2761,256,14,2,3,1,1,0.0016,7637
2762,256,14,2,3,1,2,0.0017,7657
2763,256,14,3,1,1,1,0.0013,7524
2764,256,14,3,1,1,2,0.0015,7612
2767,256,14,3,3,1,1,0.0016,7124
2769,256,14,4,1,1,1,0.0014,7569
2770,256,14,4,1,1,2,0.0015,8003
2771,256,14,4,2,1,1,0.0016,7515
2773,256,14,4,3,1,1,0.0015,7212
2774,256,14,4,3,1,2,0.0015,6985
2784,256,14,6,2,1,2,0.0010,7705
2785,256,14,6,3,1,1,0.0016,7087
2786,256,14,6,3,1,2,0.0017,7170
2796,256,15,1,2,1,2,0.0017,7264
2797,256,15,1,3,1,1,0.0019,7135
2798,256,15,1,3,1,2,0.0017,7142
2808,256,15,3,2,1,2,0.0017,7540
2809,256,15,3,3,1,1,0.0016,7124
2811,256,15,4,1,1,1,0.0014,7569
2820,256,15,5,2,1,2,0.0013,7463
2821,256,15,5,3,1,1,0.0016,9337
2822,256,15,5,3,1,2,0.0015,7412
2832,256,15,7,2,1,2,0.0009,7164
2833,256,15,7,3,1,1,0.0015,7316
