n,knob_UNROLL_F,knob_outer_unroll,knob_inner_unroll1,knob_inner_unroll2,knob_array_partition1,knob_array_partition2,obj1,obj2
0000,2,1,1,1,2,2,0.00024,346
0001,2,1,1,1,4,2,0.00025,342
0002,2,1,1,1,8,2,0.00027,414
0003,2,1,1,1,16,2,0.00025,583
0004,2,1,1,1,32,2,0.00025,925
0005,2,1,1,2,2,2,0.00027,370
0006,2,1,1,2,4,2,0.00027,423
0007,2,1,1,2,8,2,0.00029,558
0008,2,1,1,2,16,2,0.00027,731
0009,2,1,1,2,32,2,0.00028,1336
0010,2,1,2,1,2,2,0.00026,827
0011,2,1,2,1,4,2,0.00027,842
0012,2,1,2,1,8,2,0.00029,1008
0013,2,1,2,1,16,2,0.00029,1432
0014,2,1,2,1,32,2,0.00027,1917
0015,2,1,2,2,2,2,0.00033,659
0016,2,1,2,2,4,2,0.00031,785
0017,2,1,2,2,8,2,0.00036,973
0018,2,1,2,2,16,2,0.00032,1329
0019,2,1,2,2,32,2,0.00032,2316
0020,2,1,3,1,2,2,0.00042,1294
0021,2,1,3,1,4,2,0.00042,1296
0022,2,1,3,1,8,2,0.00042,1513
0023,2,1,3,1,16,2,0.00043,1873
0024,2,1,3,1,32,2,0.00041,2445
0025,2,1,3,2,2,2,0.00048,977
0026,2,1,3,2,4,2,0.00049,1125
0027,2,1,3,2,8,2,0.00057,1382
0028,2,1,3,2,16,2,0.00052,1714
0029,2,1,3,2,32,2,0.00049,3294
0030,2,1,4,1,2,2,0.00056,1690
0031,2,1,4,1,4,2,0.00055,1672
0032,2,1,4,1,8,2,0.00057,1870
0033,2,1,4,1,16,2,0.00061,2225
0034,2,1,4,1,32,2,0.00061,3109
0035,2,1,4,2,2,2,0.00068,1269
0036,2,1,4,2,4,2,0.00069,1416
0037,2,1,4,2,8,2,0.00074,1821
0038,2,1,4,2,16,2,0.00069,2283
0039,2,1,4,2,32,2,0.00071,4147
0040,2,2,1,1,2,2,0.00027,821
0041,2,2,1,1,4,2,0.00025,856
0042,2,2,1,1,8,2,0.00027,1054
0043,2,2,1,1,16,2,0.00027,1373
0044,2,2,1,1,32,2,0.00025,2081
0045,2,2,1,2,2,2,0.00027,666
0046,2,2,1,2,4,2,0.00027,781
0047,2,2,1,2,8,2,0.00030,1058
0048,2,2,1,2,16,2,0.00028,1442
0049,2,2,1,2,32,2,0.00028,2745
0050,2,2,2,1,2,2,0.00030,1642
0051,2,2,2,1,4,2,0.00030,1724
0052,2,2,2,1,8,2,0.00031,1985
0053,2,2,2,1,16,2,0.00029,2369
0054,2,2,2,1,32,2,0.00028,3596
0055,2,2,2,2,2,2,0.00032,1249
0056,2,2,2,2,4,2,0.00033,1441
0057,2,2,2,2,8,2,0.00034,1908
0058,2,2,2,2,16,2,0.00034,2506
0059,2,2,2,2,32,2,0.00033,4471
0060,2,2,3,1,2,2,0.00043,2275
0061,2,2,3,1,4,2,0.00043,2280
0062,2,2,3,1,8,2,0.00046,2882
0063,2,2,3,1,16,2,0.00045,3189
0064,2,2,3,1,32,2,0.00043,4766
0065,2,2,3,2,2,2,0.00052,1930
0066,2,2,3,2,4,2,0.00051,2012
0067,2,2,3,2,8,2,0.00053,2792
0068,2,2,3,2,16,2,0.00055,3462
0069,2,2,3,2,32,2,0.00052,6642
0070,2,2,4,1,2,2,0.00061,2881
0071,2,2,4,1,4,2,0.00060,2933
0072,2,2,4,1,8,2,0.00059,3593
0073,2,2,4,1,16,2,0.00060,4125
0074,2,2,4,1,32,2,0.00059,6228
0075,2,2,4,2,2,2,0.00068,2385
0076,2,2,4,2,4,2,0.00070,2684
0077,2,2,4,2,8,2,0.00075,3662
0078,2,2,4,2,16,2,0.00073,4377
0079,2,2,4,2,32,2,0.00071,8511
0080,2,3,1,1,2,2,0.00026,1230
0081,2,3,1,1,4,2,0.00026,1355
0082,2,3,1,1,8,2,0.00028,1692
0083,2,3,1,1,16,2,0.00026,2176
0084,2,3,1,1,32,2,0.00026,3297
0085,2,3,1,2,2,2,0.00027,1039
0086,2,3,1,2,4,2,0.00027,1255
0087,2,3,1,2,8,2,0.00028,1680
0088,2,3,1,2,16,2,0.00028,2203
0089,2,3,1,2,32,2,0.00028,3863
0090,2,3,2,1,2,2,0.00029,2371
0091,2,3,2,1,4,2,0.00029,2566
0092,2,3,2,1,8,2,0.00029,2823
0093,2,3,2,1,16,2,0.00029,3478
0094,2,3,2,1,32,2,0.00030,5353
0095,2,3,2,2,2,2,0.00033,1805
0096,2,3,2,2,4,2,0.00033,2119
0097,2,3,2,2,8,2,0.00034,2944
0098,2,3,2,2,16,2,0.00035,3652
0099,2,3,2,2,32,2,0.00036,6962
0100,2,3,3,1,2,2,0.00044,3240
0101,2,3,3,1,4,2,0.00046,3538
0102,2,3,3,1,8,2,0.00047,4146
0103,2,3,3,1,16,2,0.00046,4793
0104,2,3,3,1,32,2,0.00045,7135
0105,2,3,3,2,2,2,0.00052,2760
0106,2,3,3,2,4,2,0.00051,2996
0107,2,3,3,2,8,2,0.00055,4010
0108,2,3,3,2,16,2,0.00051,4949
0109,2,3,3,2,32,2,0.00055,9792
0110,2,3,4,1,2,2,0.00061,4254
0111,2,3,4,1,4,2,0.00062,4153
0112,2,3,4,1,8,2,0.00063,5170
0113,2,3,4,1,16,2,0.00059,5919
0114,2,3,4,1,32,2,0.00060,9220
0115,2,3,4,2,2,2,0.00068,3380
0116,2,3,4,2,4,2,0.00073,3736
0117,2,3,4,2,8,2,0.00077,5301
0118,2,3,4,2,16,2,0.00073,6336
0119,2,3,4,2,32,2,0.00072,12106
0120,4,1,1,1,2,2,0.00024,406
0121,4,1,1,1,2,4,0.00024,438
0122,4,1,1,1,4,2,0.00024,406
0123,4,1,1,1,4,4,0.00024,389
0124,4,1,1,1,8,2,0.00026,478
0125,4,1,1,1,8,4,0.00026,506
0126,4,1,1,1,16,2,0.00025,599
0127,4,1,1,1,16,4,0.00025,671
0128,4,1,1,1,32,2,0.00024,921
0129,4,1,1,1,32,4,0.00024,961
0130,4,1,1,2,2,2,0.00025,490
0131,4,1,1,2,2,4,0.00026,533
0132,4,1,1,2,4,2,0.00024,520
0133,4,1,1,2,4,4,0.00025,481
0134,4,1,1,2,8,2,0.00026,616
0135,4,1,1,2,8,4,0.00027,647
0136,4,1,1,2,16,2,0.00024,825
0137,4,1,1,2,16,4,0.00026,917
0138,4,1,1,2,32,2,0.00024,1381
0139,4,1,1,2,32,4,0.00025,1422
0140,4,1,1,3,2,2,0.00029,1140
0141,4,1,1,3,2,4,0.00026,743
0142,4,1,1,3,4,2,0.00027,1118
0143,4,1,1,3,4,4,0.00024,723
0144,4,1,1,3,8,2,0.00027,1183
0145,4,1,1,3,8,4,0.00028,924
0146,4,1,1,3,16,2,0.00027,1606
0147,4,1,1,3,16,4,0.00025,1201
0148,4,1,1,3,32,2,0.00027,2246
0149,4,1,1,3,32,4,0.00024,1958
0150,4,1,1,4,2,2,0.00025,609
0151,4,1,1,4,2,4,0.00025,609
0152,4,1,1,4,4,2,0.00024,694
0153,4,1,1,4,4,4,0.00024,694
0154,4,1,1,4,8,2,0.00026,907
0155,4,1,1,4,8,4,0.00026,907
0156,4,1,1,4,16,2,0.00025,1138
0157,4,1,1,4,16,4,0.00025,1138
0158,4,1,1,4,32,2,0.00025,2213
0159,4,1,1,4,32,4,0.00025,2213
0160,4,1,2,1,2,2,0.00052,1258
0161,4,1,2,1,2,4,0.00051,1228
0162,4,1,2,1,4,2,0.00049,1138
0163,4,1,2,1,4,4,0.00055,1295
0164,4,1,2,1,8,2,0.00058,1453
0165,4,1,2,1,8,4,0.00058,1360
0166,4,1,2,1,16,2,0.00053,1885
0167,4,1,2,1,16,4,0.00055,1757
0168,4,1,2,1,32,2,0.00051,2301
0169,4,1,2,1,32,4,0.00055,2089
0170,4,1,2,2,2,2,0.00053,1495
0171,4,1,2,2,2,4,0.00052,1381
0172,4,1,2,2,4,2,0.00053,1552
0173,4,1,2,2,4,4,0.00057,1374
0174,4,1,2,2,8,2,0.00060,1551
0175,4,1,2,2,8,4,0.00061,1605
0176,4,1,2,2,16,2,0.00054,2138
0177,4,1,2,2,16,4,0.00057,1991
0178,4,1,2,2,32,2,0.00054,2857
0179,4,1,2,2,32,4,0.00058,2855
0180,4,1,2,3,2,2,0.00065,1953
0181,4,1,2,3,2,4,0.00060,1716
0182,4,1,2,3,4,2,0.00059,1934
0183,4,1,2,3,4,4,0.00057,1688
0184,4,1,2,3,8,2,0.00062,2164
0185,4,1,2,3,8,4,0.00063,1965
0186,4,1,2,3,16,2,0.00062,2625
0187,4,1,2,3,16,4,0.00058,2358
0188,4,1,2,3,32,2,0.00062,4030
0189,4,1,2,3,32,4,0.00059,3843
0190,4,1,2,4,2,2,0.00057,1124
0191,4,1,2,4,2,4,0.00057,1124
0192,4,1,2,4,4,2,0.00056,1239
0193,4,1,2,4,4,4,0.00056,1239
0194,4,1,2,4,8,2,0.00060,1628
0195,4,1,2,4,8,4,0.00060,1628
0196,4,1,2,4,16,2,0.00062,2102
0197,4,1,2,4,16,4,0.00062,2102
0198,4,1,2,4,32,2,0.00060,3939
0199,4,1,2,4,32,4,0.00060,3939
0200,4,1,3,1,2,2,0.00085,1875
0201,4,1,3,1,2,4,0.00089,2062
0202,4,1,3,1,4,2,0.00078,1737
0203,4,1,3,1,4,4,0.00082,1893
0204,4,1,3,1,8,2,0.00086,1968
0205,4,1,3,1,8,4,0.00089,2042
0206,4,1,3,1,16,2,0.00082,2254
0207,4,1,3,1,16,4,0.00085,2647
0208,4,1,3,1,32,2,0.00080,2938
0209,4,1,3,1,32,4,0.00085,3026
0210,4,1,3,2,2,2,0.00083,1906
0211,4,1,3,2,2,4,0.00082,1977
0212,4,1,3,2,4,2,0.00083,1923
0213,4,1,3,2,4,4,0.00081,1993
0214,4,1,3,2,8,2,0.00088,2207
0215,4,1,3,2,8,4,0.00086,2248
0216,4,1,3,2,16,2,0.00085,2732
0217,4,1,3,2,16,4,0.00083,2750
0218,4,1,3,2,32,2,0.00088,3965
0219,4,1,3,2,32,4,0.00086,3959
0220,4,1,3,3,2,2,0.00095,2660
0221,4,1,3,3,2,4,0.00092,2470
0222,4,1,3,3,4,2,0.00095,2620
0223,4,1,3,3,4,4,0.00089,2404
0224,4,1,3,3,8,2,0.00100,2962
0225,4,1,3,3,8,4,0.00095,2843
0226,4,1,3,3,16,2,0.00095,3652
0227,4,1,3,3,16,4,0.00093,3353
0228,4,1,3,3,32,2,0.00094,5640
0229,4,1,3,3,32,4,0.00090,5195
0230,4,1,3,4,2,2,0.00086,1496
0231,4,1,3,4,2,4,0.00086,1496
0232,4,1,3,4,4,2,0.00087,1765
0233,4,1,3,4,4,4,0.00087,1765
0234,4,1,3,4,8,2,0.00094,2328
0235,4,1,3,4,8,4,0.00094,2328
0236,4,1,3,4,16,2,0.00091,2989
0237,4,1,3,4,16,4,0.00091,2989
0238,4,1,3,4,32,2,0.00094,5734
0239,4,1,3,4,32,4,0.00094,5734
0240,4,1,4,1,2,2,0.00114,2405
0241,4,1,4,1,2,4,0.00115,2698
0242,4,1,4,1,4,2,0.00109,2266
0243,4,1,4,1,4,4,0.00117,2382
0244,4,1,4,1,8,2,0.00117,2435
0245,4,1,4,1,8,4,0.00118,2623
0246,4,1,4,1,16,2,0.00111,2824
0247,4,1,4,1,16,4,0.00119,2897
0248,4,1,4,1,32,2,0.00110,3719
0249,4,1,4,1,32,4,0.00119,3976
0250,4,1,4,2,2,2,0.00118,2560
0251,4,1,4,2,2,4,0.00110,2769
0252,4,1,4,2,4,2,0.00110,2426
0253,4,1,4,2,4,4,0.00117,2627
0254,4,1,4,2,8,2,0.00126,2827
0255,4,1,4,2,8,4,0.00126,3084
0256,4,1,4,2,16,2,0.00112,3404
0257,4,1,4,2,16,4,0.00113,3421
0258,4,1,4,2,32,2,0.00113,5044
0259,4,1,4,2,32,4,0.00116,5513
0260,4,1,4,3,2,2,0.00134,3670
0261,4,1,4,3,2,4,0.00129,3212
0262,4,1,4,3,4,2,0.00132,3485
0263,4,1,4,3,4,4,0.00125,3227
0264,4,1,4,3,8,2,0.00130,3879
0265,4,1,4,3,8,4,0.00136,3800
0266,4,1,4,3,16,2,0.00126,4479
0267,4,1,4,3,16,4,0.00122,4425
0268,4,1,4,3,32,2,0.00129,7276
0269,4,1,4,3,32,4,0.00123,7237
0270,4,1,4,4,2,2,0.00122,2186
0271,4,1,4,4,2,4,0.00122,2186
0272,4,1,4,4,4,2,0.00123,2361
0273,4,1,4,4,4,4,0.00123,2361
0274,4,1,4,4,8,2,0.00133,3307
0275,4,1,4,4,8,4,0.00133,3307
0276,4,1,4,4,16,2,0.00127,3891
0277,4,1,4,4,16,4,0.00127,3891
0278,4,1,4,4,32,2,0.00125,7845
0279,4,1,4,4,32,4,0.00125,7845
0280,4,2,1,1,2,2,0.00024,1256
0281,4,2,1,1,2,4,0.00026,1059
0282,4,2,1,1,4,2,0.00024,1274
0283,4,2,1,1,4,4,0.00029,1145
0284,4,2,1,1,8,2,0.00029,1356
0285,4,2,1,1,8,4,0.00029,1367
0286,4,2,1,1,16,2,0.00026,1661
0287,4,2,1,1,16,4,0.00027,1638
0288,4,2,1,1,32,2,0.00025,2329
0289,4,2,1,1,32,4,0.00027,2379
0290,4,2,1,2,2,2,0.00028,1394
0291,4,2,1,2,2,4,0.00026,1456
0292,4,2,1,2,4,2,0.00028,1439
0293,4,2,1,2,4,4,0.00025,1400
0294,4,2,1,2,8,2,0.00030,1713
0295,4,2,1,2,8,4,0.00029,1664
0296,4,2,1,2,16,2,0.00026,2119
0297,4,2,1,2,16,4,0.00026,2220
0298,4,2,1,2,32,2,0.00026,3243
0299,4,2,1,2,32,4,0.00027,3203
0300,4,2,1,3,2,2,0.00030,1950
0301,4,2,1,3,2,4,0.00028,1537
0302,4,2,1,3,4,2,0.00026,1919
0303,4,2,1,3,4,4,0.00026,1664
0304,4,2,1,3,8,2,0.00030,2291
0305,4,2,1,3,8,4,0.00028,2007
0306,4,2,1,3,16,2,0.00029,2854
0307,4,2,1,3,16,4,0.00026,2596
0308,4,2,1,3,32,2,0.00028,4313
0309,4,2,1,3,32,4,0.00027,4184
0310,4,2,1,4,2,2,0.00024,1109
0311,4,2,1,4,2,4,0.00024,1109
0312,4,2,1,4,4,2,0.00025,1314
0313,4,2,1,4,4,4,0.00025,1314
0314,4,2,1,4,8,2,0.00027,1694
0315,4,2,1,4,8,4,0.00027,1694
0316,4,2,1,4,16,2,0.00024,2306
0317,4,2,1,4,16,4,0.00024,2306
0318,4,2,1,4,32,2,0.00026,4267
0319,4,2,1,4,32,4,0.00026,4267
0320,4,2,2,1,2,2,0.00056,2627
0321,4,2,2,1,2,4,0.00056,2763
0322,4,2,2,1,4,2,0.00052,2404
0323,4,2,2,1,4,4,0.00056,2511
0324,4,2,2,1,8,2,0.00056,2662
0325,4,2,2,1,8,4,0.00060,2623
0326,4,2,2,1,16,2,0.00057,3135
0327,4,2,2,1,16,4,0.00057,3073
0328,4,2,2,1,32,2,0.00055,4110
0329,4,2,2,1,32,4,0.00061,4122
0330,4,2,2,2,2,2,0.00059,2637
0331,4,2,2,2,2,4,0.00059,2478
0332,4,2,2,2,4,2,0.00058,2830
0333,4,2,2,2,4,4,0.00054,2745
0334,4,2,2,2,8,2,0.00061,3301
0335,4,2,2,2,8,4,0.00062,3363
0336,4,2,2,2,16,2,0.00057,3820
0337,4,2,2,2,16,4,0.00059,3875
0338,4,2,2,2,32,2,0.00057,5907
0339,4,2,2,2,32,4,0.00057,5964
0340,4,2,2,3,2,2,0.00066,3568
0341,4,2,2,3,2,4,0.00064,3455
0342,4,2,2,3,4,2,0.00063,3457
0343,4,2,2,3,4,4,0.00060,3190
0344,4,2,2,3,8,2,0.00066,4046
0345,4,2,2,3,8,4,0.00064,3605
0346,4,2,2,3,16,2,0.00061,4735
0347,4,2,2,3,16,4,0.00061,4453
0348,4,2,2,3,32,2,0.00061,7623
0349,4,2,2,3,32,4,0.00060,7100
0350,4,2,2,4,2,2,0.00058,1968
0351,4,2,2,4,2,4,0.00058,1968
0352,4,2,2,4,4,2,0.00060,2382
0353,4,2,2,4,4,4,0.00060,2382
0354,4,2,2,4,8,2,0.00064,3257
0355,4,2,2,4,8,4,0.00064,3257
0356,4,2,2,4,16,2,0.00061,4176
0357,4,2,2,4,16,4,0.00061,4176
0358,4,2,2,4,32,2,0.00060,8243
0359,4,2,2,4,32,4,0.00060,8243
0360,4,2,3,1,2,2,0.00082,3394
0361,4,2,3,1,2,4,0.00086,3652
0362,4,2,3,1,4,2,0.00083,3434
0363,4,2,3,1,4,4,0.00085,3369
0364,4,2,3,1,8,2,0.00088,3784
0365,4,2,3,1,8,4,0.00090,3740
0366,4,2,3,1,16,2,0.00085,3913
0367,4,2,3,1,16,4,0.00087,4180
0368,4,2,3,1,32,2,0.00082,5505
0369,4,2,3,1,32,4,0.00088,5686
0370,4,2,3,2,2,2,0.00086,3856
0371,4,2,3,2,2,4,0.00089,3724
0372,4,2,3,2,4,2,0.00087,3718
0373,4,2,3,2,4,4,0.00088,3588
0374,4,2,3,2,8,2,0.00091,4507
0375,4,2,3,2,8,4,0.00090,4429
0376,4,2,3,2,16,2,0.00089,5010
0377,4,2,3,2,16,4,0.00085,4932
0378,4,2,3,2,32,2,0.00086,8104
0379,4,2,3,2,32,4,0.00084,8084
0380,4,2,3,3,2,2,0.00099,4847
0381,4,2,3,3,2,4,0.00097,4494
0382,4,2,3,3,4,2,0.00096,4590
0383,4,2,3,3,4,4,0.00091,4350
0384,4,2,3,3,8,2,0.00103,5586
0385,4,2,3,3,8,4,0.00098,5337
0386,4,2,3,3,16,2,0.00095,6604
0387,4,2,3,3,16,4,0.00095,6394
0388,4,2,3,3,32,2,0.00098,11319
0389,4,2,3,3,32,4,0.00092,10662
0390,4,2,3,4,2,2,0.00090,3084
0391,4,2,3,4,2,4,0.00090,3084
0392,4,2,3,4,4,2,0.00093,3417
0393,4,2,3,4,4,4,0.00093,3417
0394,4,2,3,4,8,2,0.00100,4622
0395,4,2,3,4,8,4,0.00100,4622
0396,4,2,3,4,16,2,0.00094,5882
0397,4,2,3,4,16,4,0.00094,5882
0398,4,2,3,4,32,2,0.00091,11478
0399,4,2,3,4,32,4,0.00091,11478
0400,4,2,4,1,2,2,0.00110,4264
0401,4,2,4,1,2,4,0.00120,4298
0402,4,2,4,1,4,2,0.00114,4152
0403,4,2,4,1,4,4,0.00117,4341
0404,4,2,4,1,8,2,0.00120,4456
0405,4,2,4,1,8,4,0.00122,4351
0406,4,2,4,1,16,2,0.00113,4941
0407,4,2,4,1,16,4,0.00117,5169
0408,4,2,4,1,32,2,0.00112,7167
0409,4,2,4,1,32,4,0.00117,7460
0410,4,2,4,2,2,2,0.00116,4402
0411,4,2,4,2,2,4,0.00115,4144
0412,4,2,4,2,4,2,0.00115,4442
0413,4,2,4,2,4,4,0.00115,4327
0414,4,2,4,2,8,2,0.00126,5375
0415,4,2,4,2,8,4,0.00126,5433
0416,4,2,4,2,16,2,0.00117,6178
0417,4,2,4,2,16,4,0.00119,6187
0418,4,2,4,2,32,2,0.00116,10230
0419,4,2,4,2,32,4,0.00117,10250
0420,4,2,4,3,2,2,0.00136,6396
0421,4,2,4,3,2,4,0.00132,5806
0422,4,2,4,3,4,2,0.00130,6006
0423,4,2,4,3,4,4,0.00123,5287
0424,4,2,4,3,8,2,0.00139,7230
0425,4,2,4,3,8,4,0.00136,6847
0426,4,2,4,3,16,2,0.00132,8733
0427,4,2,4,3,16,4,0.00129,7856
0428,4,2,4,3,32,2,0.00132,13015
0429,4,2,4,3,32,4,0.00124,12936
0430,4,2,4,4,2,2,0.00126,3957
0431,4,2,4,4,2,4,0.00126,3957
0432,4,2,4,4,4,2,0.00129,4584
0433,4,2,4,4,4,4,0.00129,4584
0434,4,2,4,4,8,2,0.00133,6010
0435,4,2,4,4,8,4,0.00133,6010
0436,4,2,4,4,16,2,0.00130,7642
0437,4,2,4,4,16,4,0.00130,7642
0438,4,2,4,4,32,2,0.00126,13264
0439,4,2,4,4,32,4,0.00126,13264
0440,4,3,1,1,2,2,0.00026,1666
0441,4,3,1,1,2,4,0.00027,1973
0442,4,3,1,1,4,2,0.00025,1594
0443,4,3,1,1,4,4,0.00028,2003
0444,4,3,1,1,8,2,0.00027,2122
0445,4,3,1,1,8,4,0.00029,2246
0446,4,3,1,1,16,2,0.00026,2526
0447,4,3,1,1,16,4,0.00028,2758
0448,4,3,1,1,32,2,0.00026,3727
0449,4,3,1,1,32,4,0.00028,3760
0450,4,3,1,2,2,2,0.00027,2432
0451,4,3,1,2,2,4,0.00028,2213
0452,4,3,1,2,4,2,0.00028,2198
0453,4,3,1,2,4,4,0.00027,2314
0454,4,3,1,2,8,2,0.00029,2435
0455,4,3,1,2,8,4,0.00028,2821
0456,4,3,1,2,16,2,0.00027,3119
0457,4,3,1,2,16,4,0.00027,3118
0458,4,3,1,2,32,2,0.00027,4672
0459,4,3,1,2,32,4,0.00027,4760
0460,4,3,1,3,2,2,0.00031,2854
0461,4,3,1,3,2,4,0.00029,2772
0462,4,3,1,3,4,2,0.00029,2975
0463,4,3,1,3,4,4,0.00027,2570
0464,4,3,1,3,8,2,0.00030,3372
0465,4,3,1,3,8,4,0.00029,3339
0466,4,3,1,3,16,2,0.00028,3999
0467,4,3,1,3,16,4,0.00029,3857
0468,4,3,1,3,32,2,0.00029,6321
0469,4,3,1,3,32,4,0.00028,6140
0470,4,3,1,4,2,2,0.00025,1668
0471,4,3,1,4,2,4,0.00025,1668
0472,4,3,1,4,4,2,0.00025,1873
0473,4,3,1,4,4,4,0.00025,1873
0474,4,3,1,4,8,2,0.00027,2643
0475,4,3,1,4,8,4,0.00027,2643
0476,4,3,1,4,16,2,0.00026,3415
0477,4,3,1,4,16,4,0.00026,3415
0478,4,3,1,4,32,2,0.00025,6693
0479,4,3,1,4,32,4,0.00025,6693
0480,4,3,2,1,2,2,0.00055,3592
0481,4,3,2,1,2,4,0.00060,3888
0482,4,3,2,1,4,2,0.00056,3535
0483,4,3,2,1,4,4,0.00055,3409
0484,4,3,2,1,8,2,0.00059,3976
0485,4,3,2,1,8,4,0.00062,3725
0486,4,3,2,1,16,2,0.00055,4382
0487,4,3,2,1,16,4,0.00059,4121
0488,4,3,2,1,32,2,0.00055,5694
0489,4,3,2,1,32,4,0.00061,5952
0490,4,3,2,2,2,2,0.00058,3979
0491,4,3,2,2,2,4,0.00058,3899
0492,4,3,2,2,4,2,0.00057,3894
0493,4,3,2,2,4,4,0.00058,3838
0494,4,3,2,2,8,2,0.00060,4506
0495,4,3,2,2,8,4,0.00061,4598
0496,4,3,2,2,16,2,0.00058,5368
0497,4,3,2,2,16,4,0.00060,5537
0498,4,3,2,2,32,2,0.00057,8598
0499,4,3,2,2,32,4,0.00059,8481
0500,4,3,2,3,2,2,0.00067,4859
0501,4,3,2,3,2,4,0.00064,4839
0502,4,3,2,3,4,2,0.00063,4891
0503,4,3,2,3,4,4,0.00062,4489
0504,4,3,2,3,8,2,0.00066,6003
0505,4,3,2,3,8,4,0.00065,5696
0506,4,3,2,3,16,2,0.00063,7253
0507,4,3,2,3,16,4,0.00062,6578
0508,4,3,2,3,32,2,0.00064,11553
0509,4,3,2,3,32,4,0.00060,9858
0510,4,3,2,4,2,2,0.00059,3091
0511,4,3,2,4,2,4,0.00059,3091
0512,4,3,2,4,4,2,0.00059,3337
0513,4,3,2,4,4,4,0.00059,3337
0514,4,3,2,4,8,2,0.00061,4708
0515,4,3,2,4,8,4,0.00061,4708
0516,4,3,2,4,16,2,0.00062,5961
0517,4,3,2,4,16,4,0.00062,5961
0518,4,3,2,4,32,2,0.00061,11770
0519,4,3,2,4,32,4,0.00061,11770
0520,4,3,3,1,2,2,0.00083,4397
0521,4,3,3,1,2,4,0.00087,4900
0522,4,3,3,1,4,2,0.00084,4550
0523,4,3,3,1,4,4,0.00088,4938
0524,4,3,3,1,8,2,0.00087,5139
0525,4,3,3,1,8,4,0.00093,5338
0526,4,3,3,1,16,2,0.00083,5961
0527,4,3,3,1,16,4,0.00086,6359
0528,4,3,3,1,32,2,0.00084,8344
0529,4,3,3,1,32,4,0.00089,9001
0530,4,3,3,2,2,2,0.00088,5019
0531,4,3,3,2,2,4,0.00087,4918
0532,4,3,3,2,4,2,0.00087,5105
0533,4,3,3,2,4,4,0.00088,4923
0534,4,3,3,2,8,2,0.00095,6179
0535,4,3,3,2,8,4,0.00094,6158
0536,4,3,3,2,16,2,0.00088,7229
0537,4,3,3,2,16,4,0.00087,7181
0538,4,3,3,2,32,2,0.00087,11511
0539,4,3,3,2,32,4,0.00089,11557
0540,4,3,3,3,2,2,0.00100,7360
0541,4,3,3,3,2,4,0.00098,6393
0542,4,3,3,3,4,2,0.00098,6647
0543,4,3,3,3,4,4,0.00092,6016
0544,4,3,3,3,8,2,0.00104,8115
0545,4,3,3,3,8,4,0.00100,7299
0546,4,3,3,3,16,2,0.00096,9856
0547,4,3,3,3,16,4,0.00094,8979
0549,4,3,3,3,32,4,0.00092,13275
0550,4,3,3,4,2,2,0.00092,4418
0551,4,3,3,4,2,4,0.00092,4418
0552,4,3,3,4,4,2,0.00092,4847
0553,4,3,3,4,4,4,0.00092,4847
0554,4,3,3,4,8,2,0.00099,6883
0555,4,3,3,4,8,4,0.00099,6883
0556,4,3,3,4,16,2,0.00095,8725
0557,4,3,3,4,16,4,0.00095,8725
0560,4,3,4,1,2,2,0.00112,6075
0561,4,3,4,1,2,4,0.00121,6501
0562,4,3,4,1,4,2,0.00114,6023
0563,4,3,4,1,4,4,0.00121,6109
0564,4,3,4,1,8,2,0.00122,6397
0565,4,3,4,1,8,4,0.00129,6731
0566,4,3,4,1,16,2,0.00114,7259
0567,4,3,4,1,16,4,0.00122,7431
0568,4,3,4,1,32,2,0.00113,10364
0569,4,3,4,1,32,4,0.00121,11263
0570,4,3,4,2,2,2,0.00118,6223
0571,4,3,4,2,2,4,0.00117,6439
0572,4,3,4,2,4,2,0.00118,6292
0573,4,3,4,2,4,4,0.00118,6433
0574,4,3,4,2,8,2,0.00127,7526
0575,4,3,4,2,8,4,0.00127,7670
0576,4,3,4,2,16,2,0.00118,8997
0577,4,3,4,2,16,4,0.00116,9272
0578,4,3,4,2,32,2,0.00117,13194
0579,4,3,4,2,32,4,0.00118,13225
0580,4,3,4,3,2,2,0.00138,8638
0581,4,3,4,3,2,4,0.00132,7658
0582,4,3,4,3,4,2,0.00130,8645
0583,4,3,4,3,4,4,0.00127,7985
0584,4,3,4,3,8,2,0.00138,10164
0585,4,3,4,3,8,4,0.00133,9347
0586,4,3,4,3,16,2,0.00131,12109
0587,4,3,4,3,16,4,0.00128,11540
0590,4,3,4,4,2,2,0.00129,5577
0591,4,3,4,4,2,4,0.00129,5577
0592,4,3,4,4,4,2,0.00130,6248
0593,4,3,4,4,4,4,0.00130,6248
0594,4,3,4,4,8,2,0.00134,8341
0595,4,3,4,4,8,4,0.00134,8341
0596,4,3,4,4,16,2,0.00130,11214
0597,4,3,4,4,16,4,0.00130,11214
0600,8,1,1,1,2,2,0.00040,492
0601,8,1,1,1,2,4,0.00037,461
0602,8,1,1,1,2,8,0.00036,468
0603,8,1,1,1,4,2,0.00041,467
0604,8,1,1,1,4,4,0.00036,475
0605,8,1,1,1,4,8,0.00040,484
0606,8,1,1,1,8,2,0.00042,572
0607,8,1,1,1,8,4,0.00038,572
0608,8,1,1,1,8,8,0.00045,573
0609,8,1,1,1,16,2,0.00040,810
0610,8,1,1,1,16,4,0.00036,723
0611,8,1,1,1,16,8,0.00040,787
0612,8,1,1,1,32,2,0.00039,1114
0613,8,1,1,1,32,4,0.00036,1124
0614,8,1,1,1,32,8,0.00040,1033
0615,8,1,1,2,2,2,0.00036,674
0616,8,1,1,2,2,4,0.00033,754
0617,8,1,1,2,2,8,0.00033,691
0618,8,1,1,2,4,2,0.00037,663
0619,8,1,1,2,4,4,0.00036,628
0620,8,1,1,2,4,8,0.00036,748
0621,8,1,1,2,8,2,0.00039,833
0622,8,1,1,2,8,4,0.00039,886
0623,8,1,1,2,8,8,0.00040,832
0624,8,1,1,2,16,2,0.00037,1019
0625,8,1,1,2,16,4,0.00036,1065
0626,8,1,1,2,16,8,0.00036,1031
0627,8,1,1,2,32,2,0.00038,1573
0628,8,1,1,2,32,4,0.00035,1584
0629,8,1,1,2,32,8,0.00036,1646
0630,8,1,1,3,2,2,0.00050,1560
0631,8,1,1,3,2,4,0.00047,1526
0632,8,1,1,3,2,8,0.00043,1033
0633,8,1,1,3,4,2,0.00044,1888
0634,8,1,1,3,4,4,0.00040,1597
0635,8,1,1,3,4,8,0.00036,1129
0636,8,1,1,3,8,2,0.00050,1810
0637,8,1,1,3,8,4,0.00043,1785
0638,8,1,1,3,8,8,0.00040,1198
0639,8,1,1,3,16,2,0.00043,2034
0640,8,1,1,3,16,4,0.00037,1998
0641,8,1,1,3,16,8,0.00037,1636
0642,8,1,1,3,32,2,0.00048,2965
0643,8,1,1,3,32,4,0.00037,2726
0644,8,1,1,3,32,8,0.00036,2188
0645,8,1,1,4,2,2,0.00032,777
0646,8,1,1,4,2,4,0.00032,937
0647,8,1,1,4,2,8,0.00033,782
0648,8,1,1,4,4,2,0.00033,764
0649,8,1,1,4,4,4,0.00034,917
0650,8,1,1,4,4,8,0.00033,728
0651,8,1,1,4,8,2,0.00034,1011
0652,8,1,1,4,8,4,0.00036,1081
0653,8,1,1,4,8,8,0.00035,988
0654,8,1,1,4,16,2,0.00033,1294
0655,8,1,1,4,16,4,0.00034,1407
0656,8,1,1,4,16,8,0.00034,1431
0657,8,1,1,4,32,2,0.00033,2279
0658,8,1,1,4,32,4,0.00034,2442
0659,8,1,1,4,32,8,0.00033,2269
0660,8,1,2,1,2,2,0.00086,2094
0661,8,1,2,1,2,4,0.00078,2074
0662,8,1,2,1,2,8,0.00079,1816
0663,8,1,2,1,4,2,0.00086,2186
0664,8,1,2,1,4,4,0.00081,1974
0665,8,1,2,1,4,8,0.00088,2130
0666,8,1,2,1,8,2,0.00092,2083
0667,8,1,2,1,8,4,0.00087,1867
0668,8,1,2,1,8,8,0.00090,2148
0669,8,1,2,1,16,2,0.00084,2839
0670,8,1,2,1,16,4,0.00087,2334
0671,8,1,2,1,16,8,0.00086,2713
0672,8,1,2,1,32,2,0.00084,2854
0673,8,1,2,1,32,4,0.00085,2665
0674,8,1,2,1,32,8,0.00086,2842
0675,8,1,2,2,2,2,0.00083,2270
0676,8,1,2,2,2,4,0.00076,2134
0677,8,1,2,2,2,8,0.00075,2375
0678,8,1,2,2,4,2,0.00087,2192
0679,8,1,2,2,4,4,0.00084,2170
0680,8,1,2,2,4,8,0.00087,2243
0681,8,1,2,2,8,2,0.00087,2323
0682,8,1,2,2,8,4,0.00089,2290
0683,8,1,2,2,8,8,0.00090,2352
0684,8,1,2,2,16,2,0.00080,2709
0685,8,1,2,2,16,4,0.00087,2715
0686,8,1,2,2,16,8,0.00083,2999
0687,8,1,2,2,32,2,0.00082,3668
0688,8,1,2,2,32,4,0.00082,3663
0689,8,1,2,2,32,8,0.00084,3710
0690,8,1,2,3,2,2,0.00106,3360
0691,8,1,2,3,2,4,0.00098,3286
0692,8,1,2,3,2,8,0.00098,2466
0693,8,1,2,3,4,2,0.00098,3419
0694,8,1,2,3,4,4,0.00084,3609
0695,8,1,2,3,4,8,0.00086,2566
0696,8,1,2,3,8,2,0.00104,3603
0697,8,1,2,3,8,4,0.00093,3772
0698,8,1,2,3,8,8,0.00090,2920
0699,8,1,2,3,16,2,0.00099,3946
0700,8,1,2,3,16,4,0.00085,4004
0701,8,1,2,3,16,8,0.00084,3363
0702,8,1,2,3,32,2,0.00099,5460
0703,8,1,2,3,32,4,0.00087,5093
0704,8,1,2,3,32,8,0.00087,4517
0705,8,1,2,4,2,2,0.00079,2544
0706,8,1,2,4,2,4,0.00084,2789
0707,8,1,2,4,2,8,0.00081,2625
0708,8,1,2,4,4,2,0.00081,2452
0709,8,1,2,4,4,4,0.00086,2733
0710,8,1,2,4,4,8,0.00081,2591
0711,8,1,2,4,8,2,0.00084,2983
0712,8,1,2,4,8,4,0.00090,3180
0713,8,1,2,4,8,8,0.00085,3007
0714,8,1,2,4,16,2,0.00083,3822
0715,8,1,2,4,16,4,0.00085,3640
0716,8,1,2,4,16,8,0.00082,3485
0717,8,1,2,4,32,2,0.00080,4932
0718,8,1,2,4,32,4,0.00082,5297
0719,8,1,2,4,32,8,0.00083,5084
0720,8,1,3,1,2,2,0.00133,3153
0721,8,1,3,1,2,4,0.00132,3027
0722,8,1,3,1,2,8,0.00134,2990
0723,8,1,3,1,4,2,0.00139,3297
0724,8,1,3,1,4,4,0.00127,2979
0725,8,1,3,1,4,8,0.00132,3395
0726,8,1,3,1,8,2,0.00140,3274
0727,8,1,3,1,8,4,0.00132,3098
0728,8,1,3,1,8,8,0.00135,3427
0729,8,1,3,1,16,2,0.00132,3772
0730,8,1,3,1,16,4,0.00125,3292
0731,8,1,3,1,16,8,0.00138,3631
0732,8,1,3,1,32,2,0.00139,4397
0733,8,1,3,1,32,4,0.00126,4183
0734,8,1,3,1,32,8,0.00137,4300
0735,8,1,3,2,2,2,0.00125,3218
0736,8,1,3,2,2,4,0.00128,3251
0737,8,1,3,2,2,8,0.00115,3049
0738,8,1,3,2,4,2,0.00126,3068
0739,8,1,3,2,4,4,0.00123,3174
0740,8,1,3,2,4,8,0.00123,2961
0741,8,1,3,2,8,2,0.00141,3311
0742,8,1,3,2,8,4,0.00138,3509
0743,8,1,3,2,8,8,0.00139,3309
0744,8,1,3,2,16,2,0.00132,3839
0745,8,1,3,2,16,4,0.00129,3686
0746,8,1,3,2,16,8,0.00127,3426
0747,8,1,3,2,32,2,0.00125,4850
0748,8,1,3,2,32,4,0.00127,4978
0749,8,1,3,2,32,8,0.00131,4782
0750,8,1,3,3,2,2,0.00164,4503
0751,8,1,3,3,2,4,0.00150,4418
0752,8,1,3,3,2,8,0.00148,3392
0753,8,1,3,3,4,2,0.00151,4549
0754,8,1,3,3,4,4,0.00131,4204
0755,8,1,3,3,4,8,0.00126,3494
0756,8,1,3,3,8,2,0.00160,4791
0757,8,1,3,3,8,4,0.00144,4827
0758,8,1,3,3,8,8,0.00138,3799
0759,8,1,3,3,16,2,0.00150,5393
0760,8,1,3,3,16,4,0.00132,5219
0761,8,1,3,3,16,8,0.00131,4306
0762,8,1,3,3,32,2,0.00149,7453
0763,8,1,3,3,32,4,0.00132,6790
0764,8,1,3,3,32,8,0.00129,6380
0765,8,1,3,4,2,2,0.00124,3415
0766,8,1,3,4,2,4,0.00128,3685
0767,8,1,3,4,2,8,0.00115,3353
0768,8,1,3,4,4,2,0.00124,3285
0769,8,1,3,4,4,4,0.00132,3663
0770,8,1,3,4,4,8,0.00128,3341
0771,8,1,3,4,8,2,0.00134,4045
0772,8,1,3,4,8,4,0.00140,4007
0773,8,1,3,4,8,8,0.00135,4000
0774,8,1,3,4,16,2,0.00128,4500
0775,8,1,3,4,16,4,0.00133,4682
0776,8,1,3,4,16,8,0.00124,4600
0777,8,1,3,4,32,2,0.00125,7171
0778,8,1,3,4,32,4,0.00134,7512
0779,8,1,3,4,32,8,0.00125,7140
0780,8,1,4,1,2,2,0.00183,4005
0781,8,1,4,1,2,4,0.00185,3842
0782,8,1,4,1,2,8,0.00179,4012
0783,8,1,4,1,4,2,0.00185,3675
0784,8,1,4,1,4,4,0.00178,3502
0785,8,1,4,1,4,8,0.00184,3876
0786,8,1,4,1,8,2,0.00195,4263
0787,8,1,4,1,8,4,0.00185,3719
0788,8,1,4,1,8,8,0.00196,4103
0789,8,1,4,1,16,2,0.00181,4259
0790,8,1,4,1,16,4,0.00182,4095
0791,8,1,4,1,16,8,0.00182,4339
0792,8,1,4,1,32,2,0.00186,5174
0793,8,1,4,1,32,4,0.00177,4656
0794,8,1,4,1,32,8,0.00185,5104
0795,8,1,4,2,2,2,0.00170,4062
0796,8,1,4,2,2,4,0.00175,4049
0797,8,1,4,2,2,8,0.00151,3771
0798,8,1,4,2,4,2,0.00172,3824
0799,8,1,4,2,4,4,0.00173,4168
0800,8,1,4,2,4,8,0.00174,3656
0801,8,1,4,2,8,2,0.00188,4127
0802,8,1,4,2,8,4,0.00189,4092
0803,8,1,4,2,8,8,0.00187,3962
0804,8,1,4,2,16,2,0.00175,4334
0805,8,1,4,2,16,4,0.00180,4402
0806,8,1,4,2,16,8,0.00172,4250
0807,8,1,4,2,32,2,0.00173,6198
0808,8,1,4,2,32,4,0.00168,6219
0809,8,1,4,2,32,8,0.00171,6277
0810,8,1,4,3,2,2,0.00222,5832
0811,8,1,4,3,2,4,0.00203,5466
0812,8,1,4,3,2,8,0.00199,4714
0813,8,1,4,3,4,2,0.00200,5774
0814,8,1,4,3,4,4,0.00174,5169
0815,8,1,4,3,4,8,0.00174,4341
0816,8,1,4,3,8,2,0.00216,6064
0817,8,1,4,3,8,4,0.00191,5607
0818,8,1,4,3,8,8,0.00190,4973
0819,8,1,4,3,16,2,0.00201,6651
0820,8,1,4,3,16,4,0.00181,6678
0821,8,1,4,3,16,8,0.00175,5689
0822,8,1,4,3,32,2,0.00204,9335
0823,8,1,4,3,32,4,0.00177,9019
0824,8,1,4,3,32,8,0.00173,8532
0825,8,1,4,4,2,2,0.00165,4290
0826,8,1,4,4,2,4,0.00174,4618
0827,8,1,4,4,2,8,0.00171,4208
0828,8,1,4,4,4,2,0.00172,4467
0829,8,1,4,4,4,4,0.00179,4502
0830,8,1,4,4,4,8,0.00173,4146
0831,8,1,4,4,8,2,0.00181,4829
0832,8,1,4,4,8,4,0.00198,5195
0833,8,1,4,4,8,8,0.00180,4730
0834,8,1,4,4,16,2,0.00169,5724
0835,8,1,4,4,16,4,0.00180,6025
0836,8,1,4,4,16,8,0.00171,5813
0837,8,1,4,4,32,2,0.00170,8986
0838,8,1,4,4,32,4,0.00180,10119
0839,8,1,4,4,32,8,0.00173,9258
0840,8,2,1,1,2,2,0.00042,1972
0841,8,2,1,1,2,4,0.00038,1650
0842,8,2,1,1,2,8,0.00036,1638
0843,8,2,1,1,4,2,0.00045,2031
0844,8,2,1,1,4,4,0.00041,1733
0845,8,2,1,1,4,8,0.00042,2016
0846,8,2,1,1,8,2,0.00047,2200
0847,8,2,1,1,8,4,0.00044,1896
0848,8,2,1,1,8,8,0.00048,2243
0849,8,2,1,1,16,2,0.00045,2506
0850,8,2,1,1,16,4,0.00041,2632
0851,8,2,1,1,16,8,0.00043,2317
0852,8,2,1,1,32,2,0.00044,3134
0853,8,2,1,1,32,4,0.00042,3027
0854,8,2,1,1,32,8,0.00044,3071
0855,8,2,1,2,2,2,0.00039,2293
0856,8,2,1,2,2,4,0.00037,1963
0857,8,2,1,2,2,8,0.00036,2226
0858,8,2,1,2,4,2,0.00041,2111
0859,8,2,1,2,4,4,0.00041,2080
0860,8,2,1,2,4,8,0.00042,2184
0861,8,2,1,2,8,2,0.00044,2439
0862,8,2,1,2,8,4,0.00043,2343
0863,8,2,1,2,8,8,0.00044,2521
0864,8,2,1,2,16,2,0.00042,2882
0865,8,2,1,2,16,4,0.00040,2848
0866,8,2,1,2,16,8,0.00042,2903
0867,8,2,1,2,32,2,0.00043,4065
0868,8,2,1,2,32,4,0.00044,3853
0869,8,2,1,2,32,8,0.00043,4205
0870,8,2,1,3,2,2,0.00050,3258
0871,8,2,1,3,2,4,0.00045,3023
0872,8,2,1,3,2,8,0.00046,2352
0873,8,2,1,3,4,2,0.00045,3294
0874,8,2,1,3,4,4,0.00041,3647
0875,8,2,1,3,4,8,0.00040,2459
0876,8,2,1,3,8,2,0.00049,3675
0877,8,2,1,3,8,4,0.00044,3811
0878,8,2,1,3,8,8,0.00042,2858
0879,8,2,1,3,16,2,0.00045,4203
0880,8,2,1,3,16,4,0.00039,3994
0881,8,2,1,3,16,8,0.00040,3483
0882,8,2,1,3,32,2,0.00047,5514
0883,8,2,1,3,32,4,0.00041,5362
0884,8,2,1,3,32,8,0.00040,4743
0885,8,2,1,4,2,2,0.00037,2370
0886,8,2,1,4,2,4,0.00039,2583
0887,8,2,1,4,2,8,0.00037,2368
0888,8,2,1,4,4,2,0.00036,2400
0889,8,2,1,4,4,4,0.00038,2582
0890,8,2,1,4,4,8,0.00033,2547
0891,8,2,1,4,8,2,0.00037,2910
0892,8,2,1,4,8,4,0.00042,3078
0893,8,2,1,4,8,8,0.00039,3022
0894,8,2,1,4,16,2,0.00037,3535
0895,8,2,1,4,16,4,0.00038,3550
0896,8,2,1,4,16,8,0.00037,3542
0897,8,2,1,4,32,2,0.00037,5260
0898,8,2,1,4,32,4,0.00039,5494
0899,8,2,1,4,32,8,0.00036,5364
0900,8,2,2,1,2,2,0.00093,4284
0901,8,2,2,1,2,4,0.00093,3833
0902,8,2,2,1,2,8,0.00088,3738
0903,8,2,2,1,4,2,0.00087,4161
0904,8,2,2,1,4,4,0.00088,3418
0905,8,2,2,1,4,8,0.00088,3863
0906,8,2,2,1,8,2,0.00091,4153
0907,8,2,2,1,8,4,0.00094,3765
0908,8,2,2,1,8,8,0.00098,4077
0909,8,2,2,1,16,2,0.00091,4531
0910,8,2,2,1,16,4,0.00085,4199
0911,8,2,2,1,16,8,0.00092,4406
0912,8,2,2,1,32,2,0.00094,5420
0913,8,2,2,1,32,4,0.00091,5098
0914,8,2,2,1,32,8,0.00092,5511
0915,8,2,2,2,2,2,0.00085,4059
0916,8,2,2,2,2,4,0.00084,3955
0917,8,2,2,2,2,8,0.00075,4014
0918,8,2,2,2,4,2,0.00085,3943
0919,8,2,2,2,4,4,0.00085,3998
0920,8,2,2,2,4,8,0.00087,3862
0921,8,2,2,2,8,2,0.00092,4136
0922,8,2,2,2,8,4,0.00091,4196
0923,8,2,2,2,8,8,0.00092,4362
0924,8,2,2,2,16,2,0.00084,4705
0925,8,2,2,2,16,4,0.00087,4783
0926,8,2,2,2,16,8,0.00086,5048
0927,8,2,2,2,32,2,0.00086,6627
0928,8,2,2,2,32,4,0.00084,6652
0929,8,2,2,2,32,8,0.00085,6479
0930,8,2,2,3,2,2,0.00108,5559
0931,8,2,2,3,2,4,0.00100,5643
0932,8,2,2,3,2,8,0.00097,4640
0933,8,2,2,3,4,2,0.00101,5688
0934,8,2,2,3,4,4,0.00087,5104
0935,8,2,2,3,4,8,0.00086,4489
0936,8,2,2,3,8,2,0.00108,6100
0937,8,2,2,3,8,4,0.00094,5861
0938,8,2,2,3,8,8,0.00091,5382
0939,8,2,2,3,16,2,0.00100,7029
0940,8,2,2,3,16,4,0.00088,6746
0941,8,2,2,3,16,8,0.00087,5674
0942,8,2,2,3,32,2,0.00100,9834
0943,8,2,2,3,32,4,0.00086,9370
0944,8,2,2,3,32,8,0.00086,8588
0945,8,2,2,4,2,2,0.00082,4023
0946,8,2,2,4,2,4,0.00085,4460
0947,8,2,2,4,2,8,0.00082,4164
0948,8,2,2,4,4,2,0.00082,4449
0949,8,2,2,4,4,4,0.00081,4299
0950,8,2,2,4,4,8,0.00081,4342
0951,8,2,2,4,8,2,0.00087,4951
0952,8,2,2,4,8,4,0.00091,5085
0953,8,2,2,4,8,8,0.00086,4870
0954,8,2,2,4,16,2,0.00081,6117
0955,8,2,2,4,16,4,0.00086,6209
0956,8,2,2,4,16,8,0.00082,6095
0957,8,2,2,4,32,2,0.00083,10426
0958,8,2,2,4,32,4,0.00086,9697
0959,8,2,2,4,32,8,0.00082,10473
0960,8,2,3,1,2,2,0.00139,5090
0961,8,2,3,1,2,4,0.00140,4978
0962,8,2,3,1,2,8,0.00138,5284
0963,8,2,3,1,4,2,0.00138,5203
0964,8,2,3,1,4,4,0.00133,5101
0965,8,2,3,1,4,8,0.00135,5363
0966,8,2,3,1,8,2,0.00144,5597
0967,8,2,3,1,8,4,0.00141,5112
0968,8,2,3,1,8,8,0.00146,5661
0969,8,2,3,1,16,2,0.00137,5761
0970,8,2,3,1,16,4,0.00133,5545
0971,8,2,3,1,16,8,0.00138,6064
0972,8,2,3,1,32,2,0.00139,7617
0973,8,2,3,1,32,4,0.00138,7316
0974,8,2,3,1,32,8,0.00138,7469
0975,8,2,3,2,2,2,0.00131,5610
0976,8,2,3,2,2,4,0.00129,4894
0977,8,2,3,2,2,8,0.00115,4785
0978,8,2,3,2,4,2,0.00128,5003
0979,8,2,3,2,4,4,0.00127,5049
0980,8,2,3,2,4,8,0.00130,5226
0981,8,2,3,2,8,2,0.00143,5307
0982,8,2,3,2,8,4,0.00143,5612
0983,8,2,3,2,8,8,0.00140,5449
0984,8,2,3,2,16,2,0.00131,6415
0985,8,2,3,2,16,4,0.00130,6509
0986,8,2,3,2,16,8,0.00132,6259
0987,8,2,3,2,32,2,0.00131,9007
0988,8,2,3,2,32,4,0.00131,9111
0989,8,2,3,2,32,8,0.00130,8839
0990,8,2,3,3,2,2,0.00165,8240
0991,8,2,3,3,2,4,0.00153,7413
0992,8,2,3,3,2,8,0.00150,6466
0993,8,2,3,3,4,2,0.00152,7865
0994,8,2,3,3,4,4,0.00133,7047
0995,8,2,3,3,4,8,0.00128,6197
0996,8,2,3,3,8,2,0.00161,8507
0997,8,2,3,3,8,4,0.00142,7934
0998,8,2,3,3,8,8,0.00142,6995
0999,8,2,3,3,16,2,0.00153,9703
1000,8,2,3,3,16,4,0.00133,8940
1001,8,2,3,3,16,8,0.00130,8016
1002,8,2,3,3,32,2,0.00153,13059
1003,8,2,3,3,32,4,0.00135,12760
1004,8,2,3,3,32,8,0.00130,12131
1005,8,2,3,4,2,2,0.00127,6214
1006,8,2,3,4,2,4,0.00135,6542
1007,8,2,3,4,2,8,0.00128,6227
1008,8,2,3,4,4,2,0.00127,6058
1009,8,2,3,4,4,4,0.00134,6080
1010,8,2,3,4,4,8,0.00128,6188
1011,8,2,3,4,8,2,0.00134,7328
1012,8,2,3,4,8,4,0.00145,7333
1013,8,2,3,4,8,8,0.00133,7425
1014,8,2,3,4,16,2,0.00127,8782
1015,8,2,3,4,16,4,0.00133,8773
1016,8,2,3,4,16,8,0.00127,8601
1017,8,2,3,4,32,2,0.00129,12786
1018,8,2,3,4,32,4,0.00132,12952
1019,8,2,3,4,32,8,0.00125,12927
1020,8,2,4,1,2,2,0.00191,6847
1021,8,2,4,1,2,4,0.00183,6708
1022,8,2,4,1,2,8,0.00184,6729
1023,8,2,4,1,4,2,0.00188,6866
1024,8,2,4,1,4,4,0.00182,6232
1025,8,2,4,1,4,8,0.00186,6858
1026,8,2,4,1,8,2,0.00194,7161
1027,8,2,4,1,8,4,0.00198,6687
1028,8,2,4,1,8,8,0.00193,7234
1029,8,2,4,1,16,2,0.00185,7919
1030,8,2,4,1,16,4,0.00182,7241
1031,8,2,4,1,16,8,0.00187,7438
1032,8,2,4,1,32,2,0.00183,9780
1033,8,2,4,1,32,4,0.00182,8764
1034,8,2,4,1,32,8,0.00185,9373
1035,8,2,4,2,2,2,0.00176,7325
1036,8,2,4,2,2,4,0.00176,6509
1037,8,2,4,2,2,8,0.00157,5826
1038,8,2,4,2,4,2,0.00173,6742
1039,8,2,4,2,4,4,0.00170,6649
1040,8,2,4,2,4,8,0.00179,6310
1041,8,2,4,2,8,2,0.00190,7578
1042,8,2,4,2,8,4,0.00189,7167
1043,8,2,4,2,8,8,0.00186,6646
1044,8,2,4,2,16,2,0.00178,8301
1045,8,2,4,2,16,4,0.00176,7906
1046,8,2,4,2,16,8,0.00177,7908
1047,8,2,4,2,32,2,0.00178,12131
1048,8,2,4,2,32,4,0.00174,12009
1049,8,2,4,2,32,8,0.00174,12083
1050,8,2,4,3,2,2,0.00221,10741
1051,8,2,4,3,2,4,0.00206,10182
1052,8,2,4,3,2,8,0.00201,8134
1053,8,2,4,3,4,2,0.00206,9948
1054,8,2,4,3,4,4,0.00179,9178
1055,8,2,4,3,4,8,0.00179,7975
1056,8,2,4,3,8,2,0.00220,11818
1057,8,2,4,3,8,4,0.00195,10932
1058,8,2,4,3,8,8,0.00191,8986
1059,8,2,4,3,16,2,0.00204,12166
1061,8,2,4,3,16,8,0.00175,10310
1065,8,2,4,4,2,2,0.00173,7404
1066,8,2,4,4,2,4,0.00177,7993
1067,8,2,4,4,2,8,0.00174,7565
1068,8,2,4,4,4,2,0.00172,7408
1069,8,2,4,4,4,4,0.00182,7724
1070,8,2,4,4,4,8,0.00172,7599
1071,8,2,4,4,8,2,0.00182,9239
1072,8,2,4,4,8,4,0.00199,9249
1073,8,2,4,4,8,8,0.00183,8770
1074,8,2,4,4,16,2,0.00174,10899
1075,8,2,4,4,16,4,0.00183,11123
1076,8,2,4,4,16,8,0.00172,11082
1080,8,3,1,1,2,2,0.00043,3164
1081,8,3,1,1,2,4,0.00045,3202
1082,8,3,1,1,2,8,0.00044,3268
1083,8,3,1,1,4,2,0.00042,3335
1084,8,3,1,1,4,4,0.00041,2956
1085,8,3,1,1,4,8,0.00044,3160
1086,8,3,1,1,8,2,0.00045,3511
1087,8,3,1,1,8,4,0.00044,3235
1088,8,3,1,1,8,8,0.00046,3407
1089,8,3,1,1,16,2,0.00044,4039
1090,8,3,1,1,16,4,0.00043,3715
1091,8,3,1,1,16,8,0.00043,3619
1092,8,3,1,1,32,2,0.00045,4614
1093,8,3,1,1,32,4,0.00043,4368
1094,8,3,1,1,32,8,0.00046,4551
1095,8,3,1,2,2,2,0.00041,3282
1096,8,3,1,2,2,4,0.00040,3157
1097,8,3,1,2,2,8,0.00037,3218
1098,8,3,1,2,4,2,0.00039,3120
1099,8,3,1,2,4,4,0.00041,3251
1100,8,3,1,2,4,8,0.00040,3167
1101,8,3,1,2,8,2,0.00044,3484
1102,8,3,1,2,8,4,0.00044,3621
1103,8,3,1,2,8,8,0.00044,3424
1104,8,3,1,2,16,2,0.00040,4067
1105,8,3,1,2,16,4,0.00042,3994
1106,8,3,1,2,16,8,0.00041,3851
1107,8,3,1,2,32,2,0.00041,5484
1108,8,3,1,2,32,4,0.00042,5593
1109,8,3,1,2,32,8,0.00042,5515
1110,8,3,1,3,2,2,0.00051,4438
1111,8,3,1,3,2,4,0.00048,4294
1112,8,3,1,3,2,8,0.00045,3728
1113,8,3,1,3,4,2,0.00047,4477
1114,8,3,1,3,4,4,0.00041,4198
1115,8,3,1,3,4,8,0.00040,4293
1116,8,3,1,3,8,2,0.00051,4839
1117,8,3,1,3,8,4,0.00044,4767
1118,8,3,1,3,8,8,0.00044,4453
1119,8,3,1,3,16,2,0.00047,5782
1120,8,3,1,3,16,4,0.00040,5687
1121,8,3,1,3,16,8,0.00040,4651
1122,8,3,1,3,32,2,0.00048,7731
1123,8,3,1,3,32,4,0.00041,7537
1124,8,3,1,3,32,8,0.00041,7065
1125,8,3,1,4,2,2,0.00037,3569
1126,8,3,1,4,2,4,0.00039,3586
1127,8,3,1,4,2,8,0.00037,3442
1128,8,3,1,4,4,2,0.00037,3369
1129,8,3,1,4,4,4,0.00038,3570
1130,8,3,1,4,4,8,0.00037,3482
1131,8,3,1,4,8,2,0.00038,4266
1132,8,3,1,4,8,4,0.00042,4008
1133,8,3,1,4,8,8,0.00038,4137
1134,8,3,1,4,16,2,0.00037,4828
1135,8,3,1,4,16,4,0.00039,5107
1136,8,3,1,4,16,8,0.00036,5195
1137,8,3,1,4,32,2,0.00037,7605
1138,8,3,1,4,32,4,0.00039,7669
1139,8,3,1,4,32,8,0.00037,7695
1140,8,3,2,1,2,2,0.00094,5225
1141,8,3,2,1,2,4,0.00093,5222
1142,8,3,2,1,2,8,0.00089,5566
1143,8,3,2,1,4,2,0.00090,5291
1144,8,3,2,1,4,4,0.00089,4911
1145,8,3,2,1,4,8,0.00093,5232
1146,8,3,2,1,8,2,0.00099,5548
1147,8,3,2,1,8,4,0.00095,5078
1148,8,3,2,1,8,8,0.00097,5538
1149,8,3,2,1,16,2,0.00088,6422
1150,8,3,2,1,16,4,0.00092,5756
1151,8,3,2,1,16,8,0.00090,6276
1152,8,3,2,1,32,2,0.00092,7851
1153,8,3,2,1,32,4,0.00090,7277
1154,8,3,2,1,32,8,0.00093,8106
1155,8,3,2,2,2,2,0.00087,5591
1156,8,3,2,2,2,4,0.00087,5323
1157,8,3,2,2,2,8,0.00079,4954
1158,8,3,2,2,4,2,0.00088,5253
1159,8,3,2,2,4,4,0.00085,5596
1160,8,3,2,2,4,8,0.00087,5092
1161,8,3,2,2,8,2,0.00094,5875
1162,8,3,2,2,8,4,0.00093,5926
1163,8,3,2,2,8,8,0.00094,5394
1164,8,3,2,2,16,2,0.00089,6933
1165,8,3,2,2,16,4,0.00088,6838
1166,8,3,2,2,16,8,0.00088,6873
1167,8,3,2,2,32,2,0.00087,9179
1168,8,3,2,2,32,4,0.00087,9126
1169,8,3,2,2,32,8,0.00087,8969
1170,8,3,2,3,2,2,0.00108,8595
1171,8,3,2,3,2,4,0.00100,8046
1172,8,3,2,3,2,8,0.00098,6392
1173,8,3,2,3,4,2,0.00102,8244
1174,8,3,2,3,4,4,0.00088,7617
1175,8,3,2,3,4,8,0.00086,6716
1176,8,3,2,3,8,2,0.00106,8349
1177,8,3,2,3,8,4,0.00096,8975
1178,8,3,2,3,8,8,0.00092,7368
1179,8,3,2,3,16,2,0.00100,10247
1180,8,3,2,3,16,4,0.00088,9702
1181,8,3,2,3,16,8,0.00085,8547
1182,8,3,2,3,32,2,0.00102,13278
1183,8,3,2,3,32,4,0.00090,13043
1184,8,3,2,3,32,8,0.00086,12638
1185,8,3,2,4,2,2,0.00083,6507
1186,8,3,2,4,2,4,0.00088,6800
1187,8,3,2,4,2,8,0.00082,6309
1188,8,3,2,4,4,2,0.00083,6438
1189,8,3,2,4,4,4,0.00087,6494
1190,8,3,2,4,4,8,0.00083,6654
1191,8,3,2,4,8,2,0.00088,7508
1192,8,3,2,4,8,4,0.00094,7789
1193,8,3,2,4,8,8,0.00086,7809
1194,8,3,2,4,16,2,0.00083,9220
1195,8,3,2,4,16,4,0.00088,9150
1196,8,3,2,4,16,8,0.00084,9348
1197,8,3,2,4,32,2,0.00084,13104
1198,8,3,2,4,32,4,0.00087,13196
1199,8,3,2,4,32,8,0.00082,13193
1200,8,3,3,1,2,2,0.00138,7592
1201,8,3,3,1,2,4,0.00140,7516
1202,8,3,3,1,2,8,0.00138,7725
1203,8,3,3,1,4,2,0.00139,7372
1204,8,3,3,1,4,4,0.00135,7541
1205,8,3,3,1,4,8,0.00138,7706
1206,8,3,3,1,8,2,0.00145,7908
1207,8,3,3,1,8,4,0.00145,7710
1208,8,3,3,1,8,8,0.00145,7883
1209,8,3,3,1,16,2,0.00137,8670
1210,8,3,3,1,16,4,0.00138,8043
1211,8,3,3,1,16,8,0.00141,8813
1212,8,3,3,1,32,2,0.00139,10868
1213,8,3,3,1,32,4,0.00136,9677
1214,8,3,3,1,32,8,0.00138,10909
1215,8,3,3,2,2,2,0.00133,8187
1216,8,3,3,2,2,4,0.00130,7087
1217,8,3,3,2,2,8,0.00119,6731
1218,8,3,3,2,4,2,0.00131,7062
1219,8,3,3,2,4,4,0.00131,7431
1220,8,3,3,2,4,8,0.00132,7434
1221,8,3,3,2,8,2,0.00140,8337
1222,8,3,3,2,8,4,0.00143,7436
1223,8,3,3,2,8,8,0.00143,7755
1224,8,3,3,2,16,2,0.00132,9935
1225,8,3,3,2,16,4,0.00134,9498
1226,8,3,3,2,16,8,0.00133,8963
1227,8,3,3,2,32,2,0.00133,12769
1228,8,3,3,2,32,4,0.00130,12919
1229,8,3,3,2,32,8,0.00134,12518
1230,8,3,3,3,2,2,0.00165,11480
1231,8,3,3,3,2,4,0.00152,10595
1232,8,3,3,3,2,8,0.00149,9141
1233,8,3,3,3,4,2,0.00154,10613
1234,8,3,3,3,4,4,0.00135,10673
1235,8,3,3,3,4,8,0.00131,8190
1236,8,3,3,3,8,2,0.00164,12256
1237,8,3,3,3,8,4,0.00144,11777
1238,8,3,3,3,8,8,0.00142,9917
1239,8,3,3,3,16,2,0.00153,13192
1240,8,3,3,3,16,4,0.00135,12691
1241,8,3,3,3,16,8,0.00132,11240
1245,8,3,3,4,2,2,0.00129,8119
1246,8,3,3,4,2,4,0.00138,8795
1247,8,3,3,4,2,8,0.00129,8275
1248,8,3,3,4,4,2,0.00127,8386
1249,8,3,3,4,4,4,0.00134,8214
1250,8,3,3,4,4,8,0.00127,7620
1251,8,3,3,4,8,2,0.00136,10348
1252,8,3,3,4,8,4,0.00144,10006
1253,8,3,3,4,8,8,0.00137,10577
1254,8,3,3,4,16,2,0.00126,11687
1255,8,3,3,4,16,4,0.00132,12227
1256,8,3,3,4,16,8,0.00129,12043
1260,8,3,4,1,2,2,0.00188,10147
1261,8,3,4,1,2,4,0.00185,9065
1262,8,3,4,1,2,8,0.00187,9974
1263,8,3,4,1,4,2,0.00186,9281
1264,8,3,4,1,4,4,0.00188,8707
1265,8,3,4,1,4,8,0.00185,9292
1266,8,3,4,1,8,2,0.00196,10620
1267,8,3,4,1,8,4,0.00197,9272
1268,8,3,4,1,8,8,0.00198,9640
1269,8,3,4,1,16,2,0.00185,11439
1270,8,3,4,1,16,4,0.00189,10410
1271,8,3,4,1,16,8,0.00183,10724
1272,8,3,4,1,32,2,0.00188,13208
1273,8,3,4,1,32,4,0.00188,12696
1274,8,3,4,1,32,8,0.00189,13144
1275,8,3,4,2,2,2,0.00179,9115
1276,8,3,4,2,2,4,0.00178,9119
1277,8,3,4,2,2,8,0.00159,7796
1278,8,3,4,2,4,2,0.00179,9661
1279,8,3,4,2,4,4,0.00178,9110
1280,8,3,4,2,4,8,0.00176,8902
1281,8,3,4,2,8,2,0.00193,10140
1282,8,3,4,2,8,4,0.00193,10005
1283,8,3,4,2,8,8,0.00192,9954
1286,8,3,4,2,16,8,0.00180,11432
1292,8,3,4,3,2,8,0.00203,11114
1293,8,3,4,3,4,2,0.00206,13273
1294,8,3,4,3,4,4,0.00181,12939
1295,8,3,4,3,4,8,0.00175,10973
1298,8,3,4,3,8,8,0.00192,12046
1305,8,3,4,4,2,2,0.00175,9878
1306,8,3,4,4,2,4,0.00182,11860
1307,8,3,4,4,2,8,0.00175,10239
1308,8,3,4,4,4,2,0.00171,9905
1309,8,3,4,4,4,4,0.00180,10415
1310,8,3,4,4,4,8,0.00176,9811
1311,8,3,4,4,8,2,0.00184,12166
1313,8,3,4,4,8,8,0.00186,12406
1320,16,1,1,1,2,2,0.00065,375
1321,16,1,1,1,2,4,0.00059,662
1322,16,1,1,1,2,8,0.00061,650
1323,16,1,1,1,2,16,0.00068,654
1324,16,1,1,1,4,2,0.00063,378
1325,16,1,1,1,4,4,0.00067,683
1326,16,1,1,1,4,8,0.00067,673
1327,16,1,1,1,4,16,0.00068,643
1328,16,1,1,1,8,2,0.00069,450
1329,16,1,1,1,8,4,0.00072,733
1330,16,1,1,1,8,8,0.00071,799
1331,16,1,1,1,8,16,0.00072,732
1332,16,1,1,1,16,2,0.00065,610
1333,16,1,1,1,16,4,0.00065,1105
1334,16,1,1,1,16,8,0.00067,1171
1335,16,1,1,1,16,16,0.00067,1144
1336,16,1,1,1,32,2,0.00066,974
1337,16,1,1,1,32,4,0.00066,1216
1338,16,1,1,1,32,8,0.00066,1260
1339,16,1,1,1,32,16,0.00066,1269
1340,16,1,1,2,2,2,0.00056,484
1341,16,1,1,2,2,4,0.00048,790
1342,16,1,1,2,2,8,0.00049,966
1343,16,1,1,2,2,16,0.00056,900
1344,16,1,1,2,4,2,0.00057,484
1345,16,1,1,2,4,4,0.00056,1046
1346,16,1,1,2,4,8,0.00062,807
1347,16,1,1,2,4,16,0.00063,881
1348,16,1,1,2,8,2,0.00061,608
1349,16,1,1,2,8,4,0.00063,1202
1350,16,1,1,2,8,8,0.00064,1038
1351,16,1,1,2,8,16,0.00071,1053
1352,16,1,1,2,16,2,0.00058,837
1353,16,1,1,2,16,4,0.00057,1480
1354,16,1,1,2,16,8,0.00061,1295
1355,16,1,1,2,16,16,0.00063,1440
1356,16,1,1,2,32,2,0.00055,1371
1357,16,1,1,2,32,4,0.00058,1868
1358,16,1,1,2,32,8,0.00062,1751
1359,16,1,1,2,32,16,0.00065,1789
1360,16,1,1,3,2,2,0.00066,913
1361,16,1,1,3,2,4,0.00060,2160
1362,16,1,1,3,2,8,0.00076,2593
1363,16,1,1,3,2,16,0.00059,1276
1364,16,1,1,3,4,2,0.00062,898
1365,16,1,1,3,4,4,0.00058,2106
1366,16,1,1,3,4,8,0.00067,2379
1367,16,1,1,3,4,16,0.00057,1427
1368,16,1,1,3,8,2,0.00067,1064
1369,16,1,1,3,8,4,0.00066,2344
1370,16,1,1,3,8,8,0.00075,2600
1371,16,1,1,3,8,16,0.00060,1507
1372,16,1,1,3,16,2,0.00062,1360
1373,16,1,1,3,16,4,0.00063,2635
1374,16,1,1,3,16,8,0.00072,2880
1375,16,1,1,3,16,16,0.00057,1855
1376,16,1,1,3,32,2,0.00066,2054
1377,16,1,1,3,32,4,0.00063,3346
1378,16,1,1,3,32,8,0.00073,3583
1379,16,1,1,3,32,16,0.00059,2509
1380,16,1,1,4,2,2,0.00054,671
1381,16,1,1,4,2,4,0.00047,1187
1382,16,1,1,4,2,8,0.00045,1175
1383,16,1,1,4,2,16,0.00047,1239
1384,16,1,1,4,4,2,0.00054,722
1385,16,1,1,4,4,4,0.00052,1121
1386,16,1,1,4,4,8,0.00054,1188
1387,16,1,1,4,4,16,0.00053,1255
1388,16,1,1,4,8,2,0.00059,912
1389,16,1,1,4,8,4,0.00056,1357
1390,16,1,1,4,8,8,0.00059,1493
1391,16,1,1,4,8,16,0.00057,1368
1392,16,1,1,4,16,2,0.00055,1256
1393,16,1,1,4,16,4,0.00053,1711
1394,16,1,1,4,16,8,0.00057,1888
1395,16,1,1,4,16,16,0.00052,1786
1396,16,1,1,4,32,2,0.00054,2263
1397,16,1,1,4,32,4,0.00053,2598
1398,16,1,1,4,32,8,0.00055,2637
1399,16,1,1,4,32,16,0.00053,2718
1400,16,1,2,1,2,2,0.00127,565
1401,16,1,2,1,2,4,0.00133,3014
1402,16,1,2,1,2,8,0.00135,2839
1403,16,1,2,1,2,16,0.00145,3506
1404,16,1,2,1,4,2,0.00127,594
1405,16,1,2,1,4,4,0.00144,2970
1406,16,1,2,1,4,8,0.00153,2922
1407,16,1,2,1,4,16,0.00145,3165
1408,16,1,2,1,8,2,0.00140,723
1409,16,1,2,1,8,4,0.00151,2717
1410,16,1,2,1,8,8,0.00156,2787
1411,16,1,2,1,8,16,0.00145,2846
1412,16,1,2,1,16,2,0.00131,957
1413,16,1,2,1,16,4,0.00138,3502
1414,16,1,2,1,16,8,0.00155,3296
1415,16,1,2,1,16,16,0.00134,3469
1416,16,1,2,1,32,2,0.00125,1501
1417,16,1,2,1,32,4,0.00143,3716
1418,16,1,2,1,32,8,0.00147,3722
1419,16,1,2,1,32,16,0.00153,3893
1420,16,1,2,2,2,2,0.00120,905
1421,16,1,2,2,2,4,0.00142,3488
1422,16,1,2,2,2,8,0.00116,2948
1423,16,1,2,2,2,16,0.00117,3265
1424,16,1,2,2,4,2,0.00119,964
1425,16,1,2,2,4,4,0.00136,3092
1426,16,1,2,2,4,8,0.00139,2929
1427,16,1,2,2,4,16,0.00145,3747
1428,16,1,2,2,8,2,0.00131,1193
1429,16,1,2,2,8,4,0.00146,3327
1430,16,1,2,2,8,8,0.00149,3152
1431,16,1,2,2,8,16,0.00159,3963
1432,16,1,2,2,16,2,0.00120,1450
1433,16,1,2,2,16,4,0.00143,3511
1434,16,1,2,2,16,8,0.00143,3469
1435,16,1,2,2,16,16,0.00150,4372
1436,16,1,2,2,32,2,0.00117,2505
1437,16,1,2,2,32,4,0.00144,4374
1438,16,1,2,2,32,8,0.00138,4233
1439,16,1,2,2,32,16,0.00145,4796
1440,16,1,2,3,2,2,0.00133,1316
1441,16,1,2,3,2,4,0.00156,4851
1442,16,1,2,3,2,8,0.00162,5535
1443,16,1,2,3,2,16,0.00142,3610
1444,16,1,2,3,4,2,0.00126,1374
1445,16,1,2,3,4,4,0.00148,4571
1446,16,1,2,3,4,8,0.00154,4486
1447,16,1,2,3,4,16,0.00132,3254
1448,16,1,2,3,8,2,0.00137,1645
1449,16,1,2,3,8,4,0.00158,5030
1450,16,1,2,3,8,8,0.00166,4455
1451,16,1,2,3,8,16,0.00141,3512
1452,16,1,2,3,16,2,0.00126,2049
1453,16,1,2,3,16,4,0.00146,5784
1454,16,1,2,3,16,8,0.00156,5071
1455,16,1,2,3,16,16,0.00132,4255
1456,16,1,2,3,32,2,0.00136,3570
1457,16,1,2,3,32,4,0.00146,6803
1458,16,1,2,3,32,8,0.00156,6565
1459,16,1,2,3,32,16,0.00134,5158
1460,16,1,2,4,2,2,0.00116,1396
1461,16,1,2,4,2,4,0.00129,3842
1462,16,1,2,4,2,8,0.00130,3860
1463,16,1,2,4,2,16,0.00114,3888
1464,16,1,2,4,4,2,0.00120,1408
1465,16,1,2,4,4,4,0.00131,3969
1466,16,1,2,4,4,8,0.00126,3643
1467,16,1,2,4,4,16,0.00131,3989
1468,16,1,2,4,8,2,0.00137,1877
1469,16,1,2,4,8,4,0.00145,4226
1470,16,1,2,4,8,8,0.00142,4082
1471,16,1,2,4,8,16,0.00142,4064
1472,16,1,2,4,16,2,0.00118,2347
1473,16,1,2,4,16,4,0.00135,4597
1474,16,1,2,4,16,8,0.00131,4634
1475,16,1,2,4,16,16,0.00131,4529
1476,16,1,2,4,32,2,0.00124,4164
1477,16,1,2,4,32,4,0.00133,6415
1478,16,1,2,4,32,8,0.00131,6343
1479,16,1,2,4,32,16,0.00132,6150
1480,16,1,3,1,2,2,0.00199,920
1481,16,1,3,1,2,4,0.00230,5209
1482,16,1,3,1,2,8,0.00233,5301
1483,16,1,3,1,2,16,0.00238,4935
1484,16,1,3,1,4,2,0.00199,964
1485,16,1,3,1,4,4,0.00226,4537
1486,16,1,3,1,4,8,0.00228,4456
1487,16,1,3,1,4,16,0.00218,4575
1488,16,1,3,1,8,2,0.00211,1130
1489,16,1,3,1,8,4,0.00236,4707
1490,16,1,3,1,8,8,0.00245,4916
1491,16,1,3,1,8,16,0.00229,4595
1492,16,1,3,1,16,2,0.00203,1340
1493,16,1,3,1,16,4,0.00231,5170
1494,16,1,3,1,16,8,0.00233,5035
1495,16,1,3,1,16,16,0.00234,4874
1496,16,1,3,1,32,2,0.00212,2130
1497,16,1,3,1,32,4,0.00234,5970
1498,16,1,3,1,32,8,0.00225,5593
1499,16,1,3,1,32,16,0.00227,5614
1500,16,1,3,2,2,2,0.00179,1238
1501,16,1,3,2,2,4,0.00215,4601
1502,16,1,3,2,2,8,0.00208,4376
1503,16,1,3,2,2,16,0.00183,4079
1504,16,1,3,2,4,2,0.00175,1237
1505,16,1,3,2,4,4,0.00214,4246
1506,16,1,3,2,4,8,0.00216,4157
1507,16,1,3,2,4,16,0.00218,4568
1508,16,1,3,2,8,2,0.00197,1501
1509,16,1,3,2,8,4,0.00232,4296
1510,16,1,3,2,8,8,0.00232,4290
1511,16,1,3,2,8,16,0.00234,4832
1512,16,1,3,2,16,2,0.00180,1995
1513,16,1,3,2,16,4,0.00216,4802
1514,16,1,3,2,16,8,0.00215,4796
1515,16,1,3,2,16,16,0.00222,5423
1516,16,1,3,2,32,2,0.00190,3515
1517,16,1,3,2,32,4,0.00217,6070
1518,16,1,3,2,32,8,0.00217,6216
1519,16,1,3,2,32,16,0.00221,6683
1520,16,1,3,3,2,2,0.00205,1892
1521,16,1,3,3,2,4,0.00238,6935
1522,16,1,3,3,2,8,0.00247,6350
1523,16,1,3,3,2,16,0.00217,4438
1524,16,1,3,3,4,2,0.00188,1908
1525,16,1,3,3,4,4,0.00223,6095
1526,16,1,3,3,4,8,0.00234,5655
1527,16,1,3,3,4,16,0.00203,4642
1528,16,1,3,3,8,2,0.00207,2297
1529,16,1,3,3,8,4,0.00240,6508
1530,16,1,3,3,8,8,0.00251,6504
1531,16,1,3,3,8,16,0.00215,4471
1532,16,1,3,3,16,2,0.00209,2865
1533,16,1,3,3,16,4,0.00225,7832
1534,16,1,3,3,16,8,0.00237,7001
1535,16,1,3,3,16,16,0.00203,5295
1536,16,1,3,3,32,2,0.00208,5157
1537,16,1,3,3,32,4,0.00225,9133
1538,16,1,3,3,32,8,0.00234,8832
1539,16,1,3,3,32,16,0.00201,7261
1540,16,1,3,4,2,2,0.00182,1892
1541,16,1,3,4,2,4,0.00197,5388
1542,16,1,3,4,2,8,0.00200,5053
1543,16,1,3,4,2,16,0.00175,4572
1544,16,1,3,4,4,2,0.00180,1999
1545,16,1,3,4,4,4,0.00203,5046
1546,16,1,3,4,4,8,0.00200,5106
1547,16,1,3,4,4,16,0.00200,4792
1548,16,1,3,4,8,2,0.00198,2628
1549,16,1,3,4,8,4,0.00219,5436
1550,16,1,3,4,8,8,0.00218,5356
1551,16,1,3,4,8,16,0.00222,5154
1552,16,1,3,4,16,2,0.00186,3154
1553,16,1,3,4,16,4,0.00201,6271
1554,16,1,3,4,16,8,0.00203,6454
1555,16,1,3,4,16,16,0.00202,5899
1556,16,1,3,4,32,2,0.00190,6139
1557,16,1,3,4,32,4,0.00194,8603
1558,16,1,3,4,32,8,0.00204,8692
1559,16,1,3,4,32,16,0.00204,8608
1560,16,1,4,1,2,2,0.00270,1064
1561,16,1,4,1,2,4,0.00313,6404
1562,16,1,4,1,2,8,0.00318,6092
1563,16,1,4,1,2,16,0.00308,6317
1564,16,1,4,1,4,2,0.00263,1097
1565,16,1,4,1,4,4,0.00306,5602
1566,16,1,4,1,4,8,0.00305,5712
1567,16,1,4,1,4,16,0.00311,5469
1568,16,1,4,1,8,2,0.00281,1318
1569,16,1,4,1,8,4,0.00331,6051
1570,16,1,4,1,8,8,0.00328,6118
1571,16,1,4,1,8,16,0.00333,5791
1572,16,1,4,1,16,2,0.00268,1603
1573,16,1,4,1,16,4,0.00304,5565
1574,16,1,4,1,16,8,0.00312,6155
1575,16,1,4,1,16,16,0.00310,5728
1576,16,1,4,1,32,2,0.00268,2547
1577,16,1,4,1,32,4,0.00309,7180
1578,16,1,4,1,32,8,0.00316,6712
1579,16,1,4,1,32,16,0.00314,6869
1580,16,1,4,2,2,2,0.00244,1550
1581,16,1,4,2,2,4,0.00290,5950
1582,16,1,4,2,2,8,0.00286,5623
1583,16,1,4,2,2,16,0.00242,5404
1584,16,1,4,2,4,2,0.00239,1685
1585,16,1,4,2,4,4,0.00285,5205
1586,16,1,4,2,4,8,0.00289,5086
1587,16,1,4,2,4,16,0.00292,5675
1588,16,1,4,2,8,2,0.00261,1963
1589,16,1,4,2,8,4,0.00307,5440
1590,16,1,4,2,8,8,0.00306,5271
1591,16,1,4,2,8,16,0.00319,6084
1592,16,1,4,2,16,2,0.00258,2571
1593,16,1,4,2,16,4,0.00291,6231
1594,16,1,4,2,16,8,0.00291,5897
1595,16,1,4,2,16,16,0.00296,6402
1596,16,1,4,2,32,2,0.00254,4404
1597,16,1,4,2,32,4,0.00295,7676
1598,16,1,4,2,32,8,0.00283,7647
1599,16,1,4,2,32,16,0.00299,8736
1600,16,1,4,3,2,2,0.00281,2411
1601,16,1,4,3,2,4,0.00317,7903
1602,16,1,4,3,2,8,0.00336,8162
1603,16,1,4,3,2,16,0.00290,5573
1604,16,1,4,3,4,2,0.00267,2424
1605,16,1,4,3,4,4,0.00301,8304
1606,16,1,4,3,4,8,0.00317,8245
1607,16,1,4,3,4,16,0.00265,5517
1608,16,1,4,3,8,2,0.00291,3182
1609,16,1,4,3,8,4,0.00320,8804
1610,16,1,4,3,8,8,0.00342,10138
1611,16,1,4,3,8,16,0.00286,5884
1612,16,1,4,3,16,2,0.00268,3733
1613,16,1,4,3,16,4,0.00301,8786
1614,16,1,4,3,16,8,0.00312,8480
1615,16,1,4,3,16,16,0.00272,6659
1616,16,1,4,3,32,2,0.00284,6620
1617,16,1,4,3,32,4,0.00301,11948
1618,16,1,4,3,32,8,0.00313,12176
1619,16,1,4,3,32,16,0.00267,8623
1620,16,1,4,4,2,2,0.00246,2434
1621,16,1,4,4,2,4,0.00271,6571
1622,16,1,4,4,2,8,0.00272,6430
1623,16,1,4,4,2,16,0.00235,5898
1624,16,1,4,4,4,2,0.00252,2556
1625,16,1,4,4,4,4,0.00271,6386
1626,16,1,4,4,4,8,0.00270,6524
1627,16,1,4,4,4,16,0.00267,5938
1628,16,1,4,4,8,2,0.00286,3391
1629,16,1,4,4,8,4,0.00298,7052
1630,16,1,4,4,8,8,0.00288,6896
1631,16,1,4,4,8,16,0.00297,6561
1632,16,1,4,4,16,2,0.00260,4307
1633,16,1,4,4,16,4,0.00271,8098
1634,16,1,4,4,16,8,0.00272,8132
1635,16,1,4,4,16,16,0.00285,7574
1636,16,1,4,4,32,2,0.00265,7960
1637,16,1,4,4,32,4,0.00267,11231
1638,16,1,4,4,32,8,0.00269,11087
1639,16,1,4,4,32,16,0.00274,11460
1640,16,2,1,1,2,2,0.00064,582
1641,16,2,1,1,2,4,0.00069,2728
1642,16,2,1,1,2,8,0.00065,2751
1643,16,2,1,1,2,16,0.00073,3446
1644,16,2,1,1,4,2,0.00065,674
1645,16,2,1,1,4,4,0.00070,2966
1646,16,2,1,1,4,8,0.00069,3033
1647,16,2,1,1,4,16,0.00071,2926
1648,16,2,1,1,8,2,0.00071,857
1649,16,2,1,1,8,4,0.00076,3003
1650,16,2,1,1,8,8,0.00082,3196
1651,16,2,1,1,8,16,0.00077,3161
1652,16,2,1,1,16,2,0.00065,1231
1653,16,2,1,1,16,4,0.00072,3252
1654,16,2,1,1,16,8,0.00073,3313
1655,16,2,1,1,16,16,0.00075,3255
1656,16,2,1,1,32,2,0.00064,1842
1657,16,2,1,1,32,4,0.00072,3928
1658,16,2,1,1,32,8,0.00073,3899
1659,16,2,1,1,32,16,0.00071,3864
1660,16,2,1,2,2,2,0.00058,932
1661,16,2,1,2,2,4,0.00067,3126
1662,16,2,1,2,2,8,0.00057,2991
1663,16,2,1,2,2,16,0.00059,3299
1664,16,2,1,2,4,2,0.00060,1021
1665,16,2,1,2,4,4,0.00067,2901
1666,16,2,1,2,4,8,0.00070,2804
1667,16,2,1,2,4,16,0.00072,4008
1668,16,2,1,2,8,2,0.00064,1259
1669,16,2,1,2,8,4,0.00074,3247
1670,16,2,1,2,8,8,0.00075,3101
1671,16,2,1,2,8,16,0.00076,3994
1672,16,2,1,2,16,2,0.00059,1667
1673,16,2,1,2,16,4,0.00068,3592
1674,16,2,1,2,16,8,0.00068,3521
1675,16,2,1,2,16,16,0.00071,4232
1676,16,2,1,2,32,2,0.00059,2851
1677,16,2,1,2,32,4,0.00069,4591
1678,16,2,1,2,32,8,0.00068,4541
1679,16,2,1,2,32,16,0.00072,5117
1680,16,2,1,3,2,2,0.00064,1317
1681,16,2,1,3,2,4,0.00076,5083
1682,16,2,1,3,2,8,0.00080,4724
1683,16,2,1,3,2,16,0.00069,3434
1684,16,2,1,3,4,2,0.00060,1447
1685,16,2,1,3,4,4,0.00071,4660
1686,16,2,1,3,4,8,0.00075,5054
1687,16,2,1,3,4,16,0.00064,3130
1688,16,2,1,3,8,2,0.00065,1753
1689,16,2,1,3,8,4,0.00076,4814
1690,16,2,1,3,8,8,0.00078,4562
1691,16,2,1,3,8,16,0.00068,3637
1692,16,2,1,3,16,2,0.00061,2346
1693,16,2,1,3,16,4,0.00071,5274
1694,16,2,1,3,16,8,0.00075,5773
1695,16,2,1,3,16,16,0.00063,4147
1696,16,2,1,3,32,2,0.00066,3885
1697,16,2,1,3,32,4,0.00071,6942
1698,16,2,1,3,32,8,0.00076,7055
1699,16,2,1,3,32,16,0.00064,5582
1700,16,2,1,4,2,2,0.00056,1363
1701,16,2,1,4,2,4,0.00061,3918
1702,16,2,1,4,2,8,0.00060,3973
1703,16,2,1,4,2,16,0.00053,3967
1704,16,2,1,4,4,2,0.00055,1432
1705,16,2,1,4,4,4,0.00061,3948
1706,16,2,1,4,4,8,0.00060,3671
1707,16,2,1,4,4,16,0.00062,3992
1708,16,2,1,4,8,2,0.00059,1883
1709,16,2,1,4,8,4,0.00066,4118
1710,16,2,1,4,8,8,0.00067,4043
1711,16,2,1,4,8,16,0.00067,4038
1712,16,2,1,4,16,2,0.00054,2590
1713,16,2,1,4,16,4,0.00061,4677
1714,16,2,1,4,16,8,0.00062,4556
1715,16,2,1,4,16,16,0.00061,4653
1716,16,2,1,4,32,2,0.00060,4539
1717,16,2,1,4,32,4,0.00061,6681
1718,16,2,1,4,32,8,0.00062,6596
1719,16,2,1,4,32,16,0.00062,6456
1720,16,2,2,1,2,2,0.00134,1076
1721,16,2,2,1,2,4,0.00154,6068
1722,16,2,2,1,2,8,0.00155,5950
1723,16,2,2,1,2,16,0.00156,6011
1724,16,2,2,1,4,2,0.00137,1177
1725,16,2,2,1,4,4,0.00150,5715
1726,16,2,2,1,4,8,0.00149,5701
1727,16,2,2,1,4,16,0.00153,5279
1728,16,2,2,1,8,2,0.00141,1452
1729,16,2,2,1,8,4,0.00162,6010
1730,16,2,2,1,8,8,0.00166,5777
1731,16,2,2,1,8,16,0.00160,5497
1732,16,2,2,1,16,2,0.00138,1801
1733,16,2,2,1,16,4,0.00156,6293
1734,16,2,2,1,16,8,0.00159,6062
1735,16,2,2,1,16,16,0.00153,5955
1736,16,2,2,1,32,2,0.00133,2962
1737,16,2,2,1,32,4,0.00157,6891
1738,16,2,2,1,32,8,0.00157,6969
1739,16,2,2,1,32,16,0.00156,6915
1740,16,2,2,2,2,2,0.00120,1599
1741,16,2,2,2,2,4,0.00143,5882
1742,16,2,2,2,2,8,0.00144,5647
1743,16,2,2,2,2,16,0.00120,5234
1744,16,2,2,2,4,2,0.00116,1647
1745,16,2,2,2,4,4,0.00142,5511
1746,16,2,2,2,4,8,0.00143,5241
1747,16,2,2,2,4,16,0.00147,6303
1748,16,2,2,2,8,2,0.00129,2205
1749,16,2,2,2,8,4,0.00154,5789
1750,16,2,2,2,8,8,0.00154,5546
1751,16,2,2,2,8,16,0.00159,6448
1752,16,2,2,2,16,2,0.00123,2777
1753,16,2,2,2,16,4,0.00145,6450
1754,16,2,2,2,16,8,0.00141,6229
1755,16,2,2,2,16,16,0.00147,7129
1756,16,2,2,2,32,2,0.00126,4937
1757,16,2,2,2,32,4,0.00144,8379
1758,16,2,2,2,32,8,0.00143,8189
1759,16,2,2,2,32,16,0.00149,9120
1760,16,2,2,3,2,2,0.00133,2537
1761,16,2,2,3,2,4,0.00158,8105
1762,16,2,2,3,2,8,0.00166,7941
1763,16,2,2,3,2,16,0.00143,6589
1764,16,2,2,3,4,2,0.00128,2536
1765,16,2,2,3,4,4,0.00149,9079
1766,16,2,2,3,4,8,0.00157,8616
1767,16,2,2,3,4,16,0.00133,6232
1768,16,2,2,3,8,2,0.00143,3139
1769,16,2,2,3,8,4,0.00160,9513
1770,16,2,2,3,8,8,0.00168,10067
1771,16,2,2,3,8,16,0.00142,6786
1772,16,2,2,3,16,2,0.00140,3944
1773,16,2,2,3,16,4,0.00149,8430
1774,16,2,2,3,16,8,0.00157,9280
1775,16,2,2,3,16,16,0.00136,7741
1776,16,2,2,3,32,2,0.00143,6885
1777,16,2,2,3,32,4,0.00148,12260
1779,16,2,2,3,32,16,0.00133,10758
1780,16,2,2,4,2,2,0.00118,2432
1781,16,2,2,4,2,4,0.00131,6728
1782,16,2,2,4,2,8,0.00130,6771
1783,16,2,2,4,2,16,0.00113,6245
1784,16,2,2,4,4,2,0.00124,2493
1785,16,2,2,4,4,4,0.00132,6596
1786,16,2,2,4,4,8,0.00132,6670
1787,16,2,2,4,4,16,0.00132,6277
1788,16,2,2,4,8,2,0.00130,3469
1789,16,2,2,4,8,4,0.00144,7097
1790,16,2,2,4,8,8,0.00143,7233
1791,16,2,2,4,8,16,0.00143,6670
1792,16,2,2,4,16,2,0.00125,4277
1793,16,2,2,4,16,4,0.00133,8310
1794,16,2,2,4,16,8,0.00132,8158
1795,16,2,2,4,16,16,0.00132,7885
1796,16,2,2,4,32,2,0.00128,8419
1797,16,2,2,4,32,4,0.00133,11508
1798,16,2,2,4,32,8,0.00132,11933
1799,16,2,2,4,32,16,0.00133,11592
1800,16,2,3,1,2,2,0.00198,1467
1801,16,2,3,1,2,4,0.00234,8289
1802,16,2,3,1,2,8,0.00233,9019
1803,16,2,3,1,2,16,0.00236,8418
1804,16,2,3,1,4,2,0.00196,1533
1805,16,2,3,1,4,4,0.00237,7782
1806,16,2,3,1,4,8,0.00240,7719
1807,16,2,3,1,4,16,0.00240,8018
1808,16,2,3,1,8,2,0.00206,1988
1809,16,2,3,1,8,4,0.00245,8114
1810,16,2,3,1,8,8,0.00254,8000
1811,16,2,3,1,8,16,0.00254,8355
1812,16,2,3,1,16,2,0.00199,2501
1813,16,2,3,1,16,4,0.00237,8267
1814,16,2,3,1,16,8,0.00233,8692
1815,16,2,3,1,16,16,0.00230,8540
1816,16,2,3,1,32,2,0.00212,4276
1817,16,2,3,1,32,4,0.00232,10786
1818,16,2,3,1,32,8,0.00238,9801
1819,16,2,3,1,32,16,0.00234,9886
1820,16,2,3,2,2,2,0.00181,2117
1821,16,2,3,2,2,4,0.00217,7781
1822,16,2,3,2,2,8,0.00216,7529
1823,16,2,3,2,2,16,0.00181,7267
1824,16,2,3,2,4,2,0.00181,2338
1825,16,2,3,2,4,4,0.00215,7944
1826,16,2,3,2,4,8,0.00216,7239
1827,16,2,3,2,4,16,0.00224,8262
1828,16,2,3,2,8,2,0.00195,3116
1829,16,2,3,2,8,4,0.00233,7385
1830,16,2,3,2,8,8,0.00235,7569
1831,16,2,3,2,8,16,0.00242,7991
1832,16,2,3,2,16,2,0.00186,3794
1833,16,2,3,2,16,4,0.00218,8229
1834,16,2,3,2,16,8,0.00214,8451
1835,16,2,3,2,16,16,0.00229,8894
1836,16,2,3,2,32,2,0.00195,6973
1837,16,2,3,2,32,4,0.00215,11591
1838,16,2,3,2,32,8,0.00215,11343
1839,16,2,3,2,32,16,0.00223,11809
1840,16,2,3,3,2,2,0.00214,3475
1841,16,2,3,3,2,4,0.00238,12376
1843,16,2,3,3,2,16,0.00214,8048
1844,16,2,3,3,4,2,0.00201,3493
1845,16,2,3,3,4,4,0.00228,12812
1846,16,2,3,3,4,8,0.00236,11645
1847,16,2,3,3,4,16,0.00204,8012
1848,16,2,3,3,8,2,0.00226,4456
1849,16,2,3,3,8,4,0.00242,12908
1850,16,2,3,3,8,8,0.00253,12024
1851,16,2,3,3,8,16,0.00214,8824
1852,16,2,3,3,16,2,0.00205,5390
1855,16,2,3,3,16,16,0.00205,10051
1856,16,2,3,3,32,2,0.00214,9860
1859,16,2,3,3,32,16,0.00203,13061
1860,16,2,3,4,2,2,0.00180,3499
1861,16,2,3,4,2,4,0.00207,9527
1862,16,2,3,4,2,8,0.00204,8649
1863,16,2,3,4,2,16,0.00179,8751
1864,16,2,3,4,4,2,0.00182,3551
1865,16,2,3,4,4,4,0.00205,9381
1866,16,2,3,4,4,8,0.00204,8911
1867,16,2,3,4,4,16,0.00205,8785
1868,16,2,3,4,8,2,0.00214,4964
1869,16,2,3,4,8,4,0.00223,8935
1870,16,2,3,4,8,8,0.00224,9635
1871,16,2,3,4,8,16,0.00222,9922
1872,16,2,3,4,16,2,0.00198,6174
1873,16,2,3,4,16,4,0.00204,11236
1874,16,2,3,4,16,8,0.00206,11426
1875,16,2,3,4,16,16,0.00203,10453
1876,16,2,3,4,32,2,0.00194,11605
1880,16,2,4,1,2,2,0.00286,1839
1881,16,2,4,1,2,4,0.00318,10331
1882,16,2,4,1,2,8,0.00312,10515
1883,16,2,4,1,2,16,0.00320,10832
1884,16,2,4,1,4,2,0.00271,2063
1885,16,2,4,1,4,4,0.00315,10333
1886,16,2,4,1,4,8,0.00319,10650
1887,16,2,4,1,4,16,0.00318,10400
1888,16,2,4,1,8,2,0.00286,2561
1889,16,2,4,1,8,4,0.00335,10656
1890,16,2,4,1,8,8,0.00334,11006
1891,16,2,4,1,8,16,0.00332,11262
1892,16,2,4,1,16,2,0.00281,2974
1893,16,2,4,1,16,4,0.00315,11571
1894,16,2,4,1,16,8,0.00316,11217
1895,16,2,4,1,16,16,0.00319,11849
1896,16,2,4,1,32,2,0.00290,5119
1897,16,2,4,1,32,4,0.00316,12879
1898,16,2,4,1,32,8,0.00319,12465
1899,16,2,4,1,32,16,0.00316,12739
1900,16,2,4,2,2,2,0.00244,2821
1901,16,2,4,2,2,4,0.00291,10595
1902,16,2,4,2,2,8,0.00298,9844
1903,16,2,4,2,2,16,0.00242,8422
1904,16,2,4,2,4,2,0.00243,2950
1905,16,2,4,2,4,4,0.00301,10339
1906,16,2,4,2,4,8,0.00290,9894
1907,16,2,4,2,4,16,0.00302,10235
1908,16,2,4,2,8,2,0.00266,3907
1909,16,2,4,2,8,4,0.00313,11000
1910,16,2,4,2,8,8,0.00316,10261
1911,16,2,4,2,8,16,0.00324,11184
1912,16,2,4,2,16,2,0.00254,4763
1914,16,2,4,2,16,8,0.00293,10608
1915,16,2,4,2,16,16,0.00305,11714
1916,16,2,4,2,32,2,0.00266,8777
1920,16,2,4,3,2,2,0.00279,4359
1924,16,2,4,3,4,2,0.00274,4389
1927,16,2,4,3,4,16,0.00275,10467
1928,16,2,4,3,8,2,0.00302,5694
1931,16,2,4,3,8,16,0.00288,11132
1932,16,2,4,3,16,2,0.00285,7027
1935,16,2,4,3,16,16,0.00277,11779
1936,16,2,4,3,32,2,0.00287,12243
1940,16,2,4,4,2,2,0.00253,4249
1941,16,2,4,4,2,4,0.00289,11552
1942,16,2,4,4,2,8,0.00279,11417
1944,16,2,4,4,4,2,0.00250,4699
1945,16,2,4,4,4,4,0.00271,10749
1946,16,2,4,4,4,8,0.00280,11331
1947,16,2,4,4,4,16,0.00273,10773
1948,16,2,4,4,8,2,0.00277,6261
1949,16,2,4,4,8,4,0.00300,12259
1950,16,2,4,4,8,8,0.00315,12266
1952,16,2,4,4,16,2,0.00266,8101
1956,16,2,4,4,32,2,0.00271,13297
1960,16,3,1,1,2,2,0.00066,1025
1961,16,3,1,1,2,4,0.00072,4619
1962,16,3,1,1,2,8,0.00075,5513
1963,16,3,1,1,2,16,0.00072,4588
1964,16,3,1,1,4,2,0.00063,1051
1965,16,3,1,1,4,4,0.00071,4047
1966,16,3,1,1,4,8,0.00074,4187
1967,16,3,1,1,4,16,0.00072,4198
1968,16,3,1,1,8,2,0.00071,1327
1969,16,3,1,1,8,4,0.00078,4724
1970,16,3,1,1,8,8,0.00077,4395
1971,16,3,1,1,8,16,0.00073,4508
1972,16,3,1,1,16,2,0.00067,1756
1973,16,3,1,1,16,4,0.00073,4983
1974,16,3,1,1,16,8,0.00076,4857
1975,16,3,1,1,16,16,0.00076,4824
1976,16,3,1,1,32,2,0.00068,2989
1977,16,3,1,1,32,4,0.00077,5732
1978,16,3,1,1,32,8,0.00077,6063
1979,16,3,1,1,32,16,0.00078,5701
1980,16,3,1,2,2,2,0.00058,1232
1981,16,3,1,2,2,4,0.00068,4649
1982,16,3,1,2,2,8,0.00071,4696
1983,16,3,1,2,2,16,0.00059,4507
1984,16,3,1,2,4,2,0.00058,1394
1985,16,3,1,2,4,4,0.00068,4276
1986,16,3,1,2,4,8,0.00066,4160
1987,16,3,1,2,4,16,0.00072,4844
1988,16,3,1,2,8,2,0.00063,1766
1989,16,3,1,2,8,4,0.00073,4565
1990,16,3,1,2,8,8,0.00071,4518
1991,16,3,1,2,8,16,0.00078,5002
1992,16,3,1,2,16,2,0.00058,2384
1993,16,3,1,2,16,4,0.00068,5075
1994,16,3,1,2,16,8,0.00066,5255
1995,16,3,1,2,16,16,0.00072,5661
1996,16,3,1,2,32,2,0.00062,4052
1997,16,3,1,2,32,4,0.00071,6951
1998,16,3,1,2,32,8,0.00071,6791
1999,16,3,1,2,32,16,0.00073,7529
2000,16,3,1,3,2,2,0.00065,1977
2001,16,3,1,3,2,4,0.00076,6967
2002,16,3,1,3,2,8,0.00080,6395
2003,16,3,1,3,2,16,0.00069,4669
2004,16,3,1,3,4,2,0.00060,1999
2005,16,3,1,3,4,4,0.00071,6156
2006,16,3,1,3,4,8,0.00075,6133
2007,16,3,1,3,4,16,0.00065,4257
2008,16,3,1,3,8,2,0.00066,2628
2009,16,3,1,3,8,4,0.00076,6764
2010,16,3,1,3,8,8,0.00080,6615
2011,16,3,1,3,8,16,0.00068,4763
2012,16,3,1,3,16,2,0.00064,3298
2013,16,3,1,3,16,4,0.00072,7708
2014,16,3,1,3,16,8,0.00075,7502
2015,16,3,1,3,16,16,0.00065,5632
2016,16,3,1,3,32,2,0.00067,5905
2017,16,3,1,3,32,4,0.00072,9852
2018,16,3,1,3,32,8,0.00076,9404
2019,16,3,1,3,32,16,0.00064,7748
2020,16,3,1,4,2,2,0.00056,1909
2021,16,3,1,4,2,4,0.00062,5087
2022,16,3,1,4,2,8,0.00062,5542
2023,16,3,1,4,2,16,0.00053,4902
2024,16,3,1,4,4,2,0.00056,2070
2025,16,3,1,4,4,4,0.00061,5173
2026,16,3,1,4,4,8,0.00060,5270
2027,16,3,1,4,4,16,0.00062,5165
2028,16,3,1,4,8,2,0.00062,2883
2029,16,3,1,4,8,4,0.00067,5610
2030,16,3,1,4,8,8,0.00067,5793
2031,16,3,1,4,8,16,0.00067,5659
2032,16,3,1,4,16,2,0.00058,3666
2033,16,3,1,4,16,4,0.00062,6844
2034,16,3,1,4,16,8,0.00062,6634
2035,16,3,1,4,16,16,0.00062,6304
2036,16,3,1,4,32,2,0.00059,6953
2037,16,3,1,4,32,4,0.00062,8979
2038,16,3,1,4,32,8,0.00062,9002
2039,16,3,1,4,32,16,0.00061,9720
2040,16,3,2,1,2,2,0.00136,1656
2041,16,3,2,1,2,4,0.00158,8084
2042,16,3,2,1,2,8,0.00156,8624
2043,16,3,2,1,2,16,0.00158,8586
2044,16,3,2,1,4,2,0.00131,1778
2045,16,3,2,1,4,4,0.00157,8066
2046,16,3,2,1,4,8,0.00157,7841
2047,16,3,2,1,4,16,0.00156,7973
2048,16,3,2,1,8,2,0.00143,2127
2049,16,3,2,1,8,4,0.00167,8104
2050,16,3,2,1,8,8,0.00167,8169
2051,16,3,2,1,8,16,0.00167,7674
2052,16,3,2,1,16,2,0.00140,2788
2053,16,3,2,1,16,4,0.00156,8573
2054,16,3,2,1,16,8,0.00157,8530
2055,16,3,2,1,16,16,0.00159,8540
2056,16,3,2,1,32,2,0.00144,4537
2057,16,3,2,1,32,4,0.00158,10485
2058,16,3,2,1,32,8,0.00158,9305
2059,16,3,2,1,32,16,0.00158,9760
2060,16,3,2,2,2,2,0.00118,2327
2061,16,3,2,2,2,4,0.00146,8067
2062,16,3,2,2,2,8,0.00144,7943
2063,16,3,2,2,2,16,0.00121,7633
2064,16,3,2,2,4,2,0.00120,2368
2065,16,3,2,2,4,4,0.00142,7903
2066,16,3,2,2,4,8,0.00146,7769
2067,16,3,2,2,4,16,0.00148,9085
2068,16,3,2,2,8,2,0.00137,3159
2069,16,3,2,2,8,4,0.00157,8499
2070,16,3,2,2,8,8,0.00157,7625
2071,16,3,2,2,8,16,0.00159,8710
2072,16,3,2,2,16,2,0.00132,3980
2073,16,3,2,2,16,4,0.00145,8898
2074,16,3,2,2,16,8,0.00146,9105
2075,16,3,2,2,16,16,0.00157,9438
2076,16,3,2,2,32,2,0.00131,7295
2077,16,3,2,2,32,4,0.00146,12544
2078,16,3,2,2,32,8,0.00146,11677
2079,16,3,2,2,32,16,0.00148,12429
2080,16,3,2,3,2,2,0.00141,3523
2081,16,3,2,3,2,4,0.00159,12662
2082,16,3,2,3,2,8,0.00166,11787
2083,16,3,2,3,2,16,0.00143,8976
2084,16,3,2,3,4,2,0.00135,3553
2085,16,3,2,3,4,4,0.00150,12352
2087,16,3,2,3,4,16,0.00135,8642
2088,16,3,2,3,8,2,0.00151,4511
2091,16,3,2,3,8,16,0.00143,9750
2092,16,3,2,3,16,2,0.00139,5613
2095,16,3,2,3,16,16,0.00136,10752
2096,16,3,2,3,32,2,0.00141,10160
2100,16,3,2,4,2,2,0.00122,3571
2101,16,3,2,4,2,4,0.00133,9709
2102,16,3,2,4,2,8,0.00134,9387
2103,16,3,2,4,2,16,0.00115,9199
2104,16,3,2,4,4,2,0.00124,3798
2105,16,3,2,4,4,4,0.00133,9560
2106,16,3,2,4,4,8,0.00133,9503
2107,16,3,2,4,4,16,0.00134,9173
2108,16,3,2,4,8,2,0.00139,5002
2109,16,3,2,4,8,4,0.00145,10688
2110,16,3,2,4,8,8,0.00147,9283
2111,16,3,2,4,8,16,0.00144,10257
2112,16,3,2,4,16,2,0.00127,6418
2113,16,3,2,4,16,4,0.00135,11559
2114,16,3,2,4,16,8,0.00134,11800
2116,16,3,2,4,32,2,0.00132,11943
2120,16,3,3,1,2,2,0.00203,2187
2121,16,3,3,1,2,4,0.00241,12429
2122,16,3,3,1,2,8,0.00235,12611
2123,16,3,3,1,2,16,0.00241,12242
2124,16,3,3,1,4,2,0.00208,2206
2125,16,3,3,1,4,4,0.00236,11981
2126,16,3,3,1,4,8,0.00237,11632
2127,16,3,3,1,4,16,0.00236,11626
2128,16,3,3,1,8,2,0.00223,2896
2129,16,3,3,1,8,4,0.00249,12801
2130,16,3,3,1,8,8,0.00250,12623
2131,16,3,3,1,8,16,0.00251,11523
2132,16,3,3,1,16,2,0.00202,3597
2133,16,3,3,1,16,4,0.00236,12386
2134,16,3,3,1,16,8,0.00237,12515
2135,16,3,3,1,16,16,0.00240,12346
2136,16,3,3,1,32,2,0.00216,6036
2137,16,3,3,1,32,4,0.00239,13253
2140,16,3,3,2,2,2,0.00194,3272
2142,16,3,3,2,2,8,0.00220,12000
2143,16,3,3,2,2,16,0.00184,9297
2144,16,3,3,2,4,2,0.00183,3376
2145,16,3,3,2,4,4,0.00223,11132
2146,16,3,3,2,4,8,0.00222,10675
2147,16,3,3,2,4,16,0.00224,11634
2148,16,3,3,2,8,2,0.00202,4234
2152,16,3,3,2,16,2,0.00194,5497
2156,16,3,3,2,32,2,0.00196,9985
2160,16,3,3,3,2,2,0.00210,4763
2164,16,3,3,3,4,2,0.00203,4945
2168,16,3,3,3,8,2,0.00221,6358
2172,16,3,3,3,16,2,0.00213,7768
2176,16,3,3,3,32,2,0.00216,13058
2180,16,3,3,4,2,2,0.00188,5125
2184,16,3,3,4,4,2,0.00185,5211
2185,16,3,3,4,4,4,0.00209,12189
2187,16,3,3,4,4,16,0.00206,11878
2188,16,3,3,4,8,2,0.00211,6986
2192,16,3,3,4,16,2,0.00198,9317
2200,16,3,4,1,2,2,0.00278,2706
2204,16,3,4,1,4,2,0.00272,2904
2208,16,3,4,1,8,2,0.00300,3592
2212,16,3,4,1,16,2,0.00286,4334
2216,16,3,4,1,32,2,0.00290,7568
2220,16,3,4,2,2,2,0.00246,4181
2224,16,3,4,2,4,2,0.00255,4099
2228,16,3,4,2,8,2,0.00283,5644
2232,16,3,4,2,16,2,0.00267,7041
2236,16,3,4,2,32,2,0.00265,12359
2240,16,3,4,3,2,2,0.00290,6137
2244,16,3,4,3,4,2,0.00278,6056
2248,16,3,4,3,8,2,0.00301,8011
2252,16,3,4,3,16,2,0.00283,10045
2260,16,3,4,4,2,2,0.00262,6089
2264,16,3,4,4,4,2,0.00267,6517
2268,16,3,4,4,8,2,0.00285,8621
2272,16,3,4,4,16,2,0.00271,11618
2280,32,1,1,1,2,2,0.00121,393
2281,32,1,1,1,2,4,0.00121,417
2282,32,1,1,1,2,8,0.00114,1019
2283,32,1,1,1,2,16,0.00131,1261
2284,32,1,1,1,2,32,0.00128,1015
2285,32,1,1,1,4,2,0.00115,370
2286,32,1,1,1,4,4,0.00132,421
2287,32,1,1,1,4,8,0.00124,1036
2288,32,1,1,1,4,16,0.00128,1060
2289,32,1,1,1,4,32,0.00127,1035
2290,32,1,1,1,8,2,0.00123,450
2291,32,1,1,1,8,4,0.00135,487
2292,32,1,1,1,8,8,0.00138,1161
2293,32,1,1,1,8,16,0.00132,1097
2294,32,1,1,1,8,32,0.00135,1104
2295,32,1,1,1,16,2,0.00118,613
2296,32,1,1,1,16,4,0.00124,637
2297,32,1,1,1,16,8,0.00131,1270
2298,32,1,1,1,16,16,0.00128,1346
2299,32,1,1,1,16,32,0.00129,1360
2300,32,1,1,1,32,2,0.00119,970
2301,32,1,1,1,32,4,0.00120,983
2302,32,1,1,1,32,8,0.00127,1604
2303,32,1,1,1,32,16,0.00126,1582
2304,32,1,1,1,32,32,0.00133,1674
2305,32,1,1,2,2,2,0.00097,485
2306,32,1,1,2,2,4,0.00089,595
2307,32,1,1,2,2,8,0.00095,1311
2308,32,1,1,2,2,16,0.00120,1336
2309,32,1,1,2,2,32,0.00116,1850
2310,32,1,1,2,4,2,0.00097,488
2311,32,1,1,2,4,4,0.00090,531
2312,32,1,1,2,4,8,0.00110,1780
2313,32,1,1,2,4,16,0.00108,1723
2314,32,1,1,2,4,32,0.00113,1832
2315,32,1,1,2,8,2,0.00108,614
2316,32,1,1,2,8,4,0.00101,637
2317,32,1,1,2,8,8,0.00122,1789
2318,32,1,1,2,8,16,0.00128,1978
2319,32,1,1,2,8,32,0.00123,1746
2320,32,1,1,2,16,2,0.00102,820
2321,32,1,1,2,16,4,0.00088,925
2322,32,1,1,2,16,8,0.00120,2184
2323,32,1,1,2,16,16,0.00122,2243
2324,32,1,1,2,16,32,0.00114,2273
2325,32,1,1,2,32,2,0.00099,1393
2326,32,1,1,2,32,4,0.00092,1434
2327,32,1,1,2,32,8,0.00123,2501
2328,32,1,1,2,32,16,0.00108,2720
2329,32,1,1,2,32,32,0.00112,2481
2330,32,1,1,3,2,2,0.00138,1014
2331,32,1,1,3,2,4,0.00109,746
2332,32,1,1,3,2,8,0.00121,3722
2333,32,1,1,3,2,16,0.00137,3820
2334,32,1,1,3,2,32,0.00134,2207
2335,32,1,1,3,4,2,0.00119,898
2336,32,1,1,3,4,4,0.00100,782
2337,32,1,1,3,4,8,0.00121,3837
2338,32,1,1,3,4,16,0.00121,3384
2339,32,1,1,3,4,32,0.00114,2084
2340,32,1,1,3,8,2,0.00128,1047
2341,32,1,1,3,8,4,0.00112,973
2342,32,1,1,3,8,8,0.00139,4125
2343,32,1,1,3,8,16,0.00132,3596
2344,32,1,1,3,8,32,0.00122,2225
2345,32,1,1,3,16,2,0.00120,1398
2346,32,1,1,3,16,4,0.00103,1169
2347,32,1,1,3,16,8,0.00127,4212
2348,32,1,1,3,16,16,0.00125,3779
2349,32,1,1,3,16,32,0.00121,2730
2350,32,1,1,3,32,2,0.00117,2110
2351,32,1,1,3,32,4,0.00104,2013
2352,32,1,1,3,32,8,0.00124,4821
2353,32,1,1,3,32,16,0.00115,4362
2354,32,1,1,3,32,32,0.00117,3502
2355,32,1,1,4,2,2,0.00086,642
2356,32,1,1,4,2,4,0.00082,790
2357,32,1,1,4,2,8,0.00078,1742
2358,32,1,1,4,2,16,0.00076,1696
2359,32,1,1,4,2,32,0.00080,2121
2360,32,1,1,4,4,2,0.00090,751
2361,32,1,1,4,4,4,0.00080,765
2362,32,1,1,4,4,8,0.00109,2173
2363,32,1,1,4,4,16,0.00106,2758
2364,32,1,1,4,4,32,0.00100,1898
2365,32,1,1,4,8,2,0.00094,896
2366,32,1,1,4,8,4,0.00084,1019
2367,32,1,1,4,8,8,0.00119,2294
2368,32,1,1,4,8,16,0.00122,2927
2369,32,1,1,4,8,32,0.00115,2236
2370,32,1,1,4,16,2,0.00087,1251
2371,32,1,1,4,16,4,0.00081,1366
2372,32,1,1,4,16,8,0.00111,3047
2373,32,1,1,4,16,16,0.00112,3465
2374,32,1,1,4,16,32,0.00104,2561
2375,32,1,1,4,32,2,0.00089,2236
2376,32,1,1,4,32,4,0.00083,2313
2377,32,1,1,4,32,8,0.00112,3605
2378,32,1,1,4,32,16,0.00113,3940
2379,32,1,1,4,32,32,0.00104,3415
2380,32,1,2,1,2,2,0.00230,568
2381,32,1,2,1,2,4,0.00248,681
2382,32,1,2,1,2,8,0.00263,4889
2383,32,1,2,1,2,16,0.00291,5036
2384,32,1,2,1,2,32,0.00293,5176
2385,32,1,2,1,4,2,0.00233,612
2386,32,1,2,1,4,4,0.00255,687
2387,32,1,2,1,4,8,0.00278,4913
2388,32,1,2,1,4,16,0.00294,4787
2389,32,1,2,1,4,32,0.00282,4912
2390,32,1,2,1,8,2,0.00255,716
2391,32,1,2,1,8,4,0.00257,800
2392,32,1,2,1,8,8,0.00307,5059
2393,32,1,2,1,8,16,0.00298,5140
2394,32,1,2,1,8,32,0.00294,4989
2395,32,1,2,1,16,2,0.00233,948
2396,32,1,2,1,16,4,0.00248,1013
2397,32,1,2,1,16,8,0.00289,5376
2398,32,1,2,1,16,16,0.00292,5078
2399,32,1,2,1,16,32,0.00280,5319
2400,32,1,2,1,32,2,0.00228,1451
2401,32,1,2,1,32,4,0.00250,1521
2402,32,1,2,1,32,8,0.00303,5612
2403,32,1,2,1,32,16,0.00287,5751
2404,32,1,2,1,32,32,0.00292,5596
2405,32,1,2,2,2,2,0.00213,947
2406,32,1,2,2,2,4,0.00185,896
2407,32,1,2,2,2,8,0.00246,5513
2408,32,1,2,2,2,16,0.00264,5328
2409,32,1,2,2,2,32,0.00269,5469
2410,32,1,2,2,4,2,0.00197,995
2411,32,1,2,2,4,4,0.00177,909
2412,32,1,2,2,4,8,0.00260,4894
2413,32,1,2,2,4,16,0.00255,4759
2414,32,1,2,2,4,32,0.00260,4999
2415,32,1,2,2,8,2,0.00212,1199
2416,32,1,2,2,8,4,0.00198,1089
2417,32,1,2,2,8,8,0.00276,5136
2418,32,1,2,2,8,16,0.00270,5065
2419,32,1,2,2,8,32,0.00279,5172
2420,32,1,2,2,16,2,0.00206,1504
2421,32,1,2,2,16,4,0.00188,1490
2422,32,1,2,2,16,8,0.00260,5526
2423,32,1,2,2,16,16,0.00260,5348
2424,32,1,2,2,16,32,0.00258,5416
2425,32,1,2,2,32,2,0.00201,2504
2426,32,1,2,2,32,4,0.00183,2415
2427,32,1,2,2,32,8,0.00257,6368
2428,32,1,2,2,32,16,0.00252,6481
2429,32,1,2,2,32,32,0.00256,6902
2430,32,1,2,3,2,2,0.00269,1500
2431,32,1,2,3,2,4,0.00245,1506
2432,32,1,2,3,2,8,0.00296,8309
2433,32,1,2,3,2,16,0.00288,8063
2434,32,1,2,3,2,32,0.00283,5147
2435,32,1,2,3,4,2,0.00247,1422
2436,32,1,2,3,4,4,0.00210,1527
2437,32,1,2,3,4,8,0.00257,8370
2438,32,1,2,3,4,16,0.00253,7186
2439,32,1,2,3,4,32,0.00250,5341
2440,32,1,2,3,8,2,0.00258,1672
2441,32,1,2,3,8,4,0.00226,1701
2442,32,1,2,3,8,8,0.00281,8988
2443,32,1,2,3,8,16,0.00272,8181
2444,32,1,2,3,8,32,0.00275,5283
2445,32,1,2,3,16,2,0.00245,2245
2446,32,1,2,3,16,4,0.00212,2203
2447,32,1,2,3,16,8,0.00263,8444
2448,32,1,2,3,16,16,0.00262,7862
2449,32,1,2,3,16,32,0.00259,5621
2450,32,1,2,3,32,2,0.00264,3559
2451,32,1,2,3,32,4,0.00228,3548
2452,32,1,2,3,32,8,0.00266,10242
2453,32,1,2,3,32,16,0.00255,9780
2454,32,1,2,3,32,32,0.00260,7042
2455,32,1,2,4,2,2,0.00191,1367
2456,32,1,2,4,2,4,0.00177,1527
2457,32,1,2,4,2,8,0.00240,5924
2458,32,1,2,4,2,16,0.00239,6010
2459,32,1,2,4,2,32,0.00179,5451
2460,32,1,2,4,4,2,0.00190,1465
2461,32,1,2,4,4,4,0.00177,1521
2462,32,1,2,4,4,8,0.00239,5583
2463,32,1,2,4,4,16,0.00237,6138
2464,32,1,2,4,4,32,0.00246,5865
2465,32,1,2,4,8,2,0.00212,1853
2466,32,1,2,4,8,4,0.00175,1824
2467,32,1,2,4,8,8,0.00258,6357
2468,32,1,2,4,8,16,0.00259,6481
2469,32,1,2,4,8,32,0.00260,6388
2470,32,1,2,4,16,2,0.00188,2351
2471,32,1,2,4,16,4,0.00173,2264
2472,32,1,2,4,16,8,0.00245,6624
2473,32,1,2,4,16,16,0.00235,7169
2474,32,1,2,4,16,32,0.00239,7292
2475,32,1,2,4,32,2,0.00198,4075
2476,32,1,2,4,32,4,0.00179,4138
2477,32,1,2,4,32,8,0.00246,8024
2478,32,1,2,4,32,16,0.00240,9067
2479,32,1,2,4,32,32,0.00243,8312
2480,32,1,3,1,2,2,0.00351,858
2481,32,1,3,1,2,4,0.00375,952
2482,32,1,3,1,2,8,0.00449,8959
2483,32,1,3,1,2,16,0.00446,7979
2484,32,1,3,1,2,32,0.00450,8156
2485,32,1,3,1,4,2,0.00363,882
2486,32,1,3,1,4,4,0.00389,964
2487,32,1,3,1,4,8,0.00452,8139
2488,32,1,3,1,4,16,0.00446,7923
2489,32,1,3,1,4,32,0.00449,7755
2490,32,1,3,1,8,2,0.00380,1032
2491,32,1,3,1,8,4,0.00410,1087
2492,32,1,3,1,8,8,0.00473,7524
2493,32,1,3,1,8,16,0.00485,8057
2494,32,1,3,1,8,32,0.00487,7373
2495,32,1,3,1,16,2,0.00366,1305
2496,32,1,3,1,16,4,0.00370,1376
2497,32,1,3,1,16,8,0.00471,7420
2498,32,1,3,1,16,16,0.00443,7804
2499,32,1,3,1,16,32,0.00450,8468
2500,32,1,3,1,32,2,0.00366,2127
2501,32,1,3,1,32,4,0.00377,2178
2502,32,1,3,1,32,8,0.00446,8540
2503,32,1,3,1,32,16,0.00457,8401
2504,32,1,3,1,32,32,0.00452,8216
2505,32,1,3,2,2,2,0.00299,1278
2506,32,1,3,2,2,4,0.00279,1226
2507,32,1,3,2,2,8,0.00388,7758
2508,32,1,3,2,2,16,0.00386,7342
2509,32,1,3,2,2,32,0.00409,7465
2510,32,1,3,2,4,2,0.00310,1269
2511,32,1,3,2,4,4,0.00281,1312
2512,32,1,3,2,4,8,0.00384,7203
2513,32,1,3,2,4,16,0.00379,6698
2514,32,1,3,2,4,32,0.00387,6943
2515,32,1,3,2,8,2,0.00329,1480
2516,32,1,3,2,8,4,0.00297,1566
2517,32,1,3,2,8,8,0.00419,6908
2518,32,1,3,2,8,16,0.00415,6925
2519,32,1,3,2,8,32,0.00417,7138
2520,32,1,3,2,16,2,0.00301,1967
2521,32,1,3,2,16,4,0.00286,1995
2522,32,1,3,2,16,8,0.00388,7553
2523,32,1,3,2,16,16,0.00382,7800
2524,32,1,3,2,16,32,0.00391,7419
2525,32,1,3,2,32,2,0.00316,3491
2526,32,1,3,2,32,4,0.00294,3384
2527,32,1,3,2,32,8,0.00386,8175
2528,32,1,3,2,32,16,0.00388,8765
2529,32,1,3,2,32,32,0.00387,8553
2530,32,1,3,3,2,2,0.00422,1984
2531,32,1,3,3,2,4,0.00374,2016
2532,32,1,3,3,2,8,0.00445,10231
2533,32,1,3,3,2,16,0.00439,8964
2534,32,1,3,3,2,32,0.00425,7117
2535,32,1,3,3,4,2,0.00366,1971
2536,32,1,3,3,4,4,0.00320,2088
2539,32,1,3,3,4,32,0.00375,7120
2540,32,1,3,3,8,2,0.00397,2444
2541,32,1,3,3,8,4,0.00360,2641
2543,32,1,3,3,8,16,0.00425,11405
2544,32,1,3,3,8,32,0.00420,7542
2545,32,1,3,3,16,2,0.00382,3012
2546,32,1,3,3,16,4,0.00337,2947
2549,32,1,3,3,16,32,0.00393,7858
2550,32,1,3,3,32,2,0.00389,5285
2551,32,1,3,3,32,4,0.00341,5224
2554,32,1,3,3,32,32,0.00392,9880
2555,32,1,3,4,2,2,0.00284,1921
2556,32,1,3,4,2,4,0.00263,2032
2557,32,1,3,4,2,8,0.00365,7956
2558,32,1,3,4,2,16,0.00364,7983
2559,32,1,3,4,2,32,0.00276,7477
2560,32,1,3,4,4,2,0.00282,1985
2561,32,1,3,4,4,4,0.00263,2150
2562,32,1,3,4,4,8,0.00364,7533
2563,32,1,3,4,4,16,0.00369,7726
2564,32,1,3,4,4,32,0.00365,8396
2565,32,1,3,4,8,2,0.00321,2602
2566,32,1,3,4,8,4,0.00279,2554
2567,32,1,3,4,8,8,0.00411,8034
2568,32,1,3,4,8,16,0.00399,8008
2569,32,1,3,4,8,32,0.00399,8693
2570,32,1,3,4,16,2,0.00297,3295
2571,32,1,3,4,16,4,0.00273,3228
2572,32,1,3,4,16,8,0.00372,8509
2573,32,1,3,4,16,16,0.00372,9456
2574,32,1,3,4,16,32,0.00375,8906
2575,32,1,3,4,32,2,0.00309,6220
2576,32,1,3,4,32,4,0.00275,6324
2577,32,1,3,4,32,8,0.00361,10957
2578,32,1,3,4,32,16,0.00372,12583
2579,32,1,3,4,32,32,0.00369,11756
2580,32,1,4,1,2,2,0.00500,1046
2581,32,1,4,1,2,4,0.00519,1258
2582,32,1,4,1,2,8,0.00610,10967
2583,32,1,4,1,2,16,0.00612,10190
2584,32,1,4,1,2,32,0.00607,10344
2585,32,1,4,1,4,2,0.00482,1112
2586,32,1,4,1,4,4,0.00506,1101
2587,32,1,4,1,4,8,0.00609,9570
2588,32,1,4,1,4,16,0.00610,9517
2589,32,1,4,1,4,32,0.00604,9258
2590,32,1,4,1,8,2,0.00528,1322
2591,32,1,4,1,8,4,0.00532,1354
2592,32,1,4,1,8,8,0.00648,9978
2593,32,1,4,1,8,16,0.00649,10318
2594,32,1,4,1,8,32,0.00660,9194
2595,32,1,4,1,16,2,0.00474,1621
2596,32,1,4,1,16,4,0.00514,1707
2597,32,1,4,1,16,8,0.00605,10014
2598,32,1,4,1,16,16,0.00608,10584
2599,32,1,4,1,16,32,0.00611,9463
2600,32,1,4,1,32,2,0.00470,2577
2601,32,1,4,1,32,4,0.00499,2577
2602,32,1,4,1,32,8,0.00616,12287
2603,32,1,4,1,32,16,0.00607,11350
2605,32,1,4,2,2,2,0.00406,1583
2606,32,1,4,2,2,4,0.00379,1589
2607,32,1,4,2,2,8,0.00539,9822
2608,32,1,4,2,2,16,0.00526,8468
2609,32,1,4,2,2,32,0.00547,9590
2610,32,1,4,2,4,2,0.00401,1602
2611,32,1,4,2,4,4,0.00385,1485
2612,32,1,4,2,4,8,0.00518,9575
2613,32,1,4,2,4,16,0.00528,8951
2614,32,1,4,2,4,32,0.00520,9192
2615,32,1,4,2,8,2,0.00448,2023
2616,32,1,4,2,8,4,0.00403,2045
2617,32,1,4,2,8,8,0.00586,9657
2618,32,1,4,2,8,16,0.00556,8442
2619,32,1,4,2,8,32,0.00565,9742
2620,32,1,4,2,16,2,0.00415,2531
2621,32,1,4,2,16,4,0.00406,2614
2622,32,1,4,2,16,8,0.00534,8936
2623,32,1,4,2,16,16,0.00527,8647
2624,32,1,4,2,16,32,0.00545,10175
2625,32,1,4,2,32,2,0.00426,4378
2626,32,1,4,2,32,4,0.00397,4338
2627,32,1,4,2,32,8,0.00515,11060
2628,32,1,4,2,32,16,0.00516,10658
2629,32,1,4,2,32,32,0.00517,11826
2630,32,1,4,3,2,2,0.00574,2474
2631,32,1,4,3,2,4,0.00491,2594
2634,32,1,4,3,2,32,0.00578,9225
2635,32,1,4,3,4,2,0.00502,2537
2636,32,1,4,3,4,4,0.00439,2578
2639,32,1,4,3,4,32,0.00505,9472
2640,32,1,4,3,8,2,0.00546,3146
2641,32,1,4,3,8,4,0.00489,3244
2644,32,1,4,3,8,32,0.00573,9848
2645,32,1,4,3,16,2,0.00546,3688
2646,32,1,4,3,16,4,0.00458,3757
2649,32,1,4,3,16,32,0.00528,10778
2650,32,1,4,3,32,2,0.00547,6635
2651,32,1,4,3,32,4,0.00474,6864
2654,32,1,4,3,32,32,0.00522,12153
2655,32,1,4,4,2,2,0.00403,2521
2656,32,1,4,4,2,4,0.00369,2623
2657,32,1,4,4,2,8,0.00498,10216
2658,32,1,4,4,2,16,0.00496,10276
2659,32,1,4,4,2,32,0.00371,9350
2660,32,1,4,4,4,2,0.00387,2534
2661,32,1,4,4,4,4,0.00383,2684
2662,32,1,4,4,4,8,0.00490,9933
2663,32,1,4,4,4,16,0.00506,11313
2664,32,1,4,4,4,32,0.00492,11521
2665,32,1,4,4,8,2,0.00432,3479
2666,32,1,4,4,8,4,0.00372,3461
2667,32,1,4,4,8,8,0.00538,10915
2668,32,1,4,4,8,16,0.00527,10377
2669,32,1,4,4,8,32,0.00536,11236
2670,32,1,4,4,16,2,0.00413,4234
2671,32,1,4,4,16,4,0.00366,4165
2672,32,1,4,4,16,8,0.00506,11082
2675,32,1,4,4,32,2,0.00422,7953
2676,32,1,4,4,32,4,0.00378,8019
2680,32,2,1,1,2,2,0.00113,600
2681,32,2,1,1,2,4,0.00124,661
2682,32,2,1,1,2,8,0.00129,4603
2683,32,2,1,1,2,16,0.00141,4512
2684,32,2,1,1,2,32,0.00134,4502
2685,32,2,1,1,4,2,0.00117,651
2686,32,2,1,1,4,4,0.00125,747
2687,32,2,1,1,4,8,0.00134,4188
2688,32,2,1,1,4,16,0.00146,4939
2689,32,2,1,1,4,32,0.00138,4262
2690,32,2,1,1,8,2,0.00125,875
2691,32,2,1,1,8,4,0.00135,908
2692,32,2,1,1,8,8,0.00157,5070
2693,32,2,1,1,8,16,0.00149,4984
2694,32,2,1,1,8,32,0.00154,4789
2695,32,2,1,1,16,2,0.00118,1175
2696,32,2,1,1,16,4,0.00125,1241
2697,32,2,1,1,16,8,0.00144,5329
2698,32,2,1,1,16,16,0.00149,5048
2699,32,2,1,1,16,32,0.00145,5319
2700,32,2,1,1,32,2,0.00115,1867
2701,32,2,1,1,32,4,0.00122,1927
2702,32,2,1,1,32,8,0.00146,5623
2703,32,2,1,1,32,16,0.00148,5920
2704,32,2,1,1,32,32,0.00141,5642
2705,32,2,1,2,2,2,0.00101,913
2706,32,2,1,2,2,4,0.00090,844
2707,32,2,1,2,2,8,0.00118,5228
2708,32,2,1,2,2,16,0.00131,5037
2709,32,2,1,2,2,32,0.00134,5649
2710,32,2,1,2,4,2,0.00097,976
2711,32,2,1,2,4,4,0.00089,951
2712,32,2,1,2,4,8,0.00121,4847
2713,32,2,1,2,4,16,0.00123,4617
2714,32,2,1,2,4,32,0.00127,5153
2715,32,2,1,2,8,2,0.00111,1307
2716,32,2,1,2,8,4,0.00094,1192
2717,32,2,1,2,8,8,0.00133,5128
2718,32,2,1,2,8,16,0.00129,4937
2719,32,2,1,2,8,32,0.00137,5423
2720,32,2,1,2,16,2,0.00096,1661
2721,32,2,1,2,16,4,0.00091,1728
2722,32,2,1,2,16,8,0.00125,5563
2723,32,2,1,2,16,16,0.00124,5354
2724,32,2,1,2,16,32,0.00126,5662
2725,32,2,1,2,32,2,0.00102,2876
2726,32,2,1,2,32,4,0.00098,2751
2727,32,2,1,2,32,8,0.00126,6425
2728,32,2,1,2,32,16,0.00127,6548
2729,32,2,1,2,32,32,0.00128,7182
2730,32,2,1,3,2,2,0.00133,1454
2731,32,2,1,3,2,4,0.00121,1489
2732,32,2,1,3,2,8,0.00145,8213
2733,32,2,1,3,2,16,0.00141,7466
2734,32,2,1,3,2,32,0.00137,5110
2735,32,2,1,3,4,2,0.00120,1455
2736,32,2,1,3,4,4,0.00102,1531
2738,32,2,1,3,4,16,0.00127,7762
2739,32,2,1,3,4,32,0.00122,5088
2740,32,2,1,3,8,2,0.00124,1819
2741,32,2,1,3,8,4,0.00115,1850
2742,32,2,1,3,8,8,0.00136,8312
2743,32,2,1,3,8,16,0.00135,8181
2744,32,2,1,3,8,32,0.00135,5536
2745,32,2,1,3,16,2,0.00121,2416
2746,32,2,1,3,16,4,0.00106,2469
2747,32,2,1,3,16,8,0.00130,9502
2748,32,2,1,3,16,16,0.00125,8111
2749,32,2,1,3,16,32,0.00129,6027
2750,32,2,1,3,32,2,0.00131,3899
2751,32,2,1,3,32,4,0.00105,3985
2753,32,2,1,3,32,16,0.00125,8918
2754,32,2,1,3,32,32,0.00128,7310
2755,32,2,1,4,2,2,0.00092,1388
2756,32,2,1,4,2,4,0.00085,1490
2757,32,2,1,4,2,8,0.00115,6058
2758,32,2,1,4,2,16,0.00112,5876
2759,32,2,1,4,2,32,0.00086,5492
2760,32,2,1,4,4,2,0.00089,1450
2761,32,2,1,4,4,4,0.00086,1492
2762,32,2,1,4,4,8,0.00115,5419
2763,32,2,1,4,4,16,0.00115,5737
2764,32,2,1,4,4,32,0.00117,5924
2765,32,2,1,4,8,2,0.00098,1937
2766,32,2,1,4,8,4,0.00085,1957
2767,32,2,1,4,8,8,0.00124,5668
2768,32,2,1,4,8,16,0.00126,6560
2769,32,2,1,4,8,32,0.00125,6524
2770,32,2,1,4,16,2,0.00096,2565
2771,32,2,1,4,16,4,0.00080,2614
2772,32,2,1,4,16,8,0.00116,6392
2773,32,2,1,4,16,16,0.00116,7101
2774,32,2,1,4,16,32,0.00114,7298
2775,32,2,1,4,32,2,0.00097,4497
2776,32,2,1,4,32,4,0.00087,4623
2777,32,2,1,4,32,8,0.00117,8614
2778,32,2,1,4,32,16,0.00116,8289
2779,32,2,1,4,32,32,0.00117,8382
2780,32,2,2,1,2,2,0.00235,1129
2781,32,2,2,1,2,4,0.00260,1126
2782,32,2,2,1,2,8,0.00306,10551
2783,32,2,2,1,2,16,0.00307,9918
2784,32,2,2,1,2,32,0.00304,9310
2785,32,2,2,1,4,2,0.00241,1159
2786,32,2,2,1,4,4,0.00259,1224
2787,32,2,2,1,4,8,0.00295,8264
2788,32,2,2,1,4,16,0.00302,9262
2789,32,2,2,1,4,32,0.00299,8755
2790,32,2,2,1,8,2,0.00247,1440
2791,32,2,2,1,8,4,0.00262,1471
2792,32,2,2,1,8,8,0.00320,9198
2793,32,2,2,1,8,16,0.00317,9739
2794,32,2,2,1,8,32,0.00312,9891
2795,32,2,2,1,16,2,0.00241,1844
2796,32,2,2,1,16,4,0.00263,1910
2797,32,2,2,1,16,8,0.00297,9278
2798,32,2,2,1,16,16,0.00302,10257
2799,32,2,2,1,16,32,0.00305,10729
2800,32,2,2,1,32,2,0.00235,2981
2801,32,2,2,1,32,4,0.00243,3016
2802,32,2,2,1,32,8,0.00302,10956
2803,32,2,2,1,32,16,0.00299,11078
2804,32,2,2,1,32,32,0.00306,11355
2805,32,2,2,2,2,2,0.00205,1622
2806,32,2,2,2,2,4,0.00192,1601
2807,32,2,2,2,2,8,0.00266,9196
2808,32,2,2,2,2,16,0.00269,8938
2809,32,2,2,2,2,32,0.00277,9147
2810,32,2,2,2,4,2,0.00196,1661
2811,32,2,2,2,4,4,0.00184,1601
2812,32,2,2,2,4,8,0.00258,8446
2813,32,2,2,2,4,16,0.00258,8524
2814,32,2,2,2,4,32,0.00257,8518
2815,32,2,2,2,8,2,0.00218,2185
2816,32,2,2,2,8,4,0.00198,2115
2817,32,2,2,2,8,8,0.00281,8844
2818,32,2,2,2,8,16,0.00278,9075
2819,32,2,2,2,8,32,0.00283,9591
2820,32,2,2,2,16,2,0.00202,2906
2821,32,2,2,2,16,4,0.00188,2763
2822,32,2,2,2,16,8,0.00259,10328
2823,32,2,2,2,16,16,0.00268,9136
2824,32,2,2,2,16,32,0.00258,9622
2825,32,2,2,2,32,2,0.00214,4837
2826,32,2,2,2,32,4,0.00197,4720
2827,32,2,2,2,32,8,0.00261,12623
2829,32,2,2,2,32,32,0.00261,12123
2830,32,2,2,3,2,2,0.00278,2627
2831,32,2,2,3,2,4,0.00243,2663
2834,32,2,2,3,2,32,0.00285,8567
2835,32,2,2,3,4,2,0.00242,2581
2836,32,2,2,3,4,4,0.00216,2587
2839,32,2,2,3,4,32,0.00253,9673
2840,32,2,2,3,8,2,0.00268,3191
2841,32,2,2,3,8,4,0.00239,3286
2844,32,2,2,3,8,32,0.00284,9088
2845,32,2,2,3,16,2,0.00265,3912
2846,32,2,2,3,16,4,0.00238,4100
2849,32,2,2,3,16,32,0.00264,11090
2850,32,2,2,3,32,2,0.00270,6948
2851,32,2,2,3,32,4,0.00238,7154
2854,32,2,2,3,32,32,0.00263,12775
2855,32,2,2,4,2,2,0.00190,2362
2856,32,2,2,4,2,4,0.00183,2679
2857,32,2,2,4,2,8,0.00242,9768
2858,32,2,2,4,2,16,0.00243,10611
2859,32,2,2,4,2,32,0.00180,9056
2860,32,2,2,4,4,2,0.00187,2680
2861,32,2,2,4,4,4,0.00186,2626
2862,32,2,2,4,4,8,0.00244,10510
2863,32,2,2,4,4,16,0.00251,11832
2864,32,2,2,4,4,32,0.00242,11181
2865,32,2,2,4,8,2,0.00213,3492
2866,32,2,2,4,8,4,0.00188,3659
2867,32,2,2,4,8,8,0.00264,10256
2868,32,2,2,4,8,16,0.00262,12257
2869,32,2,2,4,8,32,0.00260,10813
2870,32,2,2,4,16,2,0.00202,4429
2871,32,2,2,4,16,4,0.00182,4422
2872,32,2,2,4,16,8,0.00245,11496
2874,32,2,2,4,16,32,0.00246,11924
2875,32,2,2,4,32,2,0.00208,8448
2876,32,2,2,4,32,4,0.00182,8410
2880,32,2,3,1,2,2,0.00364,1529
2881,32,2,3,1,2,4,0.00384,1570
2882,32,2,3,1,2,8,0.00456,13292
2883,32,2,3,1,2,16,0.00457,13291
2885,32,2,3,1,4,2,0.00360,1585
2886,32,2,3,1,4,4,0.00382,1680
2888,32,2,3,1,4,16,0.00458,13293
2889,32,2,3,1,4,32,0.00458,13186
2890,32,2,3,1,8,2,0.00388,1987
2891,32,2,3,1,8,4,0.00393,1993
2893,32,2,3,1,8,16,0.00486,13294
2895,32,2,3,1,16,2,0.00376,2476
2896,32,2,3,1,16,4,0.00388,2635
2900,32,2,3,1,32,2,0.00390,4303
2901,32,2,3,1,32,4,0.00391,4135
2905,32,2,3,2,2,2,0.00303,2293
2906,32,2,3,2,2,4,0.00293,2126
2908,32,2,3,2,2,16,0.00400,12405
2909,32,2,3,2,2,32,0.00466,13088
2910,32,2,3,2,4,2,0.00306,2477
2911,32,2,3,2,4,4,0.00280,2386
2915,32,2,3,2,8,2,0.00340,3055
2916,32,2,3,2,8,4,0.00297,2936
2920,32,2,3,2,16,2,0.00333,3788
2921,32,2,3,2,16,4,0.00291,3824
2925,32,2,3,2,32,2,0.00338,6704
2926,32,2,3,2,32,4,0.00296,6786
2930,32,2,3,3,2,2,0.00434,3611
2931,32,2,3,3,2,4,0.00380,3644
2935,32,2,3,3,4,2,0.00392,3335
2936,32,2,3,3,4,4,0.00331,3658
2939,32,2,3,3,4,32,0.00390,12186
2940,32,2,3,3,8,2,0.00421,4470
2941,32,2,3,3,8,4,0.00363,4528
2945,32,2,3,3,16,2,0.00404,5424
2946,32,2,3,3,16,4,0.00350,5472
2950,32,2,3,3,32,2,0.00407,9979
2951,32,2,3,3,32,4,0.00356,9955
2955,32,2,3,4,2,2,0.00295,3498
2956,32,2,3,4,2,4,0.00275,3761
2959,32,2,3,4,2,32,0.00300,12513
2960,32,2,3,4,4,2,0.00309,3686
2961,32,2,3,4,4,4,0.00270,3902
2965,32,2,3,4,8,2,0.00328,5016
2966,32,2,3,4,8,4,0.00278,5027
2967,32,2,3,4,8,8,0.00433,13069
2970,32,2,3,4,16,2,0.00310,6267
2971,32,2,3,4,16,4,0.00281,6206
2975,32,2,3,4,32,2,0.00320,11643
2976,32,2,3,4,32,4,0.00279,11671
2980,32,2,4,1,2,2,0.00494,1927
2981,32,2,4,1,2,4,0.00512,1951
2985,32,2,4,1,4,2,0.00475,2016
2986,32,2,4,1,4,4,0.00543,2096
2990,32,2,4,1,8,2,0.00545,2515
2991,32,2,4,1,8,4,0.00559,2577
2995,32,2,4,1,16,2,0.00498,3160
2996,32,2,4,1,16,4,0.00539,3228
3000,32,2,4,1,32,2,0.00499,5357
3001,32,2,4,1,32,4,0.00536,5274
3005,32,2,4,2,2,2,0.00431,2775
3006,32,2,4,2,2,4,0.00397,2803
3010,32,2,4,2,4,2,0.00450,3043
3011,32,2,4,2,4,4,0.00383,2850
3015,32,2,4,2,8,2,0.00471,3910
3016,32,2,4,2,8,4,0.00410,3812
3020,32,2,4,2,16,2,0.00448,4844
3021,32,2,4,2,16,4,0.00386,4804
3025,32,2,4,2,32,2,0.00447,8715
3026,32,2,4,2,32,4,0.00415,8778
3030,32,2,4,3,2,2,0.00575,4488
3031,32,2,4,3,2,4,0.00509,4345
3035,32,2,4,3,4,2,0.00532,4346
3036,32,2,4,3,4,4,0.00475,4503
3040,32,2,4,3,8,2,0.00546,5665
3041,32,2,4,3,8,4,0.00508,5790
3045,32,2,4,3,16,2,0.00540,7070
3046,32,2,4,3,16,4,0.00473,7155
3050,32,2,4,3,32,2,0.00554,12186
3051,32,2,4,3,32,4,0.00477,12322
3055,32,2,4,4,2,2,0.00394,4454
3056,32,2,4,4,2,4,0.00367,4681
3060,32,2,4,4,4,2,0.00402,4609
3061,32,2,4,4,4,4,0.00380,4697
3065,32,2,4,4,8,2,0.00454,6464
3066,32,2,4,4,8,4,0.00400,6542
3070,32,2,4,4,16,2,0.00426,8051
3071,32,2,4,4,16,4,0.00384,7980
3075,32,2,4,4,32,2,0.00430,13296
3076,32,2,4,4,32,4,0.00390,13295
3080,32,3,1,1,2,2,0.00124,949
3081,32,3,1,1,2,4,0.00131,983
3082,32,3,1,1,2,8,0.00149,7794
3083,32,3,1,1,2,16,0.00148,7638
3084,32,3,1,1,2,32,0.00150,7820
3085,32,3,1,1,4,2,0.00121,1066
3086,32,3,1,1,4,4,0.00127,1105
3087,32,3,1,1,4,8,0.00151,7567
3088,32,3,1,1,4,16,0.00146,7015
3089,32,3,1,1,4,32,0.00147,6713
3090,32,3,1,1,8,2,0.00128,1335
3091,32,3,1,1,8,4,0.00133,1391
3092,32,3,1,1,8,8,0.00156,7079
3093,32,3,1,1,8,16,0.00157,7128
3094,32,3,1,1,8,32,0.00158,7164
3095,32,3,1,1,16,2,0.00120,1781
3096,32,3,1,1,16,4,0.00128,1769
3097,32,3,1,1,16,8,0.00153,7895
3098,32,3,1,1,16,16,0.00145,7799
3099,32,3,1,1,16,32,0.00139,7707
3100,32,3,1,1,32,2,0.00127,2973
3101,32,3,1,1,32,4,0.00123,2913
3102,32,3,1,1,32,8,0.00149,8176
3103,32,3,1,1,32,16,0.00147,8381
3104,32,3,1,1,32,32,0.00144,8182
3105,32,3,1,2,2,2,0.00101,1283
3106,32,3,1,2,2,4,0.00093,1315
3107,32,3,1,2,2,8,0.00126,7715
3108,32,3,1,2,2,16,0.00125,7681
3109,32,3,1,2,2,32,0.00135,8126
3110,32,3,1,2,4,2,0.00100,1373
3111,32,3,1,2,4,4,0.00090,1379
3112,32,3,1,2,4,8,0.00125,7031
3113,32,3,1,2,4,16,0.00126,6699
3114,32,3,1,2,4,32,0.00126,7444
3115,32,3,1,2,8,2,0.00108,1804
3116,32,3,1,2,8,4,0.00094,1860
3117,32,3,1,2,8,8,0.00132,7384
3118,32,3,1,2,8,16,0.00136,7108
3119,32,3,1,2,8,32,0.00137,7441
3120,32,3,1,2,16,2,0.00101,2402
3121,32,3,1,2,16,4,0.00093,2410
3122,32,3,1,2,16,8,0.00126,7832
3123,32,3,1,2,16,16,0.00124,7927
3124,32,3,1,2,16,32,0.00127,8600
3125,32,3,1,2,32,2,0.00103,4107
3126,32,3,1,2,32,4,0.00097,4112
3127,32,3,1,2,32,8,0.00129,9511
3128,32,3,1,2,32,16,0.00127,9730
3129,32,3,1,2,32,32,0.00130,9256
3130,32,3,1,3,2,2,0.00138,2105
3131,32,3,1,3,2,4,0.00123,2114
3132,32,3,1,3,2,8,0.00146,11424
3133,32,3,1,3,2,16,0.00143,9730
3134,32,3,1,3,2,32,0.00139,7743
3135,32,3,1,3,4,2,0.00122,2130
3136,32,3,1,3,4,4,0.00105,2104
3138,32,3,1,3,4,16,0.00126,10857
3139,32,3,1,3,4,32,0.00122,7374
3140,32,3,1,3,8,2,0.00127,2679
3141,32,3,1,3,8,4,0.00112,2698
3144,32,3,1,3,8,32,0.00137,7644
3145,32,3,1,3,16,2,0.00124,3200
3146,32,3,1,3,16,4,0.00109,3372
3148,32,3,1,3,16,16,0.00128,11590
3149,32,3,1,3,16,32,0.00129,7939
3150,32,3,1,3,32,2,0.00131,5931
3151,32,3,1,3,32,4,0.00116,6088
3153,32,3,1,3,32,16,0.00125,13198
3154,32,3,1,3,32,32,0.00127,10460
3155,32,3,1,4,2,2,0.00091,1916
3156,32,3,1,4,2,4,0.00085,2113
3157,32,3,1,4,2,8,0.00117,8190
3158,32,3,1,4,2,16,0.00117,8401
3159,32,3,1,4,2,32,0.00086,8329
3160,32,3,1,4,4,2,0.00098,2018
3161,32,3,1,4,4,4,0.00081,2217
3162,32,3,1,4,4,8,0.00114,7589
3163,32,3,1,4,4,16,0.00116,8477
3164,32,3,1,4,4,32,0.00118,8583
3165,32,3,1,4,8,2,0.00102,2943
3166,32,3,1,4,8,4,0.00086,3018
3167,32,3,1,4,8,8,0.00124,7619
3168,32,3,1,4,8,16,0.00122,9441
3169,32,3,1,4,8,32,0.00126,8541
3170,32,3,1,4,16,2,0.00099,3759
3171,32,3,1,4,16,4,0.00083,3677
3172,32,3,1,4,16,8,0.00117,9449
3173,32,3,1,4,16,16,0.00118,9429
3174,32,3,1,4,16,32,0.00116,9819
3175,32,3,1,4,32,2,0.00096,6896
3176,32,3,1,4,32,4,0.00085,6979
3177,32,3,1,4,32,8,0.00118,12493
3178,32,3,1,4,32,16,0.00118,12701
3179,32,3,1,4,32,32,0.00118,12694
3180,32,3,2,1,2,2,0.00251,1704
3181,32,3,2,1,2,4,0.00251,1613
3182,32,3,2,1,2,8,0.00306,13288
3183,32,3,2,1,2,16,0.00305,13300
3184,32,3,2,1,2,32,0.00308,13297
3185,32,3,2,1,4,2,0.00238,1713
3186,32,3,2,1,4,4,0.00251,1747
3187,32,3,2,1,4,8,0.00307,13069
3188,32,3,2,1,4,16,0.00295,13007
3189,32,3,2,1,4,32,0.00307,13135
3190,32,3,2,1,8,2,0.00251,2028
3191,32,3,2,1,8,4,0.00266,2126
3192,32,3,2,1,8,8,0.00323,13219
3193,32,3,2,1,8,16,0.00322,13265
3194,32,3,2,1,8,32,0.00321,13270
3195,32,3,2,1,16,2,0.00239,2767
3196,32,3,2,1,16,4,0.00262,2824
3197,32,3,2,1,16,8,0.00302,13271
3200,32,3,2,1,32,2,0.00256,4529
3201,32,3,2,1,32,4,0.00272,4556
3205,32,3,2,2,2,2,0.00200,2326
3206,32,3,2,2,2,4,0.00187,2346
3208,32,3,2,2,2,16,0.00266,12989
3209,32,3,2,2,2,32,0.00290,13205
3210,32,3,2,2,4,2,0.00202,2375
3211,32,3,2,2,4,4,0.00186,2331
3212,32,3,2,2,4,8,0.00272,12737
3213,32,3,2,2,4,16,0.00260,12795
3214,32,3,2,2,4,32,0.00262,12553
3215,32,3,2,2,8,2,0.00222,3162
3216,32,3,2,2,8,4,0.00203,3168
3217,32,3,2,2,8,8,0.00280,13146
3218,32,3,2,2,8,16,0.00289,12617
3219,32,3,2,2,8,32,0.00286,13176
3220,32,3,2,2,16,2,0.00207,3937
3221,32,3,2,2,16,4,0.00187,3980
3225,32,3,2,2,32,2,0.00218,7199
3226,32,3,2,2,32,4,0.00200,7080
3230,32,3,2,3,2,2,0.00291,3605
3231,32,3,2,3,2,4,0.00250,3769
3234,32,3,2,3,2,32,0.00296,12809
3235,32,3,2,3,4,2,0.00266,3597
3236,32,3,2,3,4,4,0.00237,3608
3239,32,3,2,3,4,32,0.00266,12928
3240,32,3,2,3,8,2,0.00271,4498
3241,32,3,2,3,8,4,0.00247,4674
3244,32,3,2,3,8,32,0.00304,13207
3245,32,3,2,3,16,2,0.00269,5664
3246,32,3,2,3,16,4,0.00236,5612
3250,32,3,2,3,32,2,0.00276,10325
3251,32,3,2,3,32,4,0.00239,10291
3255,32,3,2,4,2,2,0.00192,3402
3256,32,3,2,4,2,4,0.00186,3846
3260,32,3,2,4,4,2,0.00199,3727
3261,32,3,2,4,4,4,0.00176,3757
3265,32,3,2,4,8,2,0.00219,5056
3266,32,3,2,4,8,4,0.00194,5085
3270,32,3,2,4,16,2,0.00203,6497
3271,32,3,2,4,16,4,0.00188,6472
3275,32,3,2,4,32,2,0.00208,11975
3276,32,3,2,4,32,4,0.00190,11972
3280,32,3,3,1,2,2,0.00359,2105
3281,32,3,3,1,2,4,0.00387,2216
3285,32,3,3,1,4,2,0.00368,2260
3286,32,3,3,1,4,4,0.00387,2364
3290,32,3,3,1,8,2,0.00404,2902
3291,32,3,3,1,8,4,0.00423,2909
3295,32,3,3,1,16,2,0.00375,3616
3296,32,3,3,1,16,4,0.00400,3577
3300,32,3,3,1,32,2,0.00393,6147
3301,32,3,3,1,32,4,0.00429,6251
3305,32,3,3,2,2,2,0.00322,3176
3306,32,3,3,2,2,4,0.00285,2926
3310,32,3,3,2,4,2,0.00312,3342
3311,32,3,3,2,4,4,0.00289,3291
3315,32,3,3,2,8,2,0.00350,4427
3316,32,3,3,2,8,4,0.00310,4416
3320,32,3,3,2,16,2,0.00334,5589
3321,32,3,3,2,16,4,0.00303,5429
3325,32,3,3,2,32,2,0.00336,10059
3326,32,3,3,2,32,4,0.00312,9929
3330,32,3,3,3,2,2,0.00425,5102
3331,32,3,3,3,2,4,0.00390,5148
3335,32,3,3,3,4,2,0.00391,5132
3336,32,3,3,3,4,4,0.00347,4929
3340,32,3,3,3,8,2,0.00415,6426
3341,32,3,3,3,8,4,0.00386,6493
3345,32,3,3,3,16,2,0.00408,7793
3346,32,3,3,3,16,4,0.00358,8094
3350,32,3,3,3,32,2,0.00413,13019
3351,32,3,3,3,32,4,0.00360,12991
3355,32,3,3,4,2,2,0.00300,5143
3356,32,3,3,4,2,4,0.00280,5355
3360,32,3,3,4,4,2,0.00307,5178
3361,32,3,3,4,4,4,0.00278,5247
3365,32,3,3,4,8,2,0.00335,7231
3366,32,3,3,4,8,4,0.00303,7159
3370,32,3,3,4,16,2,0.00319,9218
3371,32,3,3,4,16,4,0.00287,9084
3380,32,3,4,1,2,2,0.00518,2721
3381,32,3,4,1,2,4,0.00559,2857
3385,32,3,4,1,4,2,0.00507,2889
3386,32,3,4,1,4,4,0.00531,2994
3390,32,3,4,1,8,2,0.00524,3709
3391,32,3,4,1,8,4,0.00555,3694
3395,32,3,4,1,16,2,0.00502,4405
3396,32,3,4,1,16,4,0.00551,4438
3400,32,3,4,1,32,2,0.00530,7656
3401,32,3,4,1,32,4,0.00535,7731
3405,32,3,4,2,2,2,0.00423,4104
3406,32,3,4,2,2,4,0.00398,4042
3410,32,3,4,2,4,2,0.00429,4049
3411,32,3,4,2,4,4,0.00399,4173
3415,32,3,4,2,8,2,0.00466,5722
3416,32,3,4,2,8,4,0.00414,5583
3420,32,3,4,2,16,2,0.00450,7182
3421,32,3,4,2,16,4,0.00415,6979
3425,32,3,4,2,32,2,0.00451,12377
3426,32,3,4,2,32,4,0.00415,12157
3430,32,3,4,3,2,2,0.00574,6143
3431,32,3,4,3,2,4,0.00534,6843
3435,32,3,4,3,4,2,0.00523,6039
3436,32,3,4,3,4,4,0.00485,6032
3440,32,3,4,3,8,2,0.00580,7914
3441,32,3,4,3,8,4,0.00502,8162
3445,32,3,4,3,16,2,0.00554,10019
3446,32,3,4,3,16,4,0.00487,10000
3455,32,3,4,4,2,2,0.00405,6487
3456,32,3,4,4,2,4,0.00379,6755
3460,32,3,4,4,4,2,0.00419,6487
3461,32,3,4,4,4,4,0.00377,6816
3465,32,3,4,4,8,2,0.00449,8932
3466,32,3,4,4,8,4,0.00397,9028
3470,32,3,4,4,16,2,0.00431,11501
3471,32,3,4,4,16,4,0.00392,11591
