n,knob_UNROLL_F,knob_outer_unroll,knob_inner_unroll1,knob_inner_unroll2,knob_array_part1,knob_array_part2,knob_I_B,obj1,obj2
0,2,1,1,1,512,1,0,0.000146,119
1,2,1,1,1,512,2,0,0.000147,113
2,2,1,1,1,256,1,0,0.000175,178
3,2,1,1,1,256,2,0,0.000171,171
4,2,1,1,1,128,1,0,0.000226,236
5,2,1,1,1,128,2,0,0.000204,262
6,2,1,1,2,512,1,0,0.00015,121
7,2,1,1,2,512,2,0,0.00015,121
8,2,1,1,2,256,1,0,0.000177,192
9,2,1,1,2,256,2,0,0.00018,193
10,2,1,1,2,128,1,0,0.000171,202
11,2,1,1,2,128,2,0,0.000171,202
12,2,1,1,3,512,1,0,0.000246,148
13,2,1,1,3,512,2,0,0.000246,148
14,2,1,1,3,256,1,0,0.000253,220
15,2,1,1,3,256,2,0,0.000253,220
16,2,1,1,3,128,1,0,0.000286,315
17,2,1,1,3,128,2,0,0.000277,284
18,2,1,1,4,512,1,0,3.90E-05,91
19,2,1,1,4,512,2,0,3.90E-05,91
20,2,1,1,4,256,1,0,3.70E-05,150
21,2,1,1,4,256,2,0,3.70E-05,150
22,2,1,1,4,128,1,0,4.60E-05,222
23,2,1,1,4,128,2,0,4.60E-05,222
24,2,1,2,1,512,1,0,0.000146,119
25,2,1,2,1,512,2,0,0.000147,113
26,2,1,2,1,256,1,0,0.000175,178
27,2,1,2,1,256,2,0,0.000171,171
28,2,1,2,1,128,1,0,0.000226,236
29,2,1,2,1,128,2,0,0.000204,262
30,2,1,2,2,512,1,0,0.00015,121
31,2,1,2,2,512,2,0,0.00015,121
32,2,1,2,2,256,1,0,0.00018,193
33,2,1,2,2,256,2,0,0.000177,192
34,2,1,2,2,128,1,0,0.000171,202
35,2,1,2,2,128,2,0,0.000171,202
36,2,1,2,3,512,1,0,0.000246,148
37,2,1,2,3,512,2,0,0.000246,148
38,2,1,2,3,256,1,0,0.000253,220
39,2,1,2,3,256,2,0,0.000253,220
40,2,1,2,3,128,1,0,0.000286,315
41,2,1,2,3,128,2,0,0.000277,284
42,2,1,2,4,512,1,0,3.90E-05,91
43,2,1,2,4,512,2,0,3.90E-05,91
44,2,1,2,4,256,1,0,3.70E-05,150
45,2,1,2,4,256,2,0,3.70E-05,150
46,2,1,2,4,128,1,0,4.60E-05,222
47,2,1,2,4,128,2,0,4.60E-05,222
48,2,1,3,1,512,1,0,0.000146,119
49,2,1,3,1,512,2,0,0.000147,113
50,2,1,3,1,256,1,0,0.000175,178
51,2,1,3,1,256,2,0,0.000171,171
52,2,1,3,1,128,1,0,0.000226,236
53,2,1,3,1,128,2,0,0.000204,262
54,2,1,3,2,512,1,0,0.00015,121
55,2,1,3,2,512,2,0,0.00015,121
56,2,1,3,2,256,1,0,0.00018,193
57,2,1,3,2,256,2,0,0.00018,193
58,2,1,3,2,128,1,0,0.000171,202
59,2,1,3,2,128,2,0,0.000171,202
60,2,1,3,3,512,1,0,0.000246,148
61,2,1,3,3,512,2,0,0.000246,148
62,2,1,3,3,256,1,0,0.000253,220
63,2,1,3,3,256,2,0,0.000253,220
64,2,1,3,3,128,1,0,0.000286,315
65,2,1,3,3,128,2,0,0.000277,284
66,2,1,3,4,512,1,0,3.90E-05,91
67,2,1,3,4,256,1,0,3.70E-05,150
68,2,1,3,4,256,2,0,3.70E-05,150
69,2,1,3,4,128,1,0,4.60E-05,222
70,2,1,3,4,128,2,0,4.60E-05,222
71,2,1,4,1,512,1,0,0.000146,119
72,2,1,4,1,512,2,0,0.000147,113
73,2,1,4,1,256,1,0,0.000175,178
74,2,1,4,1,256,2,0,0.000171,171
75,2,1,4,1,128,1,0,0.000226,236
76,2,1,4,1,128,2,0,0.000204,262
77,2,1,4,2,512,1,0,0.00015,121
78,2,1,4,2,512,2,0,0.00015,121
79,2,1,4,2,256,1,0,0.00018,193
80,2,1,4,2,256,2,0,0.00018,193
81,2,1,4,2,128,1,0,0.000171,202
82,2,1,4,2,128,2,0,0.000171,202
83,2,1,4,3,512,1,0,0.000246,148
84,2,1,4,3,512,2,0,0.000246,148
85,2,1,4,3,256,1,0,0.00025,220
86,2,1,4,3,256,2,0,0.000253,220
87,2,1,4,3,128,1,0,0.000286,315
88,2,1,4,3,128,2,0,0.000277,284
89,2,1,4,4,512,1,0,3.90E-05,91
90,2,1,4,4,512,2,0,3.90E-05,91
91,2,1,4,4,256,1,0,3.70E-05,150
92,2,1,4,4,256,2,0,3.70E-05,150
93,2,1,4,4,128,1,0,4.60E-05,222
94,2,1,4,4,128,2,0,4.60E-05,222
95,2,2,1,1,512,1,0,0.000148,142
96,2,2,1,1,512,2,0,0.000144,146
97,2,2,1,1,256,1,0,0.000153,204
98,2,2,1,1,256,2,0,0.000145,201
99,2,2,1,1,128,1,0,0.000176,252
100,2,2,1,1,128,2,0,0.000174,280
101,2,2,1,2,512,1,0,0.000146,129
102,2,2,1,2,512,2,0,0.000146,129
103,2,2,1,2,256,1,0,0.000138,196
104,2,2,1,2,256,2,0,0.000138,196
105,2,2,1,2,128,1,0,0.000159,248
106,2,2,1,2,128,2,0,0.000159,248
107,2,2,1,3,512,1,0,0.000243,174
108,2,2,1,3,512,2,0,0.000243,174
109,2,2,1,3,256,1,0,0.000261,255
110,2,2,1,3,256,2,0,0.000261,255
111,2,2,1,3,128,1,0,0.000273,295
112,2,2,1,3,128,2,0,0.000262,275
113,2,2,1,4,512,1,0,3.70E-05,147
114,2,2,1,4,512,2,0,3.70E-05,147
115,2,2,1,4,256,1,0,3.60E-05,238
116,2,2,1,4,256,2,0,3.60E-05,238
117,2,2,1,4,128,1,0,4.00E-05,325
118,2,2,1,4,128,2,0,4.00E-05,325
119,2,2,2,1,512,1,0,0.000148,142
120,2,2,2,1,512,2,0,0.000144,146
121,2,2,2,1,256,1,0,0.000153,204
122,2,2,2,1,256,2,0,0.000145,201
123,2,2,2,1,128,1,0,0.000176,252
124,2,2,2,1,128,2,0,0.000174,280
125,2,2,2,2,512,1,0,0.000146,129
126,2,2,2,2,512,2,0,0.000146,129
127,2,2,2,2,256,1,0,0.000138,196
128,2,2,2,2,256,2,0,0.000138,196
129,2,2,2,2,128,1,0,0.000159,248
130,2,2,2,2,128,2,0,0.000159,248
131,2,2,2,3,512,1,0,0.000243,174
132,2,2,2,3,512,2,0,0.000243,174
133,2,2,2,3,256,1,0,0.000261,255
134,2,2,2,3,256,2,0,0.000261,255
135,2,2,2,3,128,1,0,0.000273,295
136,2,2,2,3,128,2,0,0.000262,275
137,2,2,2,4,512,1,0,3.70E-05,147
138,2,2,2,4,512,2,0,3.70E-05,147
139,2,2,2,4,256,1,0,3.60E-05,238
140,2,2,2,4,256,2,0,3.60E-05,238
141,2,2,2,4,128,1,0,4.00E-05,325
142,2,2,2,4,128,2,0,4.00E-05,325
143,2,2,3,1,512,1,0,0.000148,142
144,2,2,3,1,512,2,0,0.000144,146
145,2,2,3,1,256,1,0,0.000153,204
146,2,2,3,1,256,2,0,0.000145,201
147,2,2,3,1,128,1,0,0.000176,252
148,2,2,3,1,128,2,0,0.000174,280
149,2,2,3,2,512,1,0,0.000146,129
150,2,2,3,2,512,2,0,0.000146,129
151,2,2,3,2,256,1,0,0.000138,196
152,2,2,3,2,256,2,0,0.000138,196
153,2,2,3,2,128,1,0,0.000159,248
154,2,2,3,2,128,2,0,0.000159,248
155,2,2,3,3,512,1,0,0.000243,174
156,2,2,3,3,512,2,0,0.000243,174
157,2,2,3,3,256,1,0,0.000261,255
158,2,2,3,3,256,2,0,0.000261,255
159,2,2,3,3,128,1,0,0.000273,295
160,2,2,3,3,128,2,0,0.000262,275
161,2,2,3,4,512,1,0,3.70E-05,147
162,2,2,3,4,512,2,0,3.70E-05,147
163,2,2,3,4,256,1,0,3.60E-05,238
164,2,2,3,4,256,2,0,3.60E-05,238
165,2,2,3,4,128,1,0,4.00E-05,325
166,2,2,3,4,128,2,0,4.00E-05,325
167,2,2,4,1,512,1,0,0.000148,142
168,2,2,4,1,512,2,0,0.000144,146
169,2,2,4,1,256,1,0,0.000153,204
170,2,2,4,1,256,2,0,0.000145,201
171,2,2,4,1,128,1,0,0.000176,252
172,2,2,4,1,128,2,0,0.000174,280
173,2,2,4,2,512,1,0,0.000146,129
174,2,2,4,2,512,2,0,0.000146,129
175,2,2,4,2,256,1,0,0.000138,196
176,2,2,4,2,256,2,0,0.000138,196
177,2,2,4,2,128,1,0,0.000159,248
178,2,2,4,2,128,2,0,0.000159,248
179,2,2,4,3,512,1,0,0.000243,174
180,2,2,4,3,512,2,0,0.000243,174
181,2,2,4,3,256,1,0,0.000261,255
182,2,2,4,3,256,2,0,0.000261,255
183,2,2,4,3,128,1,0,0.000273,295
184,2,2,4,3,128,2,0,0.000262,275
185,2,2,4,4,512,1,0,3.70E-05,147
186,2,2,4,4,512,2,0,3.70E-05,147
187,2,2,4,4,256,1,0,3.60E-05,238
188,2,2,4,4,256,2,0,3.60E-05,238
189,2,2,4,4,128,1,0,4.00E-05,325
190,2,2,4,4,128,2,0,4.00E-05,325
191,2,3,1,1,512,1,0,0.000139,141
192,2,3,1,1,512,2,0,0.000135,144
193,2,3,1,1,256,1,0,0.00019,217
194,2,3,1,1,256,2,0,0.000178,205
195,2,3,1,1,128,1,0,0.000188,334
196,2,3,1,1,128,2,0,0.000176,329
197,2,3,1,2,512,1,0,0.000152,158
198,2,3,1,2,512,2,0,0.000152,158
199,2,3,1,2,256,1,0,0.000167,219
200,2,3,1,2,256,2,0,0.000167,219
201,2,3,1,2,128,1,0,0.000183,367
202,2,3,1,2,128,2,0,0.000183,367
203,2,3,1,3,512,1,0,0.000296,230
204,2,3,1,3,512,2,0,0.000296,230
205,2,3,1,3,256,1,0,0.0003,321
206,2,3,1,3,256,2,0,0.0003,321
207,2,3,1,3,128,1,0,0.000291,403
208,2,3,1,3,128,2,0,0.000309,417
209,2,3,1,4,512,1,0,3.40E-05,163
210,2,3,1,4,512,2,0,3.40E-05,163
211,2,3,1,4,256,1,0,4.00E-05,251
212,2,3,1,4,256,2,0,4.00E-05,251
213,2,3,1,4,128,1,0,3.80E-05,390
214,2,3,1,4,128,2,0,3.80E-05,390
215,2,3,2,1,512,1,0,0.000139,141
216,2,3,2,1,512,2,0,0.000135,144
217,2,3,2,1,256,1,0,0.00019,217
218,2,3,2,1,256,2,0,0.000178,205
219,2,3,2,1,128,1,0,0.000188,334
220,2,3,2,1,128,2,0,0.000176,329
221,2,3,2,2,512,1,0,0.000152,158
222,2,3,2,2,512,2,0,0.000152,158
223,2,3,2,2,256,1,0,0.000167,219
224,2,3,2,2,256,2,0,0.000167,219
225,2,3,2,2,128,1,0,0.000183,367
226,2,3,2,2,128,2,0,0.000183,367
227,2,3,2,3,512,1,0,0.000296,230
228,2,3,2,3,512,2,0,0.000296,230
229,2,3,2,3,256,1,0,0.0003,321
230,2,3,2,3,256,2,0,0.0003,321
231,2,3,2,3,128,1,0,0.000291,403
232,2,3,2,3,128,2,0,0.000309,417
233,2,3,2,4,512,1,0,3.40E-05,163
234,2,3,2,4,512,2,0,3.40E-05,163
235,2,3,2,4,256,1,0,4.00E-05,251
236,2,3,2,4,256,2,0,4.00E-05,251
237,2,3,2,4,128,1,0,3.80E-05,390
238,2,3,2,4,128,2,0,3.80E-05,390
239,2,3,3,1,512,1,0,0.000139,141
240,2,3,3,1,512,2,0,0.000135,144
241,2,3,3,1,256,1,0,0.00019,217
242,2,3,3,1,256,2,0,0.000178,205
243,2,3,3,1,128,1,0,0.000188,334
244,2,3,3,1,128,2,0,0.000176,329
245,2,3,3,2,512,1,0,0.000152,158
246,2,3,3,2,512,2,0,0.000152,158
247,2,3,3,2,256,1,0,0.000167,219
248,2,3,3,2,256,2,0,0.000167,219
249,2,3,3,2,128,1,0,0.000183,367
250,2,3,3,2,128,2,0,0.000183,367
251,2,3,3,3,512,1,0,0.000296,230
252,2,3,3,3,512,2,0,0.000296,230
253,2,3,3,3,256,1,0,0.0003,321
254,2,3,3,3,256,2,0,0.0003,321
255,2,3,3,3,128,1,0,0.000291,403
256,2,3,3,3,128,2,0,0.000309,417
257,2,3,3,4,512,1,0,3.40E-05,163
258,2,3,3,4,512,2,0,3.40E-05,163
259,2,3,3,4,256,1,0,4.00E-05,251
260,2,3,3,4,256,2,0,4.00E-05,251
261,2,3,3,4,128,1,0,3.80E-05,390
262,2,3,3,4,128,2,0,3.80E-05,390
263,2,3,4,1,512,1,0,0.000139,141
264,2,3,4,1,512,2,0,0.000135,144
265,2,3,4,1,256,1,0,0.000184,220
266,2,3,4,1,256,2,0,0.000178,205
267,2,3,4,1,128,1,0,0.000188,334
268,2,3,4,1,128,2,0,0.000176,329
269,2,3,4,2,512,1,0,0.000152,158
270,2,3,4,2,512,2,0,0.000152,158
271,2,3,4,2,256,1,0,0.000167,219
272,2,3,4,2,256,2,0,0.000167,219
273,2,3,4,2,128,1,0,0.000183,367
274,2,3,4,2,128,2,0,0.000183,367
275,2,3,4,3,512,1,0,0.000296,230
276,2,3,4,3,512,2,0,0.000296,230
277,2,3,4,3,256,1,0,0.0003,321
278,2,3,4,3,256,2,0,0.000296,322
279,2,3,4,3,128,1,0,0.000291,403
280,2,3,4,3,128,2,0,0.000309,417
281,2,3,4,4,512,1,0,3.40E-05,163
282,2,3,4,4,512,2,0,3.40E-05,163
283,2,3,4,4,256,1,0,4.00E-05,251
284,2,3,4,4,256,2,0,4.00E-05,251
285,2,3,4,4,128,1,0,3.80E-05,390
286,2,3,4,4,128,2,0,3.80E-05,390
287,4,1,1,1,512,1,0,0.000146,119
288,4,1,1,1,512,2,0,0.000147,113
289,4,1,1,1,512,4,0,0.000153,93
290,4,1,1,1,256,1,0,0.000175,178
291,4,1,1,1,256,2,0,0.000171,171
292,4,1,1,1,256,4,0,0.000146,131
293,4,1,1,1,128,1,0,0.000226,236
294,4,1,1,1,128,2,0,0.000204,262
295,4,1,1,1,128,4,0,0.000204,193
296,4,1,1,2,512,1,0,0.00015,121
297,4,1,1,2,512,2,0,0.00015,121
298,4,1,1,2,512,4,0,0.000164,103
299,4,1,1,2,256,1,0,0.00018,193
300,4,1,1,2,256,2,0,0.00018,193
301,4,1,1,2,256,4,0,0.000173,183
302,4,1,1,2,128,1,0,0.000171,202
303,4,1,1,2,128,2,0,0.000171,202
304,4,1,1,2,128,4,0,0.000166,205
305,4,1,1,3,512,1,0,0.000246,148
306,4,1,1,3,512,2,0,0.000246,148
307,4,1,1,3,512,4,0,0.000256,131
308,4,1,1,3,256,1,0,0.00025,220
309,4,1,1,3,256,2,0,0.000253,220
310,4,1,1,3,256,4,0,0.000255,171
311,4,1,1,3,128,1,0,0.000286,315
312,4,1,1,3,128,2,0,0.000277,284
313,4,1,1,3,128,4,0,0.000261,256
314,4,1,1,4,512,1,0,3.90E-05,91
315,4,1,1,4,512,2,0,3.90E-05,91
316,4,1,1,4,512,4,0,4.80E-05,107
317,4,1,1,4,256,1,0,3.70E-05,150
318,4,1,1,4,256,2,0,3.70E-05,150
319,4,1,1,4,256,4,0,5.10E-05,187
320,4,1,1,4,128,1,0,4.60E-05,222
321,4,1,1,4,128,2,0,4.60E-05,222
322,4,1,1,4,128,4,0,5.90E-05,287
323,4,1,2,1,512,1,0,0.000146,119
324,4,1,2,1,512,2,0,0.000147,113
325,4,1,2,1,512,4,0,0.000153,93
326,4,1,2,1,256,1,0,0.000175,178
327,4,1,2,1,256,2,0,0.000171,171
328,4,1,2,1,256,4,0,0.000146,131
329,4,1,2,1,128,1,0,0.000226,236
330,4,1,2,1,128,2,0,0.000204,262
331,4,1,2,1,128,4,0,0.000204,193
332,4,1,2,2,512,1,0,0.00015,121
333,4,1,2,2,512,2,0,0.00015,121
334,4,1,2,2,512,4,0,0.000164,103
335,4,1,2,2,256,1,0,0.00018,193
336,4,1,2,2,256,2,0,0.00018,193
337,4,1,2,2,256,4,0,0.000173,183
338,4,1,2,2,128,1,0,0.000171,202
339,4,1,2,2,128,2,0,0.000171,202
340,4,1,2,2,128,4,0,0.000166,205
341,4,1,2,3,512,1,0,0.000246,148
342,4,1,2,3,512,2,0,0.000246,148
343,4,1,2,3,512,4,0,0.000256,131
344,4,1,2,3,256,1,0,0.000253,220
345,4,1,2,3,256,2,0,0.000253,220
346,4,1,2,3,256,4,0,0.000255,171
347,4,1,2,3,128,1,0,0.000286,315
348,4,1,2,3,128,2,0,0.000277,284
349,4,1,2,3,128,4,0,0.000261,256
350,4,1,2,4,512,1,0,3.90E-05,91
351,4,1,2,4,512,2,0,3.90E-05,91
352,4,1,2,4,512,4,0,4.80E-05,107
353,4,1,2,4,256,1,0,3.70E-05,150
354,4,1,2,4,256,2,0,3.70E-05,150
355,4,1,2,4,256,4,0,5.10E-05,187
356,4,1,2,4,128,1,0,4.60E-05,222
357,4,1,2,4,128,2,0,4.60E-05,222
358,4,1,2,4,128,4,0,5.90E-05,287
359,4,1,3,1,512,1,0,0.000146,119
360,4,1,3,1,512,2,0,0.000147,113
361,4,1,3,1,512,4,0,0.000153,93
362,4,1,3,1,256,1,0,0.000175,178
363,4,1,3,1,256,2,0,0.000171,171
364,4,1,3,1,256,4,0,0.000146,131
365,4,1,3,1,128,1,0,0.000226,236
366,4,1,3,1,128,2,0,0.000204,262
367,4,1,3,1,128,4,0,0.000204,193
368,4,1,3,2,512,1,0,0.00015,121
369,4,1,3,2,512,2,0,0.00015,121
370,4,1,3,2,512,4,0,0.000164,103
371,4,1,3,2,256,1,0,0.00018,193
372,4,1,3,2,256,2,0,0.00018,193
373,4,1,3,2,256,4,0,0.000173,183
374,4,1,3,2,128,1,0,0.000171,202
375,4,1,3,2,128,2,0,0.000171,202
376,4,1,3,2,128,4,0,0.000166,205
377,4,1,3,3,512,1,0,0.000246,148
378,4,1,3,3,512,2,0,0.000246,148
379,4,1,3,3,512,4,0,0.000256,131
380,4,1,3,3,256,1,0,0.000253,220
381,4,1,3,3,256,2,0,0.000253,220
382,4,1,3,3,256,4,0,0.000255,171
383,4,1,3,3,128,1,0,0.000286,315
384,4,1,3,3,128,2,0,0.000277,284
385,4,1,3,3,128,4,0,0.000261,256
386,4,1,3,4,512,1,0,3.90E-05,91
387,4,1,3,4,512,2,0,3.90E-05,91
388,4,1,3,4,512,4,0,4.80E-05,107
389,4,1,3,4,256,1,0,3.70E-05,150
390,4,1,3,4,256,2,0,3.70E-05,150
391,4,1,3,4,256,4,0,5.10E-05,187
392,4,1,3,4,128,1,0,4.60E-05,222
393,4,1,3,4,128,2,0,4.60E-05,222
394,4,1,3,4,128,4,0,5.90E-05,287
395,4,1,4,1,512,1,0,0.000146,119
396,4,1,4,1,512,2,0,0.000147,113
397,4,1,4,1,512,4,0,0.000153,93
398,4,1,4,1,256,1,0,0.000175,178
399,4,1,4,1,256,2,0,0.000171,171
400,4,1,4,1,256,4,0,0.000146,131
401,4,1,4,1,128,1,0,0.000226,236
402,4,1,4,1,128,2,0,0.000204,262
403,4,1,4,1,128,4,0,0.000204,193
404,4,1,4,2,512,1,0,0.00015,121
405,4,1,4,2,512,2,0,0.000153,118
406,4,1,4,2,512,4,0,0.000164,103
407,4,1,4,2,256,1,0,0.00018,193
408,4,1,4,2,256,2,0,0.00018,193
409,4,1,4,2,256,4,0,0.000173,183
410,4,1,4,2,128,1,0,0.000171,202
411,4,1,4,2,128,2,0,0.000171,202
412,4,1,4,2,128,4,0,0.000166,205
413,4,1,4,3,512,1,0,0.000246,148
414,4,1,4,3,512,2,0,0.000246,148
415,4,1,4,3,512,4,0,0.000256,131
416,4,1,4,3,256,1,0,0.000253,220
417,4,1,4,3,256,2,0,0.000253,220
418,4,1,4,3,256,4,0,0.000255,171
419,4,1,4,3,128,1,0,0.000286,315
420,4,1,4,3,128,4,0,0.000261,256
421,4,1,4,4,512,1,0,3.90E-05,91
422,4,1,4,4,512,2,0,3.90E-05,91
423,4,1,4,4,512,4,0,4.80E-05,107
424,4,1,4,4,256,1,0,3.80E-05,154
425,4,1,4,4,256,2,0,3.70E-05,150
426,4,1,4,4,256,4,0,5.10E-05,187
427,4,1,4,4,128,1,0,4.60E-05,222
428,4,1,4,4,128,2,0,4.60E-05,222
429,4,1,4,4,128,4,0,5.90E-05,287
430,4,2,1,1,512,1,0,0.000148,142
431,4,2,1,1,512,2,0,0.000144,146
432,4,2,1,1,512,4,0,0.000158,118
433,4,2,1,1,256,1,0,0.000153,204
434,4,2,1,1,256,2,0,0.000145,201
435,4,2,1,1,256,4,0,0.000137,137
436,4,2,1,1,128,1,0,0.000176,252
437,4,2,1,1,128,2,0,0.000174,280
438,4,2,1,1,128,4,0,0.000158,233
439,4,2,1,2,512,1,0,0.000146,129
440,4,2,1,2,512,2,0,0.000146,129
441,4,2,1,2,512,4,0,0.00015,115
442,4,2,1,2,256,1,0,0.000138,196
443,4,2,1,2,256,2,0,0.000138,196
444,4,2,1,2,256,4,0,0.000159,201
445,4,2,1,2,128,1,0,0.000159,248
446,4,2,1,2,128,2,0,0.000159,248
447,4,2,1,2,128,4,0,0.000158,279
448,4,2,1,3,512,1,0,0.000243,174
449,4,2,1,3,512,2,0,0.000243,174
450,4,2,1,3,512,4,0,0.000246,139
451,4,2,1,3,256,1,0,0.000261,255
452,4,2,1,3,256,2,0,0.000261,255
453,4,2,1,3,256,4,0,0.00025,198
454,4,2,1,3,128,1,0,0.000273,295
455,4,2,1,3,128,2,0,0.000262,275
456,4,2,1,3,128,4,0,0.000262,270
457,4,2,1,4,512,1,0,3.70E-05,147
458,4,2,1,4,512,2,0,3.70E-05,147
459,4,2,1,4,512,4,0,4.00E-05,152
460,4,2,1,4,256,1,0,3.60E-05,238
461,4,2,1,4,256,2,0,3.60E-05,238
462,4,2,1,4,256,4,0,4.20E-05,261
463,4,2,1,4,128,1,0,4.00E-05,325
464,4,2,1,4,128,2,0,4.00E-05,325
465,4,2,1,4,128,4,0,4.40E-05,348
466,4,2,2,1,512,1,0,0.000148,142
467,4,2,2,1,512,2,0,0.000144,146
468,4,2,2,1,512,4,0,0.000158,118
469,4,2,2,1,256,1,0,0.000153,204
470,4,2,2,1,256,2,0,0.000145,201
471,4,2,2,1,256,4,0,0.000137,137
472,4,2,2,1,128,1,0,0.000176,252
473,4,2,2,1,128,2,0,0.000174,280
474,4,2,2,1,128,4,0,0.000158,233
475,4,2,2,2,512,1,0,0.000146,129
476,4,2,2,2,512,2,0,0.000146,129
477,4,2,2,2,512,4,0,0.00015,115
478,4,2,2,2,256,1,0,0.000138,196
479,4,2,2,2,256,2,0,0.000138,196
480,4,2,2,2,256,4,0,0.000159,201
481,4,2,2,2,128,1,0,0.000159,248
482,4,2,2,2,128,2,0,0.000159,248
483,4,2,2,2,128,4,0,0.000158,279
484,4,2,2,3,512,1,0,0.000243,174
485,4,2,2,3,512,2,0,0.000243,174
486,4,2,2,3,512,4,0,0.000246,139
487,4,2,2,3,256,1,0,0.000261,255
488,4,2,2,3,256,2,0,0.000261,255
489,4,2,2,3,256,4,0,0.00025,198
490,4,2,2,3,128,1,0,0.000273,295
491,4,2,2,3,128,2,0,0.000262,275
492,4,2,2,3,128,4,0,0.000262,270
493,4,2,2,4,512,1,0,3.70E-05,147
494,4,2,2,4,512,2,0,3.70E-05,147
495,4,2,2,4,512,4,0,4.00E-05,152
496,4,2,2,4,256,1,0,3.60E-05,238
497,4,2,2,4,256,2,0,3.60E-05,238
498,4,2,2,4,256,4,0,4.20E-05,261
499,4,2,2,4,128,1,0,4.00E-05,325
500,4,2,2,4,128,2,0,4.00E-05,325
501,4,2,2,4,128,4,0,4.40E-05,348
502,4,2,3,1,512,1,0,0.000148,142
503,4,2,3,1,512,2,0,0.000144,146
504,4,2,3,1,512,4,0,0.000158,118
505,4,2,3,1,256,1,0,0.000153,204
506,4,2,3,1,256,2,0,0.000145,201
507,4,2,3,1,256,4,0,0.000137,137
508,4,2,3,1,128,1,0,0.000184,266
509,4,2,3,1,128,2,0,0.000174,280
510,4,2,3,1,128,4,0,0.000158,233
511,4,2,3,2,512,1,0,0.000146,129
512,4,2,3,2,512,2,0,0.000146,129
513,4,2,3,2,512,4,0,0.00015,115
514,4,2,3,2,256,1,0,0.000138,196
515,4,2,3,2,256,2,0,0.000138,196
516,4,2,3,2,256,4,0,0.000159,201
517,4,2,3,2,128,1,0,0.000159,248
518,4,2,3,2,128,2,0,0.000159,248
519,4,2,3,2,128,4,0,0.000158,279
520,4,2,3,3,512,1,0,0.000243,174
521,4,2,3,3,512,2,0,0.000243,174
522,4,2,3,3,512,4,0,0.000246,139
523,4,2,3,3,256,1,0,0.000261,255
524,4,2,3,3,256,2,0,0.000261,255
525,4,2,3,3,256,4,0,0.00025,198
526,4,2,3,3,128,1,0,0.000273,295
527,4,2,3,3,128,2,0,0.000262,275
528,4,2,3,3,128,4,0,0.000262,270
529,4,2,3,4,512,1,0,3.70E-05,147
530,4,2,3,4,512,2,0,3.70E-05,147
531,4,2,3,4,512,4,0,4.00E-05,152
532,4,2,3,4,256,1,0,3.60E-05,238
533,4,2,3,4,256,2,0,3.50E-05,241
534,4,2,3,4,256,4,0,4.20E-05,261
535,4,2,3,4,128,1,0,4.00E-05,325
536,4,2,3,4,128,2,0,4.00E-05,325
537,4,2,3,4,128,4,0,4.40E-05,348
538,4,2,4,1,512,1,0,0.000148,142
539,4,2,4,1,512,2,0,0.000144,146
540,4,2,4,1,512,4,0,0.000158,118
541,4,2,4,1,256,1,0,0.000153,204
542,4,2,4,1,256,2,0,0.000145,201
543,4,2,4,1,256,4,0,0.000137,137
544,4,2,4,1,128,1,0,0.000176,252
545,4,2,4,1,128,2,0,0.000174,280
546,4,2,4,1,128,4,0,0.000158,233
547,4,2,4,2,512,1,0,0.000146,129
548,4,2,4,2,512,2,0,0.000147,130
549,4,2,4,2,512,4,0,0.00015,115
550,4,2,4,2,256,1,0,0.000138,196
551,4,2,4,2,256,2,0,0.000138,196
552,4,2,4,2,256,4,0,0.000159,201
553,4,2,4,2,128,1,0,0.000159,248
554,4,2,4,2,128,2,0,0.000159,248
555,4,2,4,2,128,4,0,0.000158,279
556,4,2,4,3,512,1,0,0.000243,174
557,4,2,4,3,512,2,0,0.000243,174
558,4,2,4,3,512,4,0,0.000246,139
559,4,2,4,3,256,1,0,0.000261,255
560,4,2,4,3,256,2,0,0.000261,255
561,4,2,4,3,256,4,0,0.00025,198
562,4,2,4,3,128,1,0,0.000273,295
563,4,2,4,3,128,2,0,0.000262,275
564,4,2,4,3,128,4,0,0.000262,270
565,4,2,4,4,512,1,0,3.60E-05,150
566,4,2,4,4,512,2,0,3.70E-05,147
567,4,2,4,4,512,4,0,4.00E-05,152
568,4,2,4,4,256,1,0,3.60E-05,238
569,4,2,4,4,256,2,0,3.60E-05,238
570,4,2,4,4,256,4,0,4.20E-05,261
571,4,2,4,4,128,1,0,4.00E-05,325
572,4,2,4,4,128,2,0,4.00E-05,325
573,4,2,4,4,128,4,0,4.40E-05,348
574,4,3,1,1,512,1,0,0.000139,141
575,4,3,1,1,512,2,0,0.000135,144
576,4,3,1,1,512,4,0,0.000146,115
577,4,3,1,1,256,1,0,0.00019,217
578,4,3,1,1,256,2,0,0.000178,205
579,4,3,1,1,256,4,0,0.000184,203
580,4,3,1,1,128,1,0,0.000188,334
581,4,3,1,1,128,2,0,0.000176,329
582,4,3,1,1,128,4,0,0.000217,288
583,4,3,1,2,512,1,0,0.000152,158
584,4,3,1,2,512,2,0,0.000152,158
585,4,3,1,2,512,4,0,0.000138,147
586,4,3,1,2,256,1,0,0.000167,219
587,4,3,1,2,256,2,0,0.000167,219
588,4,3,1,2,256,4,0,0.000169,226
589,4,3,1,2,128,1,0,0.000183,367
590,4,3,1,2,128,2,0,0.000183,367
591,4,3,1,2,128,4,0,0.000172,357
592,4,3,1,3,512,1,0,0.000296,230
593,4,3,1,3,512,2,0,0.000296,230
594,4,3,1,3,512,4,0,0.000281,177
595,4,3,1,3,256,1,0,0.0003,321
596,4,3,1,3,256,2,0,0.0003,321
597,4,3,1,3,256,4,0,0.000305,245
598,4,3,1,3,128,1,0,0.000291,403
599,4,3,1,3,128,2,0,0.000309,417
600,4,3,1,3,128,4,0,0.000312,398
601,4,3,1,4,512,1,0,3.40E-05,163
602,4,3,1,4,512,2,0,3.40E-05,163
603,4,3,1,4,512,4,0,3.90E-05,165
604,4,3,1,4,256,1,0,4.00E-05,251
605,4,3,1,4,256,2,0,4.00E-05,251
606,4,3,1,4,256,4,0,4.00E-05,303
607,4,3,1,4,128,1,0,3.80E-05,390
608,4,3,1,4,128,2,0,3.80E-05,390
609,4,3,1,4,128,4,0,4.50E-05,449
610,4,3,2,1,512,1,0,0.000139,141
611,4,3,2,1,512,2,0,0.000135,144
612,4,3,2,1,512,4,0,0.000146,115
613,4,3,2,1,256,1,0,0.00019,217
614,4,3,2,1,256,2,0,0.000178,205
615,4,3,2,1,256,4,0,0.000184,203
616,4,3,2,1,128,1,0,0.000188,334
617,4,3,2,1,128,2,0,0.000176,329
618,4,3,2,1,128,4,0,0.000217,288
619,4,3,2,2,512,1,0,0.000152,158
620,4,3,2,2,512,2,0,0.000152,158
621,4,3,2,2,512,4,0,0.000138,147
622,4,3,2,2,256,1,0,0.000167,219
623,4,3,2,2,256,2,0,0.000167,219
624,4,3,2,2,256,4,0,0.000169,226
625,4,3,2,2,128,1,0,0.000183,367
626,4,3,2,2,128,2,0,0.000183,367
627,4,3,2,2,128,4,0,0.000172,357
628,4,3,2,3,512,1,0,0.000296,230
629,4,3,2,3,512,2,0,0.000296,230
630,4,3,2,3,512,4,0,0.000281,177
631,4,3,2,3,256,1,0,0.0003,321
632,4,3,2,3,256,2,0,0.0003,321
633,4,3,2,3,256,4,0,0.000305,245
634,4,3,2,3,128,1,0,0.000291,403
635,4,3,2,3,128,2,0,0.000309,417
636,4,3,2,3,128,4,0,0.000312,398
637,4,3,2,4,512,1,0,3.40E-05,163
638,4,3,2,4,512,2,0,3.40E-05,163
639,4,3,2,4,512,4,0,3.90E-05,165
640,4,3,2,4,256,1,0,4.00E-05,251
641,4,3,2,4,256,2,0,4.00E-05,251
642,4,3,2,4,256,4,0,4.00E-05,303
643,4,3,2,4,128,1,0,3.80E-05,390
644,4,3,2,4,128,2,0,3.80E-05,390
645,4,3,2,4,128,4,0,4.50E-05,449
646,4,3,3,1,512,1,0,0.000139,141
647,4,3,3,1,512,2,0,0.000135,144
648,4,3,3,1,512,4,0,0.000146,115
649,4,3,3,1,256,1,0,0.00019,217
650,4,3,3,1,256,2,0,0.000178,205
651,4,3,3,1,256,4,0,0.000184,203
652,4,3,3,1,128,1,0,0.000188,334
653,4,3,3,1,128,2,0,0.000176,329
654,4,3,3,1,128,4,0,0.000217,288
655,4,3,3,2,512,1,0,0.000152,158
656,4,3,3,2,512,2,0,0.000152,158
657,4,3,3,2,512,4,0,0.000138,147
658,4,3,3,2,256,1,0,0.000167,219
659,4,3,3,2,256,2,0,0.000167,219
660,4,3,3,2,256,4,0,0.000169,226
661,4,3,3,2,128,1,0,0.000183,367
662,4,3,3,2,128,2,0,0.000183,367
663,4,3,3,2,128,4,0,0.000172,357
664,4,3,3,3,512,1,0,0.000296,230
665,4,3,3,3,512,2,0,0.000296,230
666,4,3,3,3,512,4,0,0.000281,177
667,4,3,3,3,256,1,0,0.0003,321
668,4,3,3,3,256,2,0,0.0003,321
669,4,3,3,3,256,4,0,0.000305,245
670,4,3,3,3,128,1,0,0.000291,403
671,4,3,3,3,128,2,0,0.000309,417
672,4,3,3,3,128,4,0,0.000312,398
673,4,3,3,4,512,1,0,3.40E-05,163
674,4,3,3,4,512,2,0,3.40E-05,163
675,4,3,3,4,512,4,0,3.90E-05,165
676,4,3,3,4,256,1,0,4.00E-05,251
677,4,3,3,4,256,2,0,4.00E-05,251
678,4,3,3,4,256,4,0,4.00E-05,303
679,4,3,3,4,128,1,0,3.80E-05,390
680,4,3,3,4,128,2,0,3.80E-05,390
681,4,3,3,4,128,4,0,4.50E-05,449
682,4,3,4,1,512,1,0,0.000139,141
683,4,3,4,1,512,2,0,0.000135,144
684,4,3,4,1,512,4,0,0.000146,115
685,4,3,4,1,256,1,0,0.00019,217
686,4,3,4,1,256,2,0,0.000178,205
687,4,3,4,1,256,4,0,0.000184,203
688,4,3,4,1,128,1,0,0.000188,334
689,4,3,4,1,128,2,0,0.000176,329
690,4,3,4,1,128,4,0,0.000217,288
691,4,3,4,2,512,1,0,0.000152,158
692,4,3,4,2,512,2,0,0.000152,158
693,4,3,4,2,512,4,0,0.000138,147
694,4,3,4,2,256,1,0,0.000167,219
695,4,3,4,2,256,2,0,0.000167,219
696,4,3,4,2,256,4,0,0.000169,226
697,4,3,4,2,128,1,0,0.000183,367
698,4,3,4,2,128,2,0,0.000183,367
699,4,3,4,2,128,4,0,0.000172,357
700,4,3,4,3,512,1,0,0.000296,230
701,4,3,4,3,512,2,0,0.000296,230
702,4,3,4,3,512,4,0,0.000281,177
703,4,3,4,3,256,1,0,0.0003,321
704,4,3,4,3,256,2,0,0.0003,321
705,4,3,4,3,256,4,0,0.000305,245
706,4,3,4,3,128,1,0,0.000291,403
707,4,3,4,3,128,2,0,0.000309,417
708,4,3,4,3,128,4,0,0.000312,398
709,4,3,4,4,512,1,0,3.40E-05,163
710,4,3,4,4,512,2,0,3.40E-05,163
711,4,3,4,4,512,4,0,3.90E-05,165
712,4,3,4,4,256,1,0,4.00E-05,251
713,4,3,4,4,256,2,0,4.00E-05,251
714,4,3,4,4,256,4,0,4.00E-05,303
715,4,3,4,4,128,1,0,3.80E-05,390
716,4,3,4,4,128,2,0,3.80E-05,390
717,4,3,4,4,128,4,0,4.50E-05,449
718,8,1,1,1,512,1,0,0.000146,119
719,8,1,1,1,512,2,0,0.000147,113
720,8,1,1,1,512,4,0,0.000153,93
721,8,1,1,1,512,8,0,0.000153,93
722,8,1,1,1,256,1,0,0.000175,178
723,8,1,1,1,256,2,0,0.000171,171
724,8,1,1,1,256,4,0,0.000146,131
725,8,1,1,1,256,8,0,0.000146,131
726,8,1,1,1,128,1,0,0.000226,236
727,8,1,1,1,128,2,0,0.000204,262
728,8,1,1,1,128,4,0,0.000204,193
729,8,1,1,1,128,8,0,0.000204,193
730,8,1,1,2,512,1,0,0.00015,121
731,8,1,1,2,512,2,0,0.00015,121
732,8,1,1,2,512,4,0,0.000153,111
733,8,1,1,2,512,8,0,0.000164,103
734,8,1,1,2,256,1,0,0.00018,193
735,8,1,1,2,256,2,0,0.00018,193
736,8,1,1,2,256,4,0,0.000173,183
737,8,1,1,2,256,8,0,0.000173,183
738,8,1,1,2,128,1,0,0.000171,202
739,8,1,1,2,128,2,0,0.000171,202
740,8,1,1,2,128,4,0,0.000166,205
741,8,1,1,2,128,8,0,0.000166,205
742,8,1,1,3,512,1,0,0.000246,148
743,8,1,1,3,512,2,0,0.000246,148
744,8,1,1,3,512,4,0,0.000256,131
745,8,1,1,3,512,8,0,0.000256,131
746,8,1,1,3,256,1,0,0.000253,220
747,8,1,1,3,256,2,0,0.000253,220
748,8,1,1,3,256,4,0,0.000255,171
749,8,1,1,3,256,8,0,0.000255,171
750,8,1,1,3,128,1,0,0.000286,315
751,8,1,1,3,128,2,0,0.000277,284
752,8,1,1,3,128,4,0,0.000261,256
753,8,1,1,3,128,8,0,0.000261,256
754,8,1,1,4,512,1,0,3.90E-05,91
755,8,1,1,4,512,2,0,3.90E-05,91
756,8,1,1,4,512,4,0,4.80E-05,107
757,8,1,1,4,512,8,0,4.80E-05,107
758,8,1,1,4,256,1,0,3.70E-05,150
759,8,1,1,4,256,2,0,3.70E-05,150
760,8,1,1,4,256,4,0,5.10E-05,187
761,8,1,1,4,256,8,0,5.10E-05,187
762,8,1,1,4,128,1,0,4.60E-05,222
763,8,1,1,4,128,2,0,4.60E-05,222
764,8,1,1,4,128,4,0,5.90E-05,287
765,8,1,1,4,128,8,0,5.90E-05,287
766,8,1,2,1,512,1,0,0.000146,119
767,8,1,2,1,512,2,0,0.000147,113
768,8,1,2,1,512,4,0,0.000153,93
769,8,1,2,1,512,8,0,0.000153,93
770,8,1,2,1,256,1,0,0.000175,178
771,8,1,2,1,256,2,0,0.000171,171
772,8,1,2,1,256,4,0,0.000146,131
773,8,1,2,1,256,8,0,0.000146,131
774,8,1,2,1,128,1,0,0.000226,236
775,8,1,2,1,128,2,0,0.000204,262
776,8,1,2,1,128,4,0,0.000204,193
777,8,1,2,1,128,8,0,0.000204,193
778,8,1,2,2,512,1,0,0.00015,121
779,8,1,2,2,512,2,0,0.00015,121
780,8,1,2,2,512,4,0,0.000164,103
781,8,1,2,2,512,8,0,0.000164,103
782,8,1,2,2,256,1,0,0.00018,193
783,8,1,2,2,256,2,0,0.00018,193
784,8,1,2,2,256,4,0,0.000173,183
785,8,1,2,2,256,8,0,0.000173,183
786,8,1,2,2,128,1,0,0.000171,202
787,8,1,2,2,128,2,0,0.000171,202
788,8,1,2,2,128,4,0,0.000166,205
789,8,1,2,2,128,8,0,0.000166,205
790,8,1,2,3,512,1,0,0.000246,148
791,8,1,2,3,512,2,0,0.000246,148
792,8,1,2,3,512,4,0,0.000256,131
793,8,1,2,3,512,8,0,0.000256,131
794,8,1,2,3,256,1,0,0.000253,220
795,8,1,2,3,256,2,0,0.000253,220
796,8,1,2,3,256,4,0,0.000255,171
797,8,1,2,3,256,8,0,0.000255,171
798,8,1,2,3,128,1,0,0.000286,315
799,8,1,2,3,128,2,0,0.000277,284
800,8,1,2,3,128,4,0,0.000261,256
801,8,1,2,3,128,8,0,0.000261,256
802,8,1,2,4,512,1,0,3.90E-05,91
803,8,1,2,4,512,2,0,3.90E-05,91
804,8,1,2,4,512,4,0,4.80E-05,107
805,8,1,2,4,512,8,0,4.80E-05,107
806,8,1,2,4,256,1,0,3.70E-05,150
807,8,1,2,4,256,2,0,3.70E-05,150
808,8,1,2,4,256,4,0,5.10E-05,187
809,8,1,2,4,256,8,0,5.10E-05,187
810,8,1,2,4,128,1,0,4.60E-05,222
811,8,1,2,4,128,2,0,4.60E-05,222
812,8,1,2,4,128,4,0,5.90E-05,287
813,8,1,2,4,128,8,0,5.90E-05,287
814,8,1,3,1,512,1,0,0.000146,119
815,8,1,3,1,512,2,0,0.000147,113
816,8,1,3,1,512,4,0,0.000153,93
817,8,1,3,1,512,8,0,0.000153,93
818,8,1,3,1,256,1,0,0.000175,178
819,8,1,3,1,256,2,0,0.000171,171
820,8,1,3,1,256,4,0,0.000146,131
821,8,1,3,1,256,8,0,0.000146,131
822,8,1,3,1,128,1,0,0.000226,236
823,8,1,3,1,128,2,0,0.000204,262
824,8,1,3,1,128,4,0,0.000204,193
825,8,1,3,1,128,8,0,0.000204,193
826,8,1,3,2,512,1,0,0.00015,121
827,8,1,3,2,512,2,0,0.00015,121
828,8,1,3,2,512,4,0,0.000164,103
829,8,1,3,2,512,8,0,0.000164,103
830,8,1,3,2,256,1,0,0.00018,193
831,8,1,3,2,256,2,0,0.00018,193
832,8,1,3,2,256,4,0,0.000173,183
833,8,1,3,2,256,8,0,0.000173,183
834,8,1,3,2,128,1,0,0.000171,202
835,8,1,3,2,128,2,0,0.000171,202
836,8,1,3,2,128,4,0,0.000166,205
837,8,1,3,2,128,8,0,0.000166,205
838,8,1,3,3,512,1,0,0.000246,148
839,8,1,3,3,512,2,0,0.000246,148
840,8,1,3,3,512,4,0,0.000256,131
841,8,1,3,3,512,8,0,0.000256,131
842,8,1,3,3,256,1,0,0.000253,220
843,8,1,3,3,256,2,0,0.000253,220
844,8,1,3,3,256,4,0,0.000255,171
845,8,1,3,3,256,8,0,0.000255,171
846,8,1,3,3,128,1,0,0.000286,315
847,8,1,3,3,128,2,0,0.000277,284
848,8,1,3,3,128,4,0,0.000261,256
849,8,1,3,3,128,8,0,0.000261,256
850,8,1,3,4,512,1,0,3.90E-05,91
851,8,1,3,4,512,2,0,3.90E-05,91
852,8,1,3,4,512,4,0,4.80E-05,107
853,8,1,3,4,512,8,0,4.80E-05,107
854,8,1,3,4,256,1,0,3.70E-05,150
855,8,1,3,4,256,2,0,3.70E-05,150
856,8,1,3,4,256,4,0,5.10E-05,187
857,8,1,3,4,256,8,0,5.10E-05,187
858,8,1,3,4,128,1,0,4.60E-05,222
859,8,1,3,4,128,2,0,4.60E-05,222
860,8,1,3,4,128,4,0,5.90E-05,287
861,8,1,3,4,128,8,0,5.90E-05,287
862,8,1,4,1,512,1,0,0.000146,119
863,8,1,4,1,512,2,0,0.000147,113
864,8,1,4,1,512,4,0,0.000153,93
865,8,1,4,1,512,8,0,0.000153,93
866,8,1,4,1,256,1,0,0.000175,178
867,8,1,4,1,256,2,0,0.000171,171
868,8,1,4,1,256,4,0,0.000146,131
869,8,1,4,1,256,8,0,0.000146,131
870,8,1,4,1,128,1,0,0.000226,236
871,8,1,4,1,128,2,0,0.000204,262
872,8,1,4,1,128,4,0,0.000204,193
873,8,1,4,1,128,8,0,0.000204,193
874,8,1,4,2,512,1,0,0.00015,121
875,8,1,4,2,512,2,0,0.00015,121
876,8,1,4,2,512,4,0,0.000164,103
877,8,1,4,2,512,8,0,0.000164,103
878,8,1,4,2,256,1,0,0.00018,193
879,8,1,4,2,256,2,0,0.00018,193
880,8,1,4,2,256,4,0,0.000173,183
881,8,1,4,2,256,8,0,0.000173,183
882,8,1,4,2,128,1,0,0.000171,202
883,8,1,4,2,128,2,0,0.000171,202
884,8,1,4,2,128,4,0,0.000166,205
885,8,1,4,2,128,8,0,0.000166,205
886,8,1,4,3,512,1,0,0.000246,148
887,8,1,4,3,512,2,0,0.000246,148
888,8,1,4,3,512,4,0,0.000256,131
889,8,1,4,3,512,8,0,0.000256,131
890,8,1,4,3,256,1,0,0.000253,220
891,8,1,4,3,256,2,0,0.000253,220
892,8,1,4,3,256,4,0,0.000255,171
893,8,1,4,3,256,8,0,0.000255,171
894,8,1,4,3,128,1,0,0.000286,315
895,8,1,4,3,128,2,0,0.000277,284
896,8,1,4,3,128,4,0,0.000261,256
897,8,1,4,3,128,8,0,0.000261,256
898,8,1,4,4,512,1,0,3.90E-05,91
899,8,1,4,4,512,2,0,3.90E-05,91
900,8,1,4,4,512,4,0,4.80E-05,107
901,8,1,4,4,512,8,0,4.80E-05,107
902,8,1,4,4,256,1,0,3.70E-05,150
903,8,1,4,4,256,2,0,3.70E-05,150
904,8,1,4,4,256,4,0,5.10E-05,187
905,8,1,4,4,256,8,0,5.10E-05,187
906,8,1,4,4,128,1,0,4.60E-05,222
907,8,1,4,4,128,2,0,4.60E-05,222
908,8,1,4,4,128,4,0,5.90E-05,287
909,8,1,4,4,128,8,0,5.90E-05,287
910,8,2,1,1,512,1,0,0.000148,142
911,8,2,1,1,512,2,0,0.000144,146
912,8,2,1,1,512,4,0,0.000158,118
913,8,2,1,1,512,8,0,0.000158,118
914,8,2,1,1,256,1,0,0.000153,204
915,8,2,1,1,256,2,0,0.000145,201
916,8,2,1,1,256,4,0,0.000148,135
917,8,2,1,1,256,8,0,0.000137,137
918,8,2,1,1,128,1,0,0.000176,252
919,8,2,1,1,128,2,0,0.000174,280
920,8,2,1,1,128,4,0,0.000158,233
921,8,2,1,1,128,8,0,0.000158,233
922,8,2,1,2,512,1,0,0.000146,129
923,8,2,1,2,512,2,0,0.000146,129
924,8,2,1,2,512,4,0,0.00015,115
925,8,2,1,2,512,8,0,0.00015,115
926,8,2,1,2,256,1,0,0.000138,196
927,8,2,1,2,256,2,0,0.000138,196
928,8,2,1,2,256,4,0,0.000159,201
929,8,2,1,2,256,8,0,0.000159,201
930,8,2,1,2,128,1,0,0.000159,248
931,8,2,1,2,128,2,0,0.000159,248
932,8,2,1,2,128,4,0,0.000158,279
933,8,2,1,2,128,8,0,0.000158,279
934,8,2,1,3,512,1,0,0.000243,174
935,8,2,1,3,512,2,0,0.000243,174
936,8,2,1,3,512,4,0,0.000246,139
937,8,2,1,3,512,8,0,0.000246,139
938,8,2,1,3,256,1,0,0.000261,255
939,8,2,1,3,256,2,0,0.000261,255
940,8,2,1,3,256,4,0,0.00025,198
941,8,2,1,3,256,8,0,0.00025,198
942,8,2,1,3,128,1,0,0.000273,295
943,8,2,1,3,128,2,0,0.000262,275
944,8,2,1,3,128,4,0,0.000262,270
945,8,2,1,3,128,8,0,0.000262,270
946,8,2,1,4,512,1,0,3.70E-05,147
947,8,2,1,4,512,2,0,3.70E-05,147
948,8,2,1,4,512,4,0,4.00E-05,152
949,8,2,1,4,512,8,0,4.00E-05,152
950,8,2,1,4,256,1,0,3.60E-05,238
951,8,2,1,4,256,2,0,3.60E-05,238
952,8,2,1,4,256,4,0,4.20E-05,261
953,8,2,1,4,256,8,0,4.20E-05,261
954,8,2,1,4,128,1,0,4.00E-05,325
955,8,2,1,4,128,2,0,4.00E-05,325
956,8,2,1,4,128,4,0,4.40E-05,348
957,8,2,1,4,128,8,0,4.40E-05,348
958,8,2,2,1,512,1,0,0.000148,142
959,8,2,2,1,512,2,0,0.000144,146
960,8,2,2,1,512,4,0,0.000158,118
961,8,2,2,1,512,8,0,0.000158,118
962,8,2,2,1,256,1,0,0.000153,204
963,8,2,2,1,256,2,0,0.000145,201
964,8,2,2,1,256,4,0,0.000137,137
965,8,2,2,1,256,8,0,0.000137,137
966,8,2,2,1,128,1,0,0.000176,252
967,8,2,2,1,128,2,0,0.000174,280
968,8,2,2,1,128,4,0,0.000158,233
969,8,2,2,1,128,8,0,0.000158,233
970,8,2,2,2,512,1,0,0.000146,129
971,8,2,2,2,512,2,0,0.000146,129
972,8,2,2,2,512,4,0,0.00015,115
973,8,2,2,2,512,8,0,0.00015,115
974,8,2,2,2,256,1,0,0.000138,196
975,8,2,2,2,256,2,0,0.000138,196
976,8,2,2,2,256,4,0,0.000159,201
977,8,2,2,2,256,8,0,0.000159,201
978,8,2,2,2,128,1,0,0.000159,248
979,8,2,2,2,128,2,0,0.000159,248
980,8,2,2,2,128,4,0,0.000158,279
981,8,2,2,2,128,8,0,0.000158,279
982,8,2,2,3,512,1,0,0.000243,174
983,8,2,2,3,512,2,0,0.000243,174
984,8,2,2,3,512,4,0,0.000246,139
985,8,2,2,3,512,8,0,0.000246,139
986,8,2,2,3,256,1,0,0.000261,255
987,8,2,2,3,256,2,0,0.000261,255
988,8,2,2,3,256,4,0,0.00025,198
989,8,2,2,3,256,8,0,0.00025,198
990,8,2,2,3,128,1,0,0.000273,295
991,8,2,2,3,128,2,0,0.000262,275
992,8,2,2,3,128,4,0,0.000262,270
993,8,2,2,3,128,8,0,0.000262,270
994,8,2,2,4,512,1,0,3.70E-05,147
995,8,2,2,4,512,2,0,3.70E-05,147
996,8,2,2,4,512,4,0,4.00E-05,152
997,8,2,2,4,512,8,0,4.00E-05,152
998,8,2,2,4,256,1,0,3.60E-05,238
999,8,2,2,4,256,2,0,3.60E-05,238
1000,8,2,2,4,256,4,0,4.20E-05,261
1001,8,2,2,4,256,8,0,4.20E-05,261
1002,8,2,2,4,128,1,0,4.00E-05,325
1003,8,2,2,4,128,2,0,4.00E-05,325
1004,8,2,2,4,128,4,0,4.40E-05,348
1005,8,2,2,4,128,8,0,4.40E-05,348
1006,8,2,3,1,512,1,0,0.000148,142
1007,8,2,3,1,512,2,0,0.000144,146
1008,8,2,3,1,512,4,0,0.000158,118
1009,8,2,3,1,512,8,0,0.000158,118
1010,8,2,3,1,256,1,0,0.000153,204
1011,8,2,3,1,256,2,0,0.000145,201
1012,8,2,3,1,256,4,0,0.000137,137
1013,8,2,3,1,256,8,0,0.000137,137
1014,8,2,3,1,128,1,0,0.000176,252
1015,8,2,3,1,128,2,0,0.000174,280
1016,8,2,3,1,128,4,0,0.000158,233
1017,8,2,3,1,128,8,0,0.000158,233
1018,8,2,3,2,512,1,0,0.000146,129
1019,8,2,3,2,512,2,0,0.000147,130
1020,8,2,3,2,512,4,0,0.00015,115
1021,8,2,3,2,512,8,0,0.00015,115
1022,8,2,3,2,256,1,0,0.000138,196
1023,8,2,3,2,256,2,0,0.000138,196
1024,8,2,3,2,256,4,0,0.000159,201
1025,8,2,3,2,256,8,0,0.000159,201
1026,8,2,3,2,128,1,0,0.000159,248
1027,8,2,3,2,128,2,0,0.000159,248
1028,8,2,3,2,128,4,0,0.000158,279
1029,8,2,3,2,128,8,0,0.000158,279
1030,8,2,3,3,512,1,0,0.000243,174
1031,8,2,3,3,512,2,0,0.000243,174
1032,8,2,3,3,512,4,0,0.000246,139
1033,8,2,3,3,512,8,0,0.000246,139
1034,8,2,3,3,256,1,0,0.000261,255
1035,8,2,3,3,256,2,0,0.000261,255
1036,8,2,3,3,256,4,0,0.00025,198
1037,8,2,3,3,256,8,0,0.00025,198
1038,8,2,3,3,128,1,0,0.000273,295
1039,8,2,3,3,128,2,0,0.000262,275
1040,8,2,3,3,128,4,0,0.000264,269
1041,8,2,3,3,128,8,0,0.000262,270
1042,8,2,3,4,512,1,0,3.70E-05,147
1043,8,2,3,4,512,2,0,3.70E-05,147
1044,8,2,3,4,512,4,0,4.00E-05,152
1045,8,2,3,4,512,8,0,4.00E-05,152
1046,8,2,3,4,256,1,0,3.60E-05,238
1047,8,2,3,4,256,2,0,3.60E-05,238
1048,8,2,3,4,256,4,0,4.20E-05,261
1049,8,2,3,4,256,8,0,4.20E-05,261
1050,8,2,3,4,128,1,0,4.00E-05,325
1051,8,2,3,4,128,2,0,4.00E-05,325
1052,8,2,3,4,128,4,0,4.40E-05,348
1053,8,2,3,4,128,8,0,4.40E-05,348
1054,8,2,4,1,512,1,0,0.000148,142
1055,8,2,4,1,512,2,0,0.000144,146
1056,8,2,4,1,512,4,0,0.000158,118
1057,8,2,4,1,512,8,0,0.000158,118
1058,8,2,4,1,256,1,0,0.000153,204
1059,8,2,4,1,256,2,0,0.000145,201
1060,8,2,4,1,256,4,0,0.000137,137
1061,8,2,4,1,256,8,0,0.000137,137
1062,8,2,4,1,128,1,0,0.000176,252
1063,8,2,4,1,128,2,0,0.000174,280
1064,8,2,4,1,128,4,0,0.000158,233
1065,8,2,4,1,128,8,0,0.000158,233
1066,8,2,4,2,512,1,0,0.000146,129
1067,8,2,4,2,512,2,0,0.000146,129
1068,8,2,4,2,512,4,0,0.00015,115
1069,8,2,4,2,512,8,0,0.00015,115
1070,8,2,4,2,256,1,0,0.000138,196
1071,8,2,4,2,256,2,0,0.000138,196
1072,8,2,4,2,256,4,0,0.000159,201
1073,8,2,4,2,256,8,0,0.000159,201
1074,8,2,4,2,128,1,0,0.000159,248
1075,8,2,4,2,128,2,0,0.000159,248
1076,8,2,4,2,128,4,0,0.000158,279
1077,8,2,4,2,128,8,0,0.000158,279
1078,8,2,4,3,512,1,0,0.000243,174
1079,8,2,4,3,512,2,0,0.000243,174
1080,8,2,4,3,512,4,0,0.000246,139
1081,8,2,4,3,512,8,0,0.000246,139
1082,8,2,4,3,256,1,0,0.000261,255
1083,8,2,4,3,256,2,0,0.000261,255
1084,8,2,4,3,256,4,0,0.00025,198
1085,8,2,4,3,256,8,0,0.00025,198
1086,8,2,4,3,128,1,0,0.000273,295
1087,8,2,4,3,128,2,0,0.000262,275
1088,8,2,4,3,128,4,0,0.000262,270
1089,8,2,4,3,128,8,0,0.000262,270
1090,8,2,4,4,512,1,0,3.70E-05,147
1091,8,2,4,4,512,2,0,3.70E-05,147
1092,8,2,4,4,512,4,0,4.00E-05,152
1093,8,2,4,4,512,8,0,4.00E-05,152
1094,8,2,4,4,256,1,0,3.60E-05,238
1095,8,2,4,4,256,2,0,3.60E-05,238
1096,8,2,4,4,256,4,0,4.20E-05,261
1097,8,2,4,4,256,8,0,4.20E-05,261
1098,8,2,4,4,128,1,0,4.00E-05,325
1099,8,2,4,4,128,2,0,4.00E-05,325
1100,8,2,4,4,128,4,0,4.40E-05,348
1101,8,2,4,4,128,8,0,4.40E-05,348
1102,8,3,1,1,512,1,0,0.000139,141
1103,8,3,1,1,512,2,0,0.000135,144
1104,8,3,1,1,512,4,0,0.000146,115
1105,8,3,1,1,512,8,0,0.000146,115
1106,8,3,1,1,256,1,0,0.00019,217
1107,8,3,1,1,256,2,0,0.000178,205
1108,8,3,1,1,256,4,0,0.000184,203
1109,8,3,1,1,256,8,0,0.000184,203
1110,8,3,1,1,128,1,0,0.000188,334
1111,8,3,1,1,128,2,0,0.000176,329
1112,8,3,1,1,128,4,0,0.000217,288
1113,8,3,1,1,128,8,0,0.000217,288
1114,8,3,1,2,512,1,0,0.000152,158
1115,8,3,1,2,512,2,0,0.000152,158
1116,8,3,1,2,512,4,0,0.000138,147
1117,8,3,1,2,512,8,0,0.000138,147
1118,8,3,1,2,256,1,0,0.000167,219
1119,8,3,1,2,256,2,0,0.000167,219
1120,8,3,1,2,256,4,0,0.000169,226
1121,8,3,1,2,256,8,0,0.000169,226
1122,8,3,1,2,128,1,0,0.000183,367
1123,8,3,1,2,128,2,0,0.000183,367
1124,8,3,1,2,128,4,0,0.000172,357
1125,8,3,1,2,128,8,0,0.000172,357
1126,8,3,1,3,512,1,0,0.000296,230
1127,8,3,1,3,512,2,0,0.000296,230
1128,8,3,1,3,512,4,0,0.000281,177
1129,8,3,1,3,512,8,0,0.000281,177
1130,8,3,1,3,256,1,0,0.0003,321
1131,8,3,1,3,256,2,0,0.0003,321
1132,8,3,1,3,256,4,0,0.000305,245
1133,8,3,1,3,256,8,0,0.000305,245
1134,8,3,1,3,128,1,0,0.000291,403
1135,8,3,1,3,128,2,0,0.000309,417
1136,8,3,1,3,128,4,0,0.000312,398
1137,8,3,1,3,128,8,0,0.000312,398
1138,8,3,1,4,512,1,0,3.40E-05,163
1139,8,3,1,4,512,2,0,3.40E-05,163
1140,8,3,1,4,512,4,0,3.90E-05,165
1141,8,3,1,4,512,8,0,3.90E-05,165
1142,8,3,1,4,256,1,0,4.00E-05,251
1143,8,3,1,4,256,2,0,4.00E-05,251
1144,8,3,1,4,256,4,0,4.00E-05,303
1145,8,3,1,4,256,8,0,4.00E-05,303
1146,8,3,1,4,128,1,0,3.80E-05,390
1147,8,3,1,4,128,2,0,3.80E-05,390
1148,8,3,1,4,128,4,0,4.50E-05,449
1149,8,3,1,4,128,8,0,4.50E-05,449
1150,8,3,2,1,512,1,0,0.000139,141
1151,8,3,2,1,512,2,0,0.000135,144
1152,8,3,2,1,512,4,0,0.000146,115
1153,8,3,2,1,512,8,0,0.000146,115
1154,8,3,2,1,256,1,0,0.00019,217
1155,8,3,2,1,256,2,0,0.000178,205
1156,8,3,2,1,256,4,0,0.000184,203
1157,8,3,2,1,256,8,0,0.000184,203
1158,8,3,2,1,128,1,0,0.000188,334
1159,8,3,2,1,128,2,0,0.000176,329
1160,8,3,2,1,128,4,0,0.000218,279
1161,8,3,2,1,128,8,0,0.000217,288
1162,8,3,2,2,512,1,0,0.000152,158
1163,8,3,2,2,512,2,0,0.000152,158
1164,8,3,2,2,512,4,0,0.000138,147
1165,8,3,2,2,512,8,0,0.000138,147
1166,8,3,2,2,256,1,0,0.000167,219
1167,8,3,2,2,256,2,0,0.000167,219
1168,8,3,2,2,256,4,0,0.000169,226
1169,8,3,2,2,256,8,0,0.000169,226
1170,8,3,2,2,128,1,0,0.000183,367
1171,8,3,2,2,128,2,0,0.000183,367
1172,8,3,2,2,128,4,0,0.000172,357
1173,8,3,2,2,128,8,0,0.000172,357
1174,8,3,2,3,512,1,0,0.000296,230
1175,8,3,2,3,512,2,0,0.000296,230
1176,8,3,2,3,512,4,0,0.000281,177
1177,8,3,2,3,512,8,0,0.000281,177
1178,8,3,2,3,256,1,0,0.0003,321
1179,8,3,2,3,256,2,0,0.0003,321
1180,8,3,2,3,256,4,0,0.000305,245
1181,8,3,2,3,256,8,0,0.000305,245
1182,8,3,2,3,128,1,0,0.000291,403
1183,8,3,2,3,128,2,0,0.000309,417
1184,8,3,2,3,128,4,0,0.000312,398
1185,8,3,2,3,128,8,0,0.000312,398
1186,8,3,2,4,512,1,0,3.40E-05,163
1187,8,3,2,4,512,2,0,3.40E-05,163
1188,8,3,2,4,512,4,0,3.90E-05,165
1189,8,3,2,4,512,8,0,3.90E-05,165
1190,8,3,2,4,256,1,0,4.00E-05,251
1191,8,3,2,4,256,2,0,4.00E-05,251
1192,8,3,2,4,256,4,0,4.00E-05,303
1193,8,3,2,4,256,8,0,4.00E-05,303
1194,8,3,2,4,128,1,0,3.80E-05,390
1195,8,3,2,4,128,2,0,3.80E-05,390
1196,8,3,2,4,128,4,0,4.50E-05,449
1197,8,3,2,4,128,8,0,4.50E-05,449
1198,8,3,3,1,512,1,0,0.000139,141
1199,8,3,3,1,512,2,0,0.000135,144
1200,8,3,3,1,512,4,0,0.000146,115
1201,8,3,3,1,512,8,0,0.000146,115
1202,8,3,3,1,256,1,0,0.00019,217
1203,8,3,3,1,256,2,0,0.000178,205
1204,8,3,3,1,256,4,0,0.000184,203
1205,8,3,3,1,256,8,0,0.000184,203
1206,8,3,3,1,128,1,0,0.000188,334
1207,8,3,3,1,128,2,0,0.000176,329
1208,8,3,3,1,128,4,0,0.000217,288
1209,8,3,3,1,128,8,0,0.000217,288
1210,8,3,3,2,512,1,0,0.000152,158
1211,8,3,3,2,512,2,0,0.000152,158
1212,8,3,3,2,512,4,0,0.000138,147
1213,8,3,3,2,512,8,0,0.000138,147
1214,8,3,3,2,256,1,0,0.000167,219
1215,8,3,3,2,256,2,0,0.000167,219
1216,8,3,3,2,256,4,0,0.000169,226
1217,8,3,3,2,256,8,0,0.000169,226
1218,8,3,3,2,128,1,0,0.000183,367
1219,8,3,3,2,128,2,0,0.000183,367
1220,8,3,3,2,128,4,0,0.000172,357
1221,8,3,3,2,128,8,0,0.000172,357
1222,8,3,3,3,512,1,0,0.000296,230
1223,8,3,3,3,512,2,0,0.000296,230
1224,8,3,3,3,512,4,0,0.000281,177
1225,8,3,3,3,512,8,0,0.000287,181
1226,8,3,3,3,256,1,0,0.0003,321
1227,8,3,3,3,256,2,0,0.0003,321
1228,8,3,3,3,256,4,0,0.000305,245
1229,8,3,3,3,256,8,0,0.000305,245
1230,8,3,3,3,128,1,0,0.000291,403
1231,8,3,3,3,128,2,0,0.000309,420
1232,8,3,3,3,128,4,0,0.000312,398
1233,8,3,3,3,128,8,0,0.000312,398
1234,8,3,3,4,512,1,0,3.40E-05,163
1235,8,3,3,4,512,2,0,3.40E-05,163
1236,8,3,3,4,512,4,0,3.90E-05,165
1237,8,3,3,4,512,8,0,3.90E-05,165
1238,8,3,3,4,256,1,0,4.00E-05,251
1239,8,3,3,4,256,2,0,4.00E-05,251
1240,8,3,3,4,256,4,0,4.00E-05,303
1241,8,3,3,4,256,8,0,4.00E-05,303
1242,8,3,3,4,128,1,0,3.80E-05,390
1243,8,3,3,4,128,2,0,3.80E-05,390
1244,8,3,3,4,128,4,0,4.50E-05,449
1245,8,3,3,4,128,8,0,4.50E-05,449
1246,8,3,4,1,512,1,0,0.000139,141
1247,8,3,4,1,512,2,0,0.000135,144
1248,8,3,4,1,512,4,0,0.000146,115
1249,8,3,4,1,512,8,0,0.000146,115
1250,8,3,4,1,256,1,0,0.00019,217
1251,8,3,4,1,256,2,0,0.000178,205
1252,8,3,4,1,256,4,0,0.000184,203
1253,8,3,4,1,256,8,0,0.000184,203
1254,8,3,4,1,128,1,0,0.000188,334
1255,8,3,4,1,128,2,0,0.000176,329
1256,8,3,4,1,128,4,0,0.000217,288
1257,8,3,4,1,128,8,0,0.000217,288
1258,8,3,4,2,512,1,0,0.000152,158
1259,8,3,4,2,512,2,0,0.000152,158
1260,8,3,4,2,512,4,0,0.000138,147
1261,8,3,4,2,512,8,0,0.000138,147
1262,8,3,4,2,256,1,0,0.000167,219
1263,8,3,4,2,256,2,0,0.000167,219
1264,8,3,4,2,256,4,0,0.000169,226
1265,8,3,4,2,256,8,0,0.000169,226
1266,8,3,4,2,128,1,0,0.000183,367
1267,8,3,4,2,128,2,0,0.000183,367
1268,8,3,4,2,128,4,0,0.000172,357
1269,8,3,4,2,128,8,0,0.000172,357
1270,8,3,4,3,512,1,0,0.000296,230
1271,8,3,4,3,512,2,0,0.000296,230
1272,8,3,4,3,512,4,0,0.000281,177
1273,8,3,4,3,512,8,0,0.000281,177
1274,8,3,4,3,256,1,0,0.0003,321
1275,8,3,4,3,256,2,0,0.0003,321
1276,8,3,4,3,256,4,0,0.000305,245
1277,8,3,4,3,256,8,0,0.000305,245
1278,8,3,4,3,128,1,0,0.000291,403
1279,8,3,4,3,128,2,0,0.000309,417
1280,8,3,4,3,128,4,0,0.000312,398
1281,8,3,4,3,128,8,0,0.000312,398
1282,8,3,4,4,512,1,0,3.40E-05,163
1283,8,3,4,4,512,2,0,3.40E-05,163
1284,8,3,4,4,512,4,0,3.90E-05,165
1285,8,3,4,4,512,8,0,3.90E-05,165
1286,8,3,4,4,256,1,0,4.00E-05,251
1287,8,3,4,4,256,2,0,4.00E-05,251
1288,8,3,4,4,256,4,0,4.00E-05,303
1289,8,3,4,4,256,8,0,4.00E-05,303
1290,8,3,4,4,128,1,0,3.80E-05,390
1291,8,3,4,4,128,2,0,3.80E-05,390
1292,8,3,4,4,128,4,0,4.50E-05,449
1293,8,3,4,4,128,8,0,4.50E-05,456
1294,16,1,1,1,512,1,0,0.000146,119
1295,16,1,1,1,512,2,0,0.000147,113
1296,16,1,1,1,512,4,0,0.000153,93
1297,16,1,1,1,512,8,0,0.000153,93
1298,16,1,1,1,512,16,0,0.000153,93
1299,16,1,1,1,256,1,0,0.000175,178
1300,16,1,1,1,256,2,0,0.000171,171
1301,16,1,1,1,256,4,0,0.000146,131
1302,16,1,1,1,256,8,0,0.000146,131
1303,16,1,1,1,256,16,0,0.000146,131
1304,16,1,1,1,128,1,0,0.000226,236
1305,16,1,1,1,128,2,0,0.000204,262
1306,16,1,1,1,128,4,0,0.000204,193
1307,16,1,1,1,128,8,0,0.000204,193
1308,16,1,1,1,128,16,0,0.000204,193
1309,16,1,1,2,512,1,0,0.00015,121
1310,16,1,1,2,512,2,0,0.00015,121
1311,16,1,1,2,512,4,0,0.000164,103
1312,16,1,1,2,512,8,0,0.000164,103
1313,16,1,1,2,512,16,0,0.000164,103
1314,16,1,1,2,256,1,0,0.00018,193
1315,16,1,1,2,256,2,0,0.00018,193
1316,16,1,1,2,256,4,0,0.000173,183
1317,16,1,1,2,256,8,0,0.000173,183
1318,16,1,1,2,256,16,0,0.000173,183
1319,16,1,1,2,128,1,0,0.000171,202
1320,16,1,1,2,128,2,0,0.000171,202
1321,16,1,1,2,128,4,0,0.000166,205
1322,16,1,1,2,128,8,0,0.000166,205
1323,16,1,1,2,128,16,0,0.000168,204
1324,16,1,1,3,512,1,0,0.000246,148
1325,16,1,1,3,512,2,0,0.000246,148
1326,16,1,1,3,512,4,0,0.000256,131
1327,16,1,1,3,512,8,0,0.000256,131
1328,16,1,1,3,512,16,0,0.000256,131
1329,16,1,1,3,256,1,0,0.000253,220
1330,16,1,1,3,256,2,0,0.000253,220
1331,16,1,1,3,256,4,0,0.000255,171
1332,16,1,1,3,256,8,0,0.000255,171
1333,16,1,1,3,256,16,0,0.000255,171
1334,16,1,1,3,128,1,0,0.000286,315
1335,16,1,1,3,128,2,0,0.000277,284
1336,16,1,1,3,128,4,0,0.000261,256
1337,16,1,1,3,128,8,0,0.000261,256
1338,16,1,1,3,128,16,0,0.000261,256
1339,16,1,1,4,512,1,0,3.90E-05,91
1340,16,1,1,4,512,2,0,3.90E-05,91
1341,16,1,1,4,512,4,0,4.80E-05,107
1342,16,1,1,4,512,8,0,4.80E-05,107
1343,16,1,1,4,512,16,0,4.80E-05,107
1344,16,1,1,4,256,1,0,3.70E-05,150
1345,16,1,1,4,256,2,0,3.70E-05,150
1346,16,1,1,4,256,4,0,5.10E-05,187
1347,16,1,1,4,256,8,0,5.10E-05,187
1348,16,1,1,4,256,16,0,5.10E-05,187
1349,16,1,1,4,128,1,0,4.60E-05,222
1350,16,1,1,4,128,2,0,4.60E-05,222
1351,16,1,1,4,128,4,0,5.90E-05,287
1352,16,1,1,4,128,8,0,5.90E-05,287
1353,16,1,1,4,128,16,0,5.90E-05,287
1354,16,1,2,1,512,1,0,0.000146,119
1355,16,1,2,1,512,2,0,0.000147,113
1356,16,1,2,1,512,4,0,0.000153,93
1357,16,1,2,1,512,8,0,0.000153,93
1358,16,1,2,1,512,16,0,0.000153,93
1359,16,1,2,1,256,1,0,0.000175,178
1360,16,1,2,1,256,2,0,0.000171,171
1361,16,1,2,1,256,4,0,0.000146,131
1362,16,1,2,1,256,8,0,0.000146,131
1363,16,1,2,1,256,16,0,0.000144,127
1364,16,1,2,1,128,1,0,0.000226,236
1365,16,1,2,1,128,2,0,0.000204,262
1366,16,1,2,1,128,4,0,0.000204,193
1367,16,1,2,1,128,8,0,0.000204,193
1368,16,1,2,1,128,16,0,0.000204,193
1369,16,1,2,2,512,1,0,0.00015,121
1370,16,1,2,2,512,2,0,0.00015,121
1371,16,1,2,2,512,4,0,0.000164,103
1372,16,1,2,2,512,8,0,0.000164,103
1373,16,1,2,2,512,16,0,0.000164,103
1374,16,1,2,2,256,1,0,0.00018,193
1375,16,1,2,2,256,2,0,0.00018,193
1376,16,1,2,2,256,4,0,0.000173,183
1377,16,1,2,2,256,8,0,0.000173,183
1378,16,1,2,2,256,16,0,0.000173,183
1379,16,1,2,2,128,1,0,0.000171,202
1380,16,1,2,2,128,2,0,0.000171,202
1381,16,1,2,2,128,4,0,0.000166,205
1382,16,1,2,2,128,8,0,0.000168,204
1383,16,1,2,2,128,16,0,0.000166,205
1384,16,1,2,3,512,1,0,0.000246,148
1385,16,1,2,3,512,2,0,0.000246,148
1386,16,1,2,3,512,4,0,0.000256,131
1387,16,1,2,3,512,8,0,0.000256,131
1388,16,1,2,3,512,16,0,0.000256,131
1389,16,1,2,3,256,1,0,0.000253,220
1390,16,1,2,3,256,2,0,0.000253,220
1391,16,1,2,3,256,4,0,0.000255,171
1392,16,1,2,3,256,8,0,0.000255,171
1393,16,1,2,3,256,16,0,0.000255,171
1394,16,1,2,3,128,1,0,0.000286,315
1395,16,1,2,3,128,2,0,0.000277,284
1396,16,1,2,3,128,4,0,0.000261,256
1397,16,1,2,3,128,8,0,0.000261,256
1398,16,1,2,3,128,16,0,0.000261,256
1399,16,1,2,4,512,1,0,3.90E-05,91
1400,16,1,2,4,512,2,0,3.90E-05,91
1401,16,1,2,4,512,4,0,4.80E-05,107
1402,16,1,2,4,512,8,0,4.80E-05,107
1403,16,1,2,4,512,16,0,4.80E-05,107
1404,16,1,2,4,256,1,0,3.70E-05,150
1405,16,1,2,4,256,2,0,3.70E-05,150
1406,16,1,2,4,256,4,0,5.10E-05,187
1407,16,1,2,4,256,8,0,5.10E-05,187
1408,16,1,2,4,256,16,0,5.10E-05,187
1409,16,1,2,4,128,1,0,4.60E-05,222
1410,16,1,2,4,128,2,0,4.60E-05,222
1411,16,1,2,4,128,4,0,5.90E-05,287
1412,16,1,2,4,128,8,0,5.90E-05,287
1413,16,1,2,4,128,16,0,5.90E-05,287
1414,16,1,3,1,512,1,0,0.000146,119
1415,16,1,3,1,512,2,0,0.000147,113
1416,16,1,3,1,512,4,0,0.000153,93
1417,16,1,3,1,512,8,0,0.000153,93
1418,16,1,3,1,512,16,0,0.000153,93
1419,16,1,3,1,256,1,0,0.000175,178
1420,16,1,3,1,256,2,0,0.000171,171
1421,16,1,3,1,256,4,0,0.000146,131
1422,16,1,3,1,256,8,0,0.000146,131
1423,16,1,3,1,256,16,0,0.000146,131
1424,16,1,3,1,128,1,0,0.000226,236
1425,16,1,3,1,128,2,0,0.000204,262
1426,16,1,3,1,128,4,0,0.000204,193
1427,16,1,3,1,128,8,0,0.000204,193
1428,16,1,3,1,128,16,0,0.000204,193
1429,16,1,3,2,512,1,0,0.00015,121
1430,16,1,3,2,512,2,0,0.00015,121
1431,16,1,3,2,512,4,0,0.000164,103
1432,16,1,3,2,512,8,0,0.000164,103
1433,16,1,3,2,512,16,0,0.000164,103
1434,16,1,3,2,256,1,0,0.00018,193
1435,16,1,3,2,256,2,0,0.00018,193
1436,16,1,3,2,256,4,0,0.000173,183
1437,16,1,3,2,256,8,0,0.000173,183
1438,16,1,3,2,256,16,0,0.000173,183
1439,16,1,3,2,128,1,0,0.000171,202
1440,16,1,3,2,128,2,0,0.000171,202
1441,16,1,3,2,128,4,0,0.000166,205
1442,16,1,3,2,128,8,0,0.000166,205
1443,16,1,3,2,128,16,0,0.000166,205
1444,16,1,3,3,512,1,0,0.000246,148
1445,16,1,3,3,512,2,0,0.000246,148
1446,16,1,3,3,512,4,0,0.000256,131
1447,16,1,3,3,512,8,0,0.000256,131
1448,16,1,3,3,512,16,0,0.000256,131
1449,16,1,3,3,256,1,0,0.000253,220
1450,16,1,3,3,256,2,0,0.000253,220
1451,16,1,3,3,256,4,0,0.000255,171
1452,16,1,3,3,256,8,0,0.000255,171
1453,16,1,3,3,256,16,0,0.000255,171
1454,16,1,3,3,128,1,0,0.000286,315
1455,16,1,3,3,128,2,0,0.000277,284
1456,16,1,3,3,128,4,0,0.000261,256
1457,16,1,3,3,128,8,0,0.000261,256
1458,16,1,3,4,512,1,0,3.90E-05,91
1459,16,1,3,4,512,2,0,3.90E-05,91
1460,16,1,3,4,512,4,0,4.80E-05,107
1461,16,1,3,4,512,8,0,4.80E-05,107
1462,16,1,3,4,512,16,0,4.80E-05,107
1463,16,1,3,4,256,1,0,3.70E-05,150
1464,16,1,3,4,256,2,0,3.70E-05,150
1465,16,1,3,4,256,4,0,5.10E-05,187
1466,16,1,3,4,256,8,0,5.10E-05,187
1467,16,1,3,4,256,16,0,5.10E-05,187
1468,16,1,3,4,128,1,0,4.60E-05,222
1469,16,1,3,4,128,2,0,4.60E-05,222
1470,16,1,3,4,128,4,0,5.90E-05,287
1471,16,1,3,4,128,8,0,5.90E-05,287
1472,16,1,3,4,128,16,0,5.80E-05,293
1473,16,1,4,1,512,1,0,0.000146,119
1474,16,1,4,1,512,2,0,0.000147,113
1475,16,1,4,1,512,4,0,0.000153,93
1476,16,1,4,1,512,8,0,0.000153,93
1477,16,1,4,1,512,16,0,0.000153,93
1478,16,1,4,1,256,1,0,0.000175,178
1479,16,1,4,1,256,2,0,0.000171,171
1480,16,1,4,1,256,4,0,0.000146,131
1481,16,1,4,1,256,8,0,0.000146,131
1482,16,1,4,1,256,16,0,0.000146,131
1483,16,1,4,1,128,1,0,0.000226,236
1484,16,1,4,1,128,2,0,0.000204,262
1485,16,1,4,1,128,4,0,0.000204,193
1486,16,1,4,1,128,8,0,0.000204,193
1487,16,1,4,1,128,16,0,0.000204,193
1488,16,1,4,2,512,1,0,0.00015,121
1489,16,1,4,2,512,2,0,0.00015,121
1490,16,1,4,2,512,4,0,0.000164,103
1491,16,1,4,2,512,8,0,0.000164,103
1492,16,1,4,2,512,16,0,0.000164,103
1493,16,1,4,2,256,1,0,0.00018,193
1494,16,1,4,2,256,2,0,0.00018,193
1495,16,1,4,2,256,4,0,0.000173,183
1496,16,1,4,2,256,8,0,0.000173,183
1497,16,1,4,2,256,16,0,0.000173,183
1498,16,1,4,2,128,1,0,0.000171,202
1499,16,1,4,2,128,2,0,0.000171,202
1500,16,1,4,2,128,4,0,0.000166,205
1501,16,1,4,2,128,8,0,0.000166,205
1502,16,1,4,2,128,16,0,0.000166,205
1503,16,1,4,3,512,1,0,0.000246,148
1504,16,1,4,3,512,2,0,0.000246,148
1505,16,1,4,3,512,4,0,0.000256,131
1506,16,1,4,3,512,8,0,0.000256,131
1507,16,1,4,3,512,16,0,0.000256,131
1508,16,1,4,3,256,1,0,0.000253,220
1509,16,1,4,3,256,2,0,0.000253,220
1510,16,1,4,3,256,4,0,0.000255,171
1511,16,1,4,3,256,8,0,0.000253,171
1512,16,1,4,3,256,16,0,0.000255,171
1513,16,1,4,3,128,1,0,0.000286,315
1514,16,1,4,3,128,2,0,0.000277,284
1515,16,1,4,3,128,4,0,0.000261,256
1516,16,1,4,3,128,8,0,0.000261,256
1517,16,1,4,3,128,16,0,0.000261,256
1518,16,1,4,4,512,1,0,3.90E-05,91
1519,16,1,4,4,512,2,0,3.90E-05,91
1520,16,1,4,4,512,4,0,4.80E-05,109
1521,16,1,4,4,512,8,0,4.80E-05,107
1522,16,1,4,4,512,16,0,4.80E-05,107
1523,16,1,4,4,256,1,0,3.70E-05,150
1524,16,1,4,4,256,2,0,3.70E-05,150
1525,16,1,4,4,256,4,0,5.10E-05,187
1526,16,1,4,4,256,8,0,5.10E-05,187
1527,16,1,4,4,256,16,0,5.10E-05,187
1528,16,1,4,4,128,1,0,4.60E-05,222
1529,16,1,4,4,128,2,0,4.60E-05,222
1530,16,1,4,4,128,4,0,5.90E-05,287
1531,16,1,4,4,128,8,0,5.90E-05,287
1532,16,1,4,4,128,16,0,5.90E-05,287
1533,16,2,1,1,512,1,0,0.000148,142
1534,16,2,1,1,512,2,0,0.000144,146
1535,16,2,1,1,512,4,0,0.000158,118
1536,16,2,1,1,512,8,0,0.000158,118
1537,16,2,1,1,512,16,0,0.000158,118
1538,16,2,1,1,256,1,0,0.000153,204
1539,16,2,1,1,256,2,0,0.000145,201
1540,16,2,1,1,256,4,0,0.000137,137
1541,16,2,1,1,256,8,0,0.000137,137
1542,16,2,1,1,256,16,0,0.000137,137
1543,16,2,1,1,128,1,0,0.000176,252
1544,16,2,1,1,128,2,0,0.000174,280
1545,16,2,1,1,128,4,0,0.000158,233
1546,16,2,1,1,128,8,0,0.000158,233
1547,16,2,1,1,128,16,0,0.000158,233
1548,16,2,1,2,512,1,0,0.000146,129
1549,16,2,1,2,512,2,0,0.000146,129
1550,16,2,1,2,512,4,0,0.00015,115
1551,16,2,1,2,512,8,0,0.00015,115
1552,16,2,1,2,512,16,0,0.00015,115
1553,16,2,1,2,256,1,0,0.000138,196
1554,16,2,1,2,256,2,0,0.000138,196
1555,16,2,1,2,256,4,0,0.000159,201
1556,16,2,1,2,256,8,0,0.000159,201
1557,16,2,1,2,256,16,0,0.000159,201
1558,16,2,1,2,128,1,0,0.000159,248
1559,16,2,1,2,128,2,0,0.000159,248
1560,16,2,1,2,128,4,0,0.000158,279
1561,16,2,1,2,128,8,0,0.000158,279
1562,16,2,1,2,128,16,0,0.000158,279
1563,16,2,1,3,512,1,0,0.000243,174
1564,16,2,1,3,512,2,0,0.000245,170
1565,16,2,1,3,512,4,0,0.000246,139
1566,16,2,1,3,512,8,0,0.000245,140
1567,16,2,1,3,512,16,0,0.000246,139
1568,16,2,1,3,256,1,0,0.000261,255
1569,16,2,1,3,256,2,0,0.000261,255
1570,16,2,1,3,256,4,0,0.00025,198
1571,16,2,1,3,256,8,0,0.00025,198
1572,16,2,1,3,256,16,0,0.00025,198
1573,16,2,1,3,128,1,0,0.000273,295
1574,16,2,1,3,128,2,0,0.000262,275
1575,16,2,1,3,128,4,0,0.000262,270
1576,16,2,1,3,128,16,0,0.000262,270
1577,16,2,1,4,512,1,0,3.70E-05,147
1578,16,2,1,4,512,2,0,3.70E-05,147
1579,16,2,1,4,512,4,0,4.00E-05,152
1580,16,2,1,4,512,8,0,4.00E-05,152
1581,16,2,1,4,512,16,0,4.00E-05,152
1582,16,2,1,4,256,1,0,3.60E-05,238
1583,16,2,1,4,256,2,0,3.60E-05,238
1584,16,2,1,4,256,4,0,4.20E-05,261
1585,16,2,1,4,256,8,0,4.20E-05,261
1586,16,2,1,4,256,16,0,4.20E-05,261
1587,16,2,1,4,128,1,0,4.00E-05,325
1588,16,2,1,4,128,2,0,4.00E-05,325
1589,16,2,1,4,128,4,0,4.40E-05,348
1590,16,2,1,4,128,8,0,4.40E-05,348
1591,16,2,1,4,128,16,0,4.40E-05,348
1592,16,2,2,1,512,1,0,0.000148,142
1593,16,2,2,1,512,2,0,0.000144,146
1594,16,2,2,1,512,4,0,0.000158,118
1595,16,2,2,1,512,8,0,0.000158,118
1596,16,2,2,1,512,16,0,0.000158,118
1597,16,2,2,1,256,1,0,0.000153,204
1598,16,2,2,1,256,2,0,0.000145,201
1599,16,2,2,1,256,4,0,0.000137,137
1600,16,2,2,1,256,8,0,0.000137,137
1601,16,2,2,1,256,16,0,0.000137,137
1602,16,2,2,1,128,1,0,0.000176,252
1603,16,2,2,1,128,2,0,0.000174,280
1604,16,2,2,1,128,4,0,0.000158,233
1605,16,2,2,1,128,8,0,0.000158,233
1606,16,2,2,1,128,16,0,0.000158,233
1607,16,2,2,2,512,1,0,0.000146,129
1608,16,2,2,2,512,2,0,0.000146,129
1609,16,2,2,2,512,4,0,0.00015,115
1610,16,2,2,2,512,8,0,0.00015,115
1611,16,2,2,2,512,16,0,0.00015,115
1612,16,2,2,2,256,1,0,0.000138,196
1613,16,2,2,2,256,2,0,0.000138,196
1614,16,2,2,2,256,4,0,0.000159,201
1615,16,2,2,2,256,8,0,0.000159,201
1616,16,2,2,2,256,16,0,0.000159,201
1617,16,2,2,2,128,1,0,0.000159,248
1618,16,2,2,2,128,2,0,0.000159,248
1619,16,2,2,2,128,4,0,0.000158,279
1620,16,2,2,2,128,8,0,0.000158,279
1621,16,2,2,2,128,16,0,0.000158,279
1622,16,2,2,3,512,1,0,0.000243,174
1623,16,2,2,3,512,2,0,0.000243,174
1624,16,2,2,3,512,4,0,0.000246,139
1625,16,2,2,3,512,8,0,0.000246,139
1626,16,2,2,3,512,16,0,0.000246,139
1627,16,2,2,3,256,1,0,0.000261,255
1628,16,2,2,3,256,2,0,0.000261,255
1629,16,2,2,3,256,4,0,0.00025,198
1630,16,2,2,3,256,8,0,0.00025,198
1631,16,2,2,3,256,16,0,0.00025,198
1632,16,2,2,3,128,1,0,0.000273,295
1633,16,2,2,3,128,2,0,0.000262,275
1634,16,2,2,3,128,4,0,0.000262,270
1635,16,2,2,3,128,8,0,0.000262,270
1636,16,2,2,3,128,16,0,0.000262,270
1637,16,2,2,4,512,1,0,3.70E-05,147
1638,16,2,2,4,512,2,0,3.70E-05,147
1639,16,2,2,4,512,4,0,4.00E-05,152
1640,16,2,2,4,512,16,0,4.00E-05,152
1641,16,2,2,4,256,1,0,3.60E-05,238
1642,16,2,2,4,256,2,0,3.60E-05,238
1643,16,2,2,4,256,4,0,4.20E-05,261
1644,16,2,2,4,256,8,0,4.20E-05,261
1645,16,2,2,4,256,16,0,4.20E-05,261
1646,16,2,2,4,128,1,0,4.00E-05,325
1647,16,2,2,4,128,2,0,4.00E-05,325
1648,16,2,2,4,128,4,0,4.40E-05,348
1649,16,2,2,4,128,8,0,4.40E-05,348
1650,16,2,2,4,128,16,0,4.40E-05,348
1651,16,2,3,1,512,1,0,0.000148,142
1652,16,2,3,1,512,2,0,0.000144,146
1653,16,2,3,1,512,4,0,0.000158,118
1654,16,2,3,1,512,8,0,0.000158,118
1655,16,2,3,1,512,16,0,0.000158,118
1656,16,2,3,1,256,1,0,0.000153,204
1657,16,2,3,1,256,2,0,0.000145,201
1658,16,2,3,1,256,4,0,0.000137,137
1659,16,2,3,1,256,8,0,0.000137,137
1660,16,2,3,1,256,16,0,0.000137,137
1661,16,2,3,1,128,1,0,0.000176,252
1662,16,2,3,1,128,2,0,0.000174,280
1663,16,2,3,1,128,4,0,0.000158,233
1664,16,2,3,1,128,8,0,0.000158,233
1665,16,2,3,1,128,16,0,0.000158,233
1666,16,2,3,2,512,1,0,0.000146,129
1667,16,2,3,2,512,2,0,0.000146,129
1668,16,2,3,2,512,4,0,0.000147,124
1669,16,2,3,2,512,8,0,0.00015,115
1670,16,2,3,2,512,16,0,0.00015,115
1671,16,2,3,2,256,1,0,0.000138,196
1672,16,2,3,2,256,2,0,0.000138,196
1673,16,2,3,2,256,4,0,0.000159,201
1674,16,2,3,2,256,8,0,0.000159,201
1675,16,2,3,2,256,16,0,0.000159,201
1676,16,2,3,2,128,1,0,0.000162,251
1677,16,2,3,2,128,2,0,0.000159,248
1678,16,2,3,2,128,4,0,0.000158,279
1679,16,2,3,2,128,8,0,0.000158,279
1680,16,2,3,2,128,16,0,0.000158,279
1681,16,2,3,3,512,1,0,0.000243,174
1682,16,2,3,3,512,2,0,0.000243,174
1683,16,2,3,3,512,4,0,0.000246,139
1684,16,2,3,3,512,8,0,0.000246,139
1685,16,2,3,3,512,16,0,0.000246,139
1686,16,2,3,3,256,1,0,0.000261,255
1687,16,2,3,3,256,2,0,0.000261,255
1688,16,2,3,3,256,4,0,0.00025,198
1689,16,2,3,3,256,8,0,0.00025,198
1690,16,2,3,3,256,16,0,0.00025,198
1691,16,2,3,3,128,1,0,0.000273,295
1692,16,2,3,3,128,2,0,0.000262,275
1693,16,2,3,3,128,4,0,0.000262,270
1694,16,2,3,3,128,8,0,0.000262,270
1695,16,2,3,3,128,16,0,0.000262,270
1696,16,2,3,4,512,1,0,3.70E-05,147
1697,16,2,3,4,512,2,0,3.70E-05,147
1698,16,2,3,4,512,4,0,4.00E-05,152
1699,16,2,3,4,512,8,0,4.00E-05,152
1700,16,2,3,4,512,16,0,4.00E-05,152
1701,16,2,3,4,256,1,0,3.60E-05,238
1702,16,2,3,4,256,2,0,3.60E-05,238
1703,16,2,3,4,256,4,0,4.20E-05,261
1704,16,2,3,4,256,8,0,4.20E-05,261
1705,16,2,3,4,256,16,0,4.20E-05,261
1706,16,2,3,4,128,1,0,4.00E-05,325
1707,16,2,3,4,128,2,0,4.00E-05,325
1708,16,2,3,4,128,4,0,4.40E-05,348
1709,16,2,3,4,128,8,0,4.40E-05,348
1710,16,2,3,4,128,16,0,4.40E-05,348
1711,16,2,4,1,512,1,0,0.000148,142
1712,16,2,4,1,512,2,0,0.000143,151
1713,16,2,4,1,512,4,0,0.000158,118
1714,16,2,4,1,512,8,0,0.000158,118
1715,16,2,4,1,512,16,0,0.000158,118
1716,16,2,4,1,256,1,0,0.000153,204
1717,16,2,4,1,256,2,0,0.000145,201
1718,16,2,4,1,256,4,0,0.000137,137
1719,16,2,4,1,256,8,0,0.000137,137
1720,16,2,4,1,256,16,0,0.000137,137
1721,16,2,4,1,128,1,0,0.000176,252
1722,16,2,4,1,128,2,0,0.000174,280
1723,16,2,4,1,128,4,0,0.000158,233
1724,16,2,4,1,128,8,0,0.000158,233
1725,16,2,4,1,128,16,0,0.000158,233
1726,16,2,4,2,512,1,0,0.000146,129
1727,16,2,4,2,512,2,0,0.000146,129
1728,16,2,4,2,512,4,0,0.00015,115
1729,16,2,4,2,512,8,0,0.00015,115
1730,16,2,4,2,512,16,0,0.00015,115
1731,16,2,4,2,256,1,0,0.000138,196
1732,16,2,4,2,256,2,0,0.000138,196
1733,16,2,4,2,256,4,0,0.000159,201
1734,16,2,4,2,256,8,0,0.000159,201
1735,16,2,4,2,256,16,0,0.000159,201
1736,16,2,4,2,128,1,0,0.000159,248
1737,16,2,4,2,128,2,0,0.000159,248
1738,16,2,4,2,128,4,0,0.000158,279
1739,16,2,4,2,128,8,0,0.000158,279
1740,16,2,4,2,128,16,0,0.000158,279
1741,16,2,4,3,512,1,0,0.000243,174
1742,16,2,4,3,512,2,0,0.000243,174
1743,16,2,4,3,512,4,0,0.000246,139
1744,16,2,4,3,512,8,0,0.000246,139
1745,16,2,4,3,512,16,0,0.000246,139
1746,16,2,4,3,256,1,0,0.000261,255
1747,16,2,4,3,256,2,0,0.000261,255
1748,16,2,4,3,256,4,0,0.00025,198
1749,16,2,4,3,256,8,0,0.00025,198
1750,16,2,4,3,256,16,0,0.00025,198
1751,16,2,4,3,128,1,0,0.000273,295
1752,16,2,4,3,128,2,0,0.000262,275
1753,16,2,4,3,128,4,0,0.000262,270
1754,16,2,4,3,128,8,0,0.000262,270
1755,16,2,4,3,128,16,0,0.000262,270
1756,16,2,4,4,512,1,0,3.70E-05,147
1757,16,2,4,4,512,2,0,3.70E-05,147
1758,16,2,4,4,512,4,0,4.00E-05,152
1759,16,2,4,4,512,8,0,4.00E-05,152
1760,16,2,4,4,512,16,0,4.00E-05,152
1761,16,2,4,4,256,1,0,3.60E-05,238
1762,16,2,4,4,256,2,0,3.60E-05,238
1763,16,2,4,4,256,4,0,4.20E-05,261
1764,16,2,4,4,256,8,0,4.20E-05,261
1765,16,2,4,4,256,16,0,4.20E-05,261
1766,16,2,4,4,128,1,0,4.00E-05,325
1767,16,2,4,4,128,2,0,4.00E-05,325
1768,16,2,4,4,128,4,0,4.40E-05,348
1769,16,2,4,4,128,8,0,4.40E-05,348
1770,16,2,4,4,128,16,0,4.40E-05,348
1771,16,3,1,1,512,1,0,0.000139,141
1772,16,3,1,1,512,2,0,0.000135,144
1773,16,3,1,1,512,4,0,0.000146,115
1774,16,3,1,1,512,8,0,0.000146,115
1775,16,3,1,1,512,16,0,0.000146,115
1776,16,3,1,1,256,1,0,0.000184,220
1777,16,3,1,1,256,2,0,0.000178,205
1778,16,3,1,1,256,4,0,0.000184,203
1779,16,3,1,1,256,8,0,0.000184,203
1780,16,3,1,1,256,16,0,0.000184,203
1781,16,3,1,1,128,1,0,0.000188,334
1782,16,3,1,1,128,2,0,0.000176,329
1783,16,3,1,1,128,4,0,0.000217,288
1784,16,3,1,1,128,8,0,0.000217,288
1785,16,3,1,1,128,16,0,0.000217,288
1786,16,3,1,2,512,1,0,0.000152,158
1787,16,3,1,2,512,2,0,0.000152,158
1788,16,3,1,2,512,4,0,0.000138,147
1789,16,3,1,2,512,8,0,0.000138,147
1790,16,3,1,2,512,16,0,0.000138,147
1791,16,3,1,2,256,1,0,0.000164,218
1792,16,3,1,2,256,2,0,0.000167,219
1793,16,3,1,2,256,4,0,0.000169,226
1794,16,3,1,2,256,8,0,0.000169,226
1795,16,3,1,2,256,16,0,0.000169,226
1796,16,3,1,2,128,1,0,0.000183,367
1797,16,3,1,2,128,2,0,0.000183,367
1798,16,3,1,2,128,4,0,0.000172,357
1799,16,3,1,2,128,8,0,0.000172,357
1800,16,3,1,2,128,16,0,0.000172,357
1801,16,3,1,3,512,1,0,0.000296,230
1802,16,3,1,3,512,2,0,0.000296,230
1803,16,3,1,3,512,4,0,0.000281,177
1804,16,3,1,3,512,8,0,0.000281,177
1805,16,3,1,3,512,16,0,0.000281,177
1806,16,3,1,3,256,1,0,0.0003,321
1807,16,3,1,3,256,2,0,0.0003,321
1808,16,3,1,3,256,4,0,0.000305,245
1809,16,3,1,3,256,8,0,0.000305,245
1810,16,3,1,3,256,16,0,0.000305,245
1811,16,3,1,3,128,1,0,0.000291,403
1812,16,3,1,3,128,2,0,0.000309,417
1813,16,3,1,3,128,4,0,0.000312,398
1814,16,3,1,3,128,8,0,0.000312,398
1815,16,3,1,3,128,16,0,0.000312,398
1816,16,3,1,4,512,1,0,3.40E-05,163
1817,16,3,1,4,512,2,0,3.40E-05,163
1818,16,3,1,4,512,4,0,3.90E-05,165
1819,16,3,1,4,512,8,0,3.90E-05,165
1820,16,3,1,4,512,16,0,3.90E-05,165
1821,16,3,1,4,256,1,0,4.20E-05,253
1822,16,3,1,4,256,2,0,4.00E-05,251
1823,16,3,1,4,256,4,0,4.00E-05,303
1824,16,3,1,4,256,8,0,4.00E-05,303
1825,16,3,1,4,256,16,0,4.00E-05,303
1826,16,3,1,4,128,1,0,3.80E-05,390
1827,16,3,1,4,128,2,0,3.80E-05,390
1828,16,3,1,4,128,4,0,4.50E-05,449
1829,16,3,1,4,128,8,0,4.50E-05,449
1830,16,3,1,4,128,16,0,4.50E-05,449
1831,16,3,2,1,512,1,0,0.000139,141
1832,16,3,2,1,512,2,0,0.000135,144
1833,16,3,2,1,512,4,0,0.000146,115
1834,16,3,2,1,512,8,0,0.000146,115
1835,16,3,2,1,512,16,0,0.000146,115
1836,16,3,2,1,256,1,0,0.00019,217
1837,16,3,2,1,256,2,0,0.000178,205
1838,16,3,2,1,256,4,0,0.000184,203
1839,16,3,2,1,256,8,0,0.000184,203
1840,16,3,2,1,256,16,0,0.000184,203
1841,16,3,2,1,128,1,0,0.000188,334
1842,16,3,2,1,128,2,0,0.000176,329
1843,16,3,2,1,128,4,0,0.000217,288
1844,16,3,2,1,128,8,0,0.000217,288
1845,16,3,2,1,128,16,0,0.000217,288
1846,16,3,2,2,512,1,0,0.000152,158
1847,16,3,2,2,512,2,0,0.000152,158
1848,16,3,2,2,512,4,0,0.000138,147
1849,16,3,2,2,512,8,0,0.000138,147
1850,16,3,2,2,512,16,0,0.000138,147
1851,16,3,2,2,256,1,0,0.000167,219
1852,16,3,2,2,256,2,0,0.000167,219
1853,16,3,2,2,256,4,0,0.000169,226
1854,16,3,2,2,256,8,0,0.000169,226
1855,16,3,2,2,256,16,0,0.000169,226
1856,16,3,2,2,128,1,0,0.000183,367
1857,16,3,2,2,128,2,0,0.000183,367
1858,16,3,2,2,128,4,0,0.000172,357
1859,16,3,2,2,128,8,0,0.000172,357
1860,16,3,2,2,128,16,0,0.000172,357
1861,16,3,2,3,512,1,0,0.000296,230
1862,16,3,2,3,512,2,0,0.000296,230
1863,16,3,2,3,512,4,0,0.000281,177
1864,16,3,2,3,512,8,0,0.000281,177
1865,16,3,2,3,512,16,0,0.000281,177
1866,16,3,2,3,256,1,0,0.0003,321
1867,16,3,2,3,256,2,0,0.0003,321
1868,16,3,2,3,256,4,0,0.000305,245
1869,16,3,2,3,256,8,0,0.000305,245
1870,16,3,2,3,256,16,0,0.000305,245
1871,16,3,2,3,128,1,0,0.000291,403
1872,16,3,2,3,128,2,0,0.000309,417
1873,16,3,2,3,128,4,0,0.000312,398
1874,16,3,2,3,128,8,0,0.000312,398
1875,16,3,2,3,128,16,0,0.000312,398
1876,16,3,2,4,512,1,0,3.40E-05,163
1877,16,3,2,4,512,2,0,3.40E-05,163
1878,16,3,2,4,512,4,0,3.90E-05,165
1879,16,3,2,4,512,8,0,3.90E-05,165
1880,16,3,2,4,512,16,0,3.90E-05,165
1881,16,3,2,4,256,1,0,4.00E-05,251
1882,16,3,2,4,256,2,0,4.00E-05,251
1883,16,3,2,4,256,4,0,4.00E-05,303
1884,16,3,2,4,256,8,0,4.00E-05,303
1885,16,3,2,4,256,16,0,4.00E-05,303
1886,16,3,2,4,128,1,0,3.80E-05,390
1887,16,3,2,4,128,2,0,3.80E-05,390
1888,16,3,2,4,128,4,0,4.50E-05,449
1889,16,3,2,4,128,8,0,4.50E-05,449
1890,16,3,2,4,128,16,0,4.50E-05,449
1891,16,3,3,1,512,1,0,0.000139,141
1892,16,3,3,1,512,2,0,0.000135,144
1893,16,3,3,1,512,4,0,0.000146,115
1894,16,3,3,1,512,8,0,0.000146,115
1895,16,3,3,1,512,16,0,0.000146,115
1896,16,3,3,1,256,1,0,0.000184,220
1897,16,3,3,1,256,2,0,0.000178,205
1898,16,3,3,1,256,4,0,0.000184,203
1899,16,3,3,1,256,8,0,0.000184,203
1900,16,3,3,1,256,16,0,0.000184,203
1901,16,3,3,1,128,1,0,0.000188,334
1902,16,3,3,1,128,2,0,0.000176,329
1903,16,3,3,1,128,4,0,0.000217,288
1904,16,3,3,1,128,8,0,0.000218,279
1905,16,3,3,1,128,16,0,0.000217,288
1906,16,3,3,2,512,1,0,0.000152,158
1907,16,3,3,2,512,2,0,0.000152,158
1908,16,3,3,2,512,4,0,0.000138,147
1909,16,3,3,2,512,8,0,0.000138,147
1910,16,3,3,2,512,16,0,0.000138,147
1911,16,3,3,2,256,1,0,0.000167,219
1912,16,3,3,2,256,2,0,0.000167,219
1913,16,3,3,2,256,4,0,0.000169,226
1914,16,3,3,2,256,8,0,0.000169,226
1915,16,3,3,2,256,16,0,0.000169,226
1916,16,3,3,2,128,1,0,0.000183,367
1917,16,3,3,2,128,2,0,0.000182,365
1918,16,3,3,2,128,4,0,0.000172,357
1919,16,3,3,2,128,8,0,0.000172,357
1920,16,3,3,2,128,16,0,0.000172,357
1921,16,3,3,3,512,1,0,0.000296,230
1922,16,3,3,3,512,2,0,0.000296,230
1923,16,3,3,3,512,4,0,0.000281,177
1924,16,3,3,3,512,8,0,0.000281,177
1925,16,3,3,3,512,16,0,0.000281,177
1926,16,3,3,3,256,1,0,0.0003,321
1927,16,3,3,3,256,2,0,0.0003,321
1928,16,3,3,3,256,4,0,0.000305,245
1929,16,3,3,3,256,8,0,0.000305,245
1930,16,3,3,3,256,16,0,0.000305,245
1931,16,3,3,3,128,1,0,0.000291,403
1932,16,3,3,3,128,2,0,0.000309,417
1933,16,3,3,3,128,4,0,0.000312,398
1934,16,3,3,3,128,8,0,0.000312,398
1935,16,3,3,3,128,16,0,0.000312,398
1936,16,3,3,4,512,1,0,3.40E-05,163
1937,16,3,3,4,512,2,0,3.40E-05,163
1938,16,3,3,4,512,4,0,3.90E-05,165
1939,16,3,3,4,512,8,0,3.90E-05,165
1940,16,3,3,4,512,16,0,3.90E-05,165
1941,16,3,3,4,256,1,0,4.00E-05,251
1942,16,3,3,4,256,2,0,4.20E-05,253
1943,16,3,3,4,256,4,0,4.00E-05,303
1944,16,3,3,4,256,8,0,4.10E-05,298
1945,16,3,3,4,256,16,0,4.00E-05,303
1946,16,3,3,4,128,1,0,3.80E-05,390
1947,16,3,3,4,128,2,0,3.80E-05,390
1948,16,3,3,4,128,4,0,4.50E-05,449
1949,16,3,3,4,128,8,0,4.50E-05,449
1950,16,3,3,4,128,16,0,4.50E-05,449
1951,16,3,4,1,512,1,0,0.000139,141
1952,16,3,4,1,512,2,0,0.000135,144
1953,16,3,4,1,512,4,0,0.000146,115
1954,16,3,4,1,512,8,0,0.000146,115
1955,16,3,4,1,512,16,0,0.000146,115
1956,16,3,4,1,256,1,0,0.00019,217
1957,16,3,4,1,256,2,0,0.000178,205
1958,16,3,4,1,256,4,0,0.000184,203
1959,16,3,4,1,256,8,0,0.000184,203
1960,16,3,4,1,256,16,0,0.000184,203
1961,16,3,4,1,128,1,0,0.000188,334
1962,16,3,4,1,128,2,0,0.000176,329
1963,16,3,4,1,128,4,0,0.000217,288
1964,16,3,4,1,128,8,0,0.000217,288
1965,16,3,4,1,128,16,0,0.000217,288
1966,16,3,4,2,512,1,0,0.000152,158
1967,16,3,4,2,512,2,0,0.000152,158
1968,16,3,4,2,512,4,0,0.000138,147
1969,16,3,4,2,512,8,0,0.000138,147
1970,16,3,4,2,512,16,0,0.000138,147
1971,16,3,4,2,256,1,0,0.000167,219
1972,16,3,4,2,256,2,0,0.000167,219
1973,16,3,4,2,256,4,0,0.000169,226
1974,16,3,4,2,256,8,0,0.000169,226
1975,16,3,4,2,256,16,0,0.000169,226
1976,16,3,4,2,128,1,0,0.000183,367
1977,16,3,4,2,128,2,0,0.000183,367
1978,16,3,4,2,128,4,0,0.000172,357
1979,16,3,4,2,128,8,0,0.000172,357
1980,16,3,4,2,128,16,0,0.000172,357
1981,16,3,4,3,512,1,0,0.000296,230
1982,16,3,4,3,512,2,0,0.000296,230
1983,16,3,4,3,512,4,0,0.000281,177
1984,16,3,4,3,512,8,0,0.000281,177
1985,16,3,4,3,512,16,0,0.000281,177
1986,16,3,4,3,256,1,0,0.0003,321
1987,16,3,4,3,256,2,0,0.0003,321
1988,16,3,4,3,256,4,0,0.000305,245
1989,16,3,4,3,256,8,0,0.000305,245
1990,16,3,4,3,256,16,0,0.000305,245
1991,16,3,4,3,128,1,0,0.000291,403
1992,16,3,4,3,128,2,0,0.000309,417
1993,16,3,4,3,128,4,0,0.000312,398
1994,16,3,4,3,128,8,0,0.000312,398
1995,16,3,4,3,128,16,0,0.000312,398
1996,16,3,4,4,512,1,0,3.40E-05,163
1997,16,3,4,4,512,2,0,3.40E-05,163
1998,16,3,4,4,512,4,0,3.90E-05,165
1999,16,3,4,4,512,8,0,3.90E-05,165
2000,16,3,4,4,512,16,0,3.90E-05,165
2001,16,3,4,4,256,1,0,4.00E-05,251
2002,16,3,4,4,256,2,0,4.00E-05,251
2003,16,3,4,4,256,4,0,4.00E-05,303
2004,16,3,4,4,256,8,0,4.00E-05,303
2005,16,3,4,4,256,16,0,4.00E-05,303
2006,16,3,4,4,128,1,0,3.80E-05,390
2007,16,3,4,4,128,2,0,3.80E-05,390
2008,16,3,4,4,128,4,0,4.50E-05,449
2009,16,3,4,4,128,8,0,4.50E-05,449
2010,16,3,4,4,128,16,0,4.50E-05,449
2011,32,1,1,1,512,1,0,0.000146,119
2012,32,1,1,1,512,2,0,0.000147,113
2013,32,1,1,1,512,4,0,0.000153,93
2014,32,1,1,1,512,8,0,0.000153,93
2015,32,1,1,1,512,16,0,0.000153,93
2016,32,1,1,1,512,32,0,0.000153,93
2017,32,1,1,1,256,1,0,0.000175,178
2018,32,1,1,1,256,2,0,0.000171,171
2019,32,1,1,1,256,4,0,0.000146,131
2020,32,1,1,1,256,8,0,0.000146,131
2021,32,1,1,1,256,16,0,0.000146,131
2022,32,1,1,1,256,32,0,0.000146,131
2023,32,1,1,1,128,1,0,0.000226,236
2024,32,1,1,1,128,2,0,0.000204,262
2025,32,1,1,1,128,4,0,0.000204,193
2026,32,1,1,1,128,8,0,0.000204,193
2027,32,1,1,1,128,16,0,0.000204,193
2028,32,1,1,1,128,32,0,0.000204,193
2029,32,1,1,2,512,1,0,0.000153,118
2030,32,1,1,2,512,2,0,0.00015,121
2031,32,1,1,2,512,4,0,0.000164,103
2032,32,1,1,2,512,8,0,0.000164,103
2033,32,1,1,2,512,16,0,0.000164,103
2034,32,1,1,2,512,32,0,0.000164,103
2035,32,1,1,2,256,1,0,0.00018,193
2036,32,1,1,2,256,2,0,0.00018,193
2037,32,1,1,2,256,4,0,0.000173,183
2038,32,1,1,2,256,8,0,0.000173,183
2039,32,1,1,2,256,16,0,0.000173,183
2040,32,1,1,2,256,32,0,0.000173,183
2041,32,1,1,2,128,1,0,0.000167,201
2042,32,1,1,2,128,2,0,0.000167,201
2043,32,1,1,2,128,4,0,0.000166,205
2044,32,1,1,2,128,8,0,0.000166,205
2045,32,1,1,2,128,16,0,0.000166,205
2046,32,1,1,2,128,32,0,0.000168,204
2047,32,1,1,3,512,1,0,0.000246,148
2048,32,1,1,3,512,2,0,0.000246,148
2049,32,1,1,3,512,4,0,0.000256,131
2050,32,1,1,3,512,8,0,0.000256,131
2051,32,1,1,3,512,16,0,0.000256,131
2052,32,1,1,3,512,32,0,0.000256,131
2053,32,1,1,3,256,1,0,0.000253,220
2054,32,1,1,3,256,2,0,0.000253,220
2055,32,1,1,3,256,4,0,0.000255,171
2056,32,1,1,3,256,8,0,0.000255,171
2057,32,1,1,3,256,16,0,0.000255,171
2058,32,1,1,3,256,32,0,0.000255,171
2059,32,1,1,3,128,1,0,0.000286,315
2060,32,1,1,3,128,2,0,0.000277,284
2061,32,1,1,3,128,4,0,0.000261,256
2062,32,1,1,3,128,8,0,0.000261,256
2063,32,1,1,3,128,16,0,0.000261,256
2064,32,1,1,3,128,32,0,0.000263,268
2065,32,1,1,4,512,1,0,3.90E-05,91
2066,32,1,1,4,512,2,0,3.90E-05,91
2067,32,1,1,4,512,4,0,4.80E-05,107
2068,32,1,1,4,512,8,0,4.80E-05,107
2069,32,1,1,4,512,16,0,4.80E-05,107
2070,32,1,1,4,512,32,0,4.80E-05,107
2071,32,1,1,4,256,1,0,3.70E-05,150
2072,32,1,1,4,256,2,0,3.70E-05,150
2073,32,1,1,4,256,4,0,5.10E-05,187
2074,32,1,1,4,256,8,0,5.10E-05,187
2075,32,1,1,4,256,16,0,5.10E-05,187
2076,32,1,1,4,256,32,0,5.10E-05,187
2077,32,1,1,4,128,1,0,4.60E-05,222
2078,32,1,1,4,128,2,0,4.60E-05,222
2079,32,1,1,4,128,4,0,5.90E-05,287
2080,32,1,1,4,128,8,0,5.90E-05,287
2081,32,1,1,4,128,16,0,5.90E-05,287
2082,32,1,1,4,128,32,0,5.90E-05,287
2083,32,1,2,1,512,1,0,0.000146,119
2084,32,1,2,1,512,2,0,0.000147,113
2085,32,1,2,1,512,4,0,0.000153,93
2086,32,1,2,1,512,8,0,0.000153,93
2087,32,1,2,1,512,16,0,0.000153,93
2088,32,1,2,1,512,32,0,0.000153,93
2089,32,1,2,1,256,1,0,0.000175,178
2090,32,1,2,1,256,2,0,0.000171,171
2091,32,1,2,1,256,4,0,0.000146,131
2092,32,1,2,1,256,8,0,0.000146,131
2093,32,1,2,1,256,16,0,0.000146,131
2094,32,1,2,1,256,32,0,0.000146,131
2095,32,1,2,1,128,1,0,0.000226,236
2096,32,1,2,1,128,2,0,0.000204,262
2097,32,1,2,1,128,4,0,0.000204,193
2098,32,1,2,1,128,8,0,0.000204,193
2099,32,1,2,1,128,16,0,0.000204,193
2100,32,1,2,1,128,32,0,0.000204,193
2101,32,1,2,2,512,1,0,0.00015,121
2102,32,1,2,2,512,2,0,0.00015,121
2103,32,1,2,2,512,4,0,0.000164,103
2104,32,1,2,2,512,8,0,0.000164,103
2105,32,1,2,2,512,16,0,0.000164,103
2106,32,1,2,2,512,32,0,0.000164,103
2107,32,1,2,2,256,1,0,0.00018,193
2108,32,1,2,2,256,2,0,0.00018,193
2109,32,1,2,2,256,4,0,0.000173,183
2110,32,1,2,2,256,8,0,0.000173,183
2111,32,1,2,2,256,16,0,0.000173,183
2112,32,1,2,2,256,32,0,0.000173,183
2113,32,1,2,2,128,1,0,0.000171,202
2114,32,1,2,2,128,2,0,0.000171,202
2115,32,1,2,2,128,4,0,0.000166,205
2116,32,1,2,2,128,8,0,0.000166,205
2117,32,1,2,2,128,16,0,0.000166,205
2118,32,1,2,2,128,32,0,0.000168,204
2119,32,1,2,3,512,1,0,0.000246,148
2120,32,1,2,3,512,2,0,0.000246,148
2121,32,1,2,3,512,4,0,0.000256,131
2122,32,1,2,3,512,8,0,0.000256,131
2123,32,1,2,3,512,16,0,0.000256,131
2124,32,1,2,3,512,32,0,0.000256,131
2125,32,1,2,3,256,1,0,0.000253,220
2126,32,1,2,3,256,2,0,0.000253,220
2127,32,1,2,3,256,4,0,0.000255,171
2128,32,1,2,3,256,8,0,0.000255,171
2129,32,1,2,3,256,16,0,0.000255,171
2130,32,1,2,3,256,32,0,0.000255,171
2131,32,1,2,3,128,1,0,0.000286,315
2132,32,1,2,3,128,2,0,0.000277,284
2133,32,1,2,3,128,4,0,0.000261,256
2134,32,1,2,3,128,8,0,0.000261,256
2135,32,1,2,3,128,16,0,0.000261,256
2136,32,1,2,3,128,32,0,0.000261,256
2137,32,1,2,4,512,1,0,3.90E-05,91
2138,32,1,2,4,512,2,0,3.90E-05,91
2139,32,1,2,4,512,4,0,4.80E-05,107
2140,32,1,2,4,512,8,0,4.80E-05,107
2141,32,1,2,4,512,16,0,4.80E-05,107
2142,32,1,2,4,512,32,0,4.80E-05,107
2143,32,1,2,4,256,1,0,3.70E-05,150
2144,32,1,2,4,256,2,0,3.70E-05,150
2145,32,1,2,4,256,4,0,5.10E-05,187
2146,32,1,2,4,256,8,0,5.10E-05,187
2147,32,1,2,4,256,16,0,5.10E-05,187
2148,32,1,2,4,256,32,0,5.10E-05,187
2149,32,1,2,4,128,1,0,4.60E-05,222
2150,32,1,2,4,128,2,0,4.60E-05,222
2151,32,1,2,4,128,4,0,5.90E-05,287
2152,32,1,2,4,128,8,0,5.90E-05,287
2153,32,1,2,4,128,16,0,5.90E-05,287
2154,32,1,2,4,128,32,0,5.90E-05,287
2155,32,1,3,1,512,1,0,0.000146,119
2156,32,1,3,1,512,2,0,0.000147,113
2157,32,1,3,1,512,4,0,0.000153,93
2158,32,1,3,1,512,8,0,0.000153,93
2159,32,1,3,1,512,16,0,0.000153,93
2160,32,1,3,1,512,32,0,0.000153,93
2161,32,1,3,1,256,1,0,0.000175,178
2162,32,1,3,1,256,2,0,0.000171,171
2163,32,1,3,1,256,4,0,0.000146,131
2164,32,1,3,1,256,8,0,0.000146,131
2165,32,1,3,1,256,16,0,0.000146,131
2166,32,1,3,1,256,32,0,0.000146,131
2167,32,1,3,1,128,1,0,0.000226,236
2168,32,1,3,1,128,2,0,0.000204,262
2169,32,1,3,1,128,4,0,0.000204,193
2170,32,1,3,1,128,8,0,0.000204,193
2171,32,1,3,1,128,16,0,0.000204,193
2172,32,1,3,1,128,32,0,0.000204,193
2173,32,1,3,2,512,1,0,0.00015,121
2174,32,1,3,2,512,2,0,0.00015,121
2175,32,1,3,2,512,4,0,0.000164,103
2176,32,1,3,2,512,8,0,0.000164,103
2177,32,1,3,2,512,16,0,0.000164,103
2178,32,1,3,2,512,32,0,0.000164,103
2179,32,1,3,2,256,1,0,0.00018,193
2180,32,1,3,2,256,2,0,0.00018,193
2181,32,1,3,2,256,4,0,0.000173,183
2182,32,1,3,2,256,8,0,0.000173,183
2183,32,1,3,2,256,16,0,0.000173,183
2184,32,1,3,2,256,32,0,0.000173,183
2185,32,1,3,2,128,1,0,0.000171,202
2186,32,1,3,2,128,2,0,0.000171,202
2187,32,1,3,2,128,4,0,0.000166,205
2188,32,1,3,2,128,8,0,0.000166,205
2189,32,1,3,2,128,16,0,0.000166,205
2190,32,1,3,2,128,32,0,0.000166,205
2191,32,1,3,3,512,1,0,0.000246,148
2192,32,1,3,3,512,2,0,0.000246,148
2193,32,1,3,3,512,4,0,0.000256,131
2194,32,1,3,3,512,8,0,0.000256,131
2195,32,1,3,3,512,16,0,0.000256,131
2196,32,1,3,3,512,32,0,0.000256,131
2197,32,1,3,3,256,1,0,0.000253,220
2198,32,1,3,3,256,2,0,0.000253,220
2199,32,1,3,3,256,4,0,0.000255,171
2200,32,1,3,3,256,8,0,0.000255,171
2201,32,1,3,3,256,16,0,0.000255,171
2202,32,1,3,3,256,32,0,0.000255,171
2203,32,1,3,3,128,1,0,0.000286,315
2204,32,1,3,3,128,2,0,0.000277,284
2205,32,1,3,3,128,4,0,0.000261,256
2206,32,1,3,3,128,8,0,0.000261,256
2207,32,1,3,3,128,16,0,0.000261,256
2208,32,1,3,3,128,32,0,0.000261,256
2209,32,1,3,4,512,1,0,3.90E-05,91
2210,32,1,3,4,512,2,0,3.90E-05,91
2211,32,1,3,4,512,4,0,4.80E-05,107
2212,32,1,3,4,512,8,0,4.80E-05,107
2213,32,1,3,4,512,16,0,4.80E-05,107
2214,32,1,3,4,512,32,0,4.80E-05,107
2215,32,1,3,4,256,1,0,3.70E-05,150
2216,32,1,3,4,256,2,0,3.70E-05,150
2217,32,1,3,4,256,4,0,5.10E-05,187
2218,32,1,3,4,256,8,0,5.10E-05,187
2219,32,1,3,4,256,16,0,5.10E-05,187
2220,32,1,3,4,256,32,0,5.30E-05,187
2221,32,1,3,4,128,1,0,4.60E-05,222
2222,32,1,3,4,128,2,0,4.60E-05,222
2223,32,1,3,4,128,4,0,5.90E-05,287
2224,32,1,3,4,128,8,0,5.90E-05,287
2225,32,1,3,4,128,16,0,5.90E-05,287
2226,32,1,3,4,128,32,0,5.90E-05,287
2227,32,1,4,1,512,1,0,0.000146,119
2228,32,1,4,1,512,2,0,0.000147,113
2229,32,1,4,1,512,4,0,0.000153,93
2230,32,1,4,1,512,8,0,0.000153,93
2231,32,1,4,1,512,16,0,0.000153,93
2232,32,1,4,1,512,32,0,0.000153,93
2233,32,1,4,1,256,1,0,0.000175,178
2234,32,1,4,1,256,2,0,0.000171,171
2235,32,1,4,1,256,4,0,0.000146,131
2236,32,1,4,1,256,8,0,0.000146,131
2237,32,1,4,1,256,16,0,0.000146,131
2238,32,1,4,1,256,32,0,0.000146,131
2239,32,1,4,1,128,1,0,0.000226,236
2240,32,1,4,1,128,2,0,0.000204,262
2241,32,1,4,1,128,4,0,0.000204,193
2242,32,1,4,1,128,8,0,0.000204,193
2243,32,1,4,1,128,16,0,0.000204,193
2244,32,1,4,1,128,32,0,0.000204,193
2245,32,1,4,2,512,1,0,0.00015,121
2246,32,1,4,2,512,2,0,0.00015,121
2247,32,1,4,2,512,4,0,0.000164,103
2248,32,1,4,2,512,8,0,0.000164,103
2249,32,1,4,2,512,16,0,0.000164,103
2250,32,1,4,2,512,32,0,0.000164,103
2251,32,1,4,2,256,1,0,0.00018,193
2252,32,1,4,2,256,2,0,0.00018,193
2253,32,1,4,2,256,4,0,0.000173,183
2254,32,1,4,2,256,8,0,0.000173,183
2255,32,1,4,2,256,16,0,0.000173,183
2256,32,1,4,2,256,32,0,0.000173,183
2257,32,1,4,2,128,1,0,0.000171,202
2258,32,1,4,2,128,2,0,0.000171,202
2259,32,1,4,2,128,4,0,0.000166,205
2260,32,1,4,2,128,8,0,0.000166,205
2261,32,1,4,2,128,16,0,0.000166,205
2262,32,1,4,2,128,32,0,0.000166,205
2263,32,1,4,3,512,1,0,0.000246,148
2264,32,1,4,3,512,2,0,0.000246,148
2265,32,1,4,3,512,4,0,0.000256,131
2266,32,1,4,3,512,8,0,0.000256,131
2267,32,1,4,3,512,16,0,0.000256,131
2268,32,1,4,3,512,32,0,0.000256,131
2269,32,1,4,3,256,1,0,0.000253,220
2270,32,1,4,3,256,2,0,0.000253,220
2271,32,1,4,3,256,4,0,0.000255,171
2272,32,1,4,3,256,8,0,0.000255,171
2273,32,1,4,3,256,16,0,0.000255,171
2274,32,1,4,3,256,32,0,0.000255,171
2275,32,1,4,3,128,1,0,0.000286,315
2276,32,1,4,3,128,2,0,0.000277,284
2277,32,1,4,3,128,4,0,0.000261,256
2278,32,1,4,3,128,8,0,0.000261,256
2279,32,1,4,3,128,16,0,0.000261,256
2280,32,1,4,3,128,32,0,0.000261,256
2281,32,1,4,4,512,1,0,3.90E-05,91
2282,32,1,4,4,512,2,0,4.00E-05,92
2283,32,1,4,4,512,4,0,4.80E-05,107
2284,32,1,4,4,512,8,0,4.80E-05,109
2285,32,1,4,4,512,16,0,4.80E-05,107
2286,32,1,4,4,512,32,0,4.80E-05,107
2287,32,1,4,4,256,1,0,3.70E-05,150
2288,32,1,4,4,256,2,0,3.70E-05,150
2289,32,1,4,4,256,4,0,5.10E-05,187
2290,32,1,4,4,256,8,0,5.10E-05,187
2291,32,1,4,4,256,16,0,5.10E-05,187
2292,32,1,4,4,256,32,0,5.10E-05,187
2293,32,1,4,4,128,1,0,4.60E-05,222
2294,32,1,4,4,128,2,0,4.60E-05,222
2295,32,1,4,4,128,4,0,5.90E-05,287
2296,32,1,4,4,128,8,0,5.80E-05,293
2297,32,1,4,4,128,16,0,5.90E-05,287
2298,32,1,4,4,128,32,0,5.90E-05,287
2299,32,2,1,1,512,1,0,0.000148,142
2300,32,2,1,1,512,2,0,0.000144,146
2301,32,2,1,1,512,4,0,0.000158,118
2302,32,2,1,1,512,8,0,0.000158,118
2303,32,2,1,1,512,16,0,0.000158,118
2304,32,2,1,1,512,32,0,0.000158,118
2305,32,2,1,1,256,1,0,0.000153,204
2306,32,2,1,1,256,2,0,0.000145,201
2307,32,2,1,1,256,4,0,0.000137,137
2308,32,2,1,1,256,8,0,0.000137,137
2309,32,2,1,1,256,16,0,0.000137,137
2310,32,2,1,1,256,32,0,0.000137,137
2311,32,2,1,1,128,1,0,0.000176,252
2312,32,2,1,1,128,2,0,0.000174,280
2313,32,2,1,1,128,4,0,0.000158,233
2314,32,2,1,1,128,8,0,0.000158,233
2315,32,2,1,1,128,16,0,0.000158,233
2316,32,2,1,1,128,32,0,0.000158,233
2317,32,2,1,2,512,1,0,0.000146,129
2318,32,2,1,2,512,2,0,0.000146,129
2319,32,2,1,2,512,4,0,0.00015,115
2320,32,2,1,2,512,8,0,0.00015,115
2321,32,2,1,2,512,16,0,0.00015,115
2322,32,2,1,2,512,32,0,0.00015,115
2323,32,2,1,2,256,1,0,0.000138,196
2324,32,2,1,2,256,2,0,0.000138,196
2325,32,2,1,2,256,4,0,0.000159,201
2326,32,2,1,2,256,8,0,0.000159,201
2327,32,2,1,2,256,16,0,0.000159,201
2328,32,2,1,2,256,32,0,0.000159,201
2329,32,2,1,2,128,1,0,0.000159,248
2330,32,2,1,2,128,2,0,0.000159,248
2331,32,2,1,2,128,4,0,0.000158,279
2332,32,2,1,2,128,8,0,0.000158,279
2333,32,2,1,2,128,16,0,0.000158,279
2334,32,2,1,2,128,32,0,0.000158,279
2335,32,2,1,3,512,1,0,0.000243,174
2336,32,2,1,3,512,2,0,0.000243,174
2337,32,2,1,3,512,4,0,0.000246,139
2338,32,2,1,3,512,8,0,0.000246,139
2339,32,2,1,3,512,16,0,0.000246,139
2340,32,2,1,3,512,32,0,0.000246,139
2341,32,2,1,3,256,1,0,0.000261,255
2342,32,2,1,3,256,2,0,0.000261,255
2343,32,2,1,3,256,4,0,0.00025,198
2344,32,2,1,3,256,8,0,0.00025,198
2345,32,2,1,3,256,16,0,0.00025,198
2346,32,2,1,3,256,32,0,0.000254,202
2347,32,2,1,3,128,1,0,0.000273,295
2348,32,2,1,3,128,2,0,0.000262,275
2349,32,2,1,3,128,4,0,0.000262,270
2350,32,2,1,3,128,8,0,0.000262,270
2351,32,2,1,3,128,16,0,0.000262,270
2352,32,2,1,3,128,32,0,0.000262,270
2353,32,2,1,4,512,1,0,3.70E-05,147
2354,32,2,1,4,512,2,0,3.70E-05,147
2355,32,2,1,4,512,4,0,4.00E-05,152
2356,32,2,1,4,512,8,0,4.00E-05,152
2357,32,2,1,4,512,16,0,4.00E-05,152
2358,32,2,1,4,512,32,0,4.00E-05,152
2359,32,2,1,4,256,1,0,3.60E-05,238
2360,32,2,1,4,256,2,0,3.60E-05,238
2361,32,2,1,4,256,4,0,4.20E-05,261
2362,32,2,1,4,256,8,0,4.20E-05,261
2363,32,2,1,4,256,16,0,4.20E-05,261
2364,32,2,1,4,256,32,0,4.20E-05,261
2365,32,2,1,4,128,1,0,4.00E-05,325
2366,32,2,1,4,128,2,0,4.00E-05,325
2367,32,2,1,4,128,4,0,4.40E-05,348
2368,32,2,1,4,128,8,0,4.40E-05,348
2369,32,2,1,4,128,16,0,4.40E-05,348
2370,32,2,1,4,128,32,0,4.40E-05,348
2371,32,2,2,1,512,1,0,0.000148,142
2372,32,2,2,1,512,2,0,0.000144,146
2373,32,2,2,1,512,4,0,0.000158,118
2374,32,2,2,1,512,8,0,0.000158,118
2375,32,2,2,1,512,16,0,0.000158,118
2376,32,2,2,1,512,32,0,0.000158,118
2377,32,2,2,1,256,1,0,0.000153,204
2378,32,2,2,1,256,2,0,0.000145,201
2379,32,2,2,1,256,4,0,0.000137,137
2380,32,2,2,1,256,8,0,0.000137,137
2381,32,2,2,1,256,16,0,0.000137,137
2382,32,2,2,1,256,32,0,0.000137,137
2383,32,2,2,1,128,1,0,0.000176,252
2384,32,2,2,1,128,2,0,0.000174,280
2385,32,2,2,1,128,4,0,0.000158,233
2386,32,2,2,1,128,8,0,0.000153,230
2387,32,2,2,1,128,16,0,0.000158,233
2388,32,2,2,1,128,32,0,0.000158,233
2389,32,2,2,2,512,1,0,0.000146,129
2390,32,2,2,2,512,2,0,0.000146,129
2391,32,2,2,2,512,4,0,0.00015,115
2392,32,2,2,2,512,8,0,0.00015,115
2393,32,2,2,2,512,16,0,0.00015,115
2394,32,2,2,2,512,32,0,0.00015,115
2395,32,2,2,2,256,1,0,0.000138,196
2396,32,2,2,2,256,2,0,0.000138,196
2397,32,2,2,2,256,4,0,0.000159,201
2398,32,2,2,2,256,8,0,0.000159,201
2399,32,2,2,2,256,16,0,0.000159,201
2400,32,2,2,2,256,32,0,0.000159,201
2401,32,2,2,2,128,1,0,0.000159,248
2402,32,2,2,2,128,2,0,0.000159,248
2403,32,2,2,2,128,4,0,0.000158,279
2404,32,2,2,2,128,8,0,0.000158,279
2405,32,2,2,2,128,16,0,0.000158,279
2406,32,2,2,2,128,32,0,0.000158,279
2407,32,2,2,3,512,1,0,0.000243,174
2408,32,2,2,3,512,2,0,0.000243,174
2409,32,2,2,3,512,4,0,0.000246,139
2410,32,2,2,3,512,8,0,0.000246,139
2411,32,2,2,3,512,16,0,0.000246,139
2412,32,2,2,3,512,32,0,0.000246,139
2413,32,2,2,3,256,1,0,0.000261,255
2414,32,2,2,3,256,2,0,0.000261,255
2415,32,2,2,3,256,4,0,0.00025,198
2416,32,2,2,3,256,8,0,0.00025,198
2417,32,2,2,3,256,16,0,0.00025,198
2418,32,2,2,3,256,32,0,0.00025,198
2419,32,2,2,3,128,1,0,0.000273,295
2420,32,2,2,3,128,2,0,0.000262,275
2421,32,2,2,3,128,4,0,0.000262,270
2422,32,2,2,3,128,8,0,0.000262,270
2423,32,2,2,3,128,16,0,0.000262,270
2424,32,2,2,3,128,32,0,0.000262,270
2425,32,2,2,4,512,1,0,3.70E-05,147
2426,32,2,2,4,512,2,0,3.70E-05,147
2427,32,2,2,4,512,4,0,4.00E-05,152
2428,32,2,2,4,512,8,0,4.00E-05,152
2429,32,2,2,4,512,16,0,4.00E-05,152
2430,32,2,2,4,512,32,0,4.00E-05,152
2431,32,2,2,4,256,1,0,3.60E-05,238
2432,32,2,2,4,256,2,0,3.60E-05,238
2433,32,2,2,4,256,4,0,4.20E-05,261
2434,32,2,2,4,256,8,0,4.20E-05,261
2435,32,2,2,4,256,16,0,4.20E-05,261
2436,32,2,2,4,256,32,0,4.20E-05,261
2437,32,2,2,4,128,1,0,4.00E-05,325
2438,32,2,2,4,128,2,0,4.00E-05,325
2439,32,2,2,4,128,4,0,4.40E-05,348
2440,32,2,2,4,128,8,0,4.40E-05,348
2441,32,2,2,4,128,16,0,4.40E-05,348
2442,32,2,2,4,128,32,0,4.40E-05,348
2443,32,2,3,1,512,1,0,0.000148,142
2444,32,2,3,1,512,2,0,0.000144,146
2445,32,2,3,1,512,4,0,0.000158,118
2446,32,2,3,1,512,8,0,0.000158,118
2447,32,2,3,1,512,16,0,0.000158,118
2448,32,2,3,1,512,32,0,0.000158,118
2449,32,2,3,1,256,1,0,0.000153,204
2450,32,2,3,1,256,2,0,0.000145,201
2451,32,2,3,1,256,4,0,0.000137,137
2452,32,2,3,1,256,8,0,0.000137,137
2453,32,2,3,1,256,16,0,0.000137,137
2454,32,2,3,1,256,32,0,0.000137,137
2455,32,2,3,1,128,1,0,0.000176,252
2456,32,2,3,1,128,2,0,0.000174,280
2457,32,2,3,1,128,4,0,0.000158,233
2458,32,2,3,1,128,8,0,0.000158,233
2459,32,2,3,1,128,16,0,0.000158,233
2460,32,2,3,1,128,32,0,0.000158,233
2461,32,2,3,2,512,1,0,0.000146,129
2462,32,2,3,2,512,2,0,0.000146,129
2463,32,2,3,2,512,4,0,0.00015,115
2464,32,2,3,2,512,8,0,0.00015,115
2465,32,2,3,2,512,16,0,0.00015,115
2466,32,2,3,2,512,32,0,0.00015,115
2467,32,2,3,2,256,1,0,0.000138,196
2468,32,2,3,2,256,2,0,0.000138,196
2469,32,2,3,2,256,4,0,0.000159,201
2470,32,2,3,2,256,8,0,0.000159,201
2471,32,2,3,2,256,16,0,0.000159,201
2472,32,2,3,2,256,32,0,0.000159,201
2473,32,2,3,2,128,1,0,0.000159,248
2474,32,2,3,2,128,2,0,0.000159,248
2475,32,2,3,2,128,4,0,0.000158,279
2476,32,2,3,2,128,8,0,0.000158,279
2477,32,2,3,2,128,16,0,0.000158,279
2478,32,2,3,2,128,32,0,0.000158,279
2479,32,2,3,3,512,1,0,0.000243,174
2480,32,2,3,3,512,2,0,0.000243,174
2481,32,2,3,3,512,4,0,0.000246,139
2482,32,2,3,3,512,8,0,0.000246,139
2483,32,2,3,3,512,16,0,0.000246,139
2484,32,2,3,3,512,32,0,0.000246,139
2485,32,2,3,3,256,1,0,0.000261,255
2486,32,2,3,3,256,2,0,0.000261,255
2487,32,2,3,3,256,4,0,0.00025,198
2488,32,2,3,3,256,8,0,0.00025,198
2489,32,2,3,3,256,16,0,0.00025,198
2490,32,2,3,3,256,32,0,0.00025,198
2491,32,2,3,3,128,1,0,0.000273,295
2492,32,2,3,3,128,2,0,0.000262,275
2493,32,2,3,3,128,4,0,0.000262,270
2494,32,2,3,3,128,8,0,0.000262,270
2495,32,2,3,3,128,16,0,0.000262,270
2496,32,2,3,3,128,32,0,0.000262,270
2497,32,2,3,4,512,1,0,3.70E-05,147
2498,32,2,3,4,512,2,0,3.70E-05,147
2499,32,2,3,4,512,4,0,4.00E-05,152
2500,32,2,3,4,512,8,0,4.00E-05,152
2501,32,2,3,4,512,16,0,4.00E-05,152
2502,32,2,3,4,512,32,0,4.20E-05,159
2503,32,2,3,4,256,1,0,3.60E-05,238
2504,32,2,3,4,256,2,0,3.60E-05,238
2505,32,2,3,4,256,4,0,4.20E-05,261
2506,32,2,3,4,256,8,0,4.20E-05,261
2507,32,2,3,4,256,16,0,4.20E-05,261
2508,32,2,3,4,256,32,0,4.20E-05,261
2509,32,2,3,4,128,1,0,4.00E-05,325
2510,32,2,3,4,128,2,0,4.00E-05,325
2511,32,2,3,4,128,4,0,4.40E-05,348
2512,32,2,3,4,128,8,0,4.40E-05,348
2513,32,2,3,4,128,16,0,4.40E-05,348
2514,32,2,3,4,128,32,0,4.40E-05,348
2515,32,2,4,1,512,1,0,0.000148,142
2516,32,2,4,1,512,2,0,0.000144,146
2517,32,2,4,1,512,4,0,0.000158,118
2518,32,2,4,1,512,8,0,0.000158,118
2519,32,2,4,1,512,16,0,0.000158,118
2520,32,2,4,1,512,32,0,0.000158,118
2521,32,2,4,1,256,1,0,0.000153,204
2522,32,2,4,1,256,2,0,0.000145,201
2523,32,2,4,1,256,4,0,0.000148,135
2524,32,2,4,1,256,8,0,0.000137,137
2525,32,2,4,1,256,16,0,0.000137,137
2526,32,2,4,1,256,32,0,0.000137,137
2527,32,2,4,1,128,1,0,0.000176,252
2528,32,2,4,1,128,2,0,0.00017,268
2529,32,2,4,1,128,4,0,0.000158,233
2530,32,2,4,1,128,8,0,0.000153,230
2531,32,2,4,1,128,16,0,0.000158,233
2532,32,2,4,1,128,32,0,0.000158,233
2533,32,2,4,2,512,1,0,0.000146,129
2534,32,2,4,2,512,2,0,0.000146,129
2535,32,2,4,2,512,4,0,0.00015,115
2536,32,2,4,2,512,8,0,0.00015,115
2537,32,2,4,2,512,16,0,0.00015,115
2538,32,2,4,2,512,32,0,0.00015,115
2539,32,2,4,2,256,1,0,0.000138,196
2540,32,2,4,2,256,2,0,0.000138,196
2541,32,2,4,2,256,4,0,0.000159,201
2542,32,2,4,2,256,8,0,0.000159,201
2543,32,2,4,2,256,16,0,0.000159,201
2544,32,2,4,2,256,32,0,0.000159,201
2545,32,2,4,2,128,1,0,0.000159,248
2546,32,2,4,2,128,2,0,0.000159,248
2547,32,2,4,2,128,4,0,0.000158,279
2548,32,2,4,2,128,8,0,0.000158,279
2549,32,2,4,2,128,16,0,0.000158,279
2550,32,2,4,2,128,32,0,0.000158,279
2551,32,2,4,3,512,1,0,0.000243,174
2552,32,2,4,3,512,2,0,0.000243,174
2553,32,2,4,3,512,4,0,0.000246,139
2554,32,2,4,3,512,8,0,0.000246,139
2555,32,2,4,3,512,16,0,0.000246,139
2556,32,2,4,3,512,32,0,0.000246,139
2557,32,2,4,3,256,1,0,0.000261,255
2558,32,2,4,3,256,2,0,0.000261,255
2559,32,2,4,3,256,4,0,0.00025,198
2560,32,2,4,3,256,8,0,0.00025,198
2561,32,2,4,3,256,16,0,0.00025,198
2562,32,2,4,3,256,32,0,0.00025,198
2563,32,2,4,3,128,1,0,0.000273,295
2564,32,2,4,3,128,2,0,0.000262,275
2565,32,2,4,3,128,4,0,0.000262,270
2566,32,2,4,3,128,8,0,0.000262,270
2567,32,2,4,3,128,16,0,0.000262,270
2568,32,2,4,3,128,32,0,0.000262,270
2569,32,2,4,4,512,1,0,3.70E-05,147
2570,32,2,4,4,512,2,0,3.70E-05,147
2571,32,2,4,4,512,4,0,4.00E-05,152
2572,32,2,4,4,512,8,0,4.00E-05,152
2573,32,2,4,4,512,16,0,4.00E-05,152
2574,32,2,4,4,512,32,0,4.00E-05,152
2575,32,2,4,4,256,1,0,3.60E-05,238
2576,32,2,4,4,256,2,0,3.60E-05,238
2577,32,2,4,4,256,4,0,4.20E-05,261
2578,32,2,4,4,256,8,0,4.20E-05,261
2579,32,2,4,4,256,16,0,4.20E-05,261
2580,32,2,4,4,256,32,0,4.20E-05,261
2581,32,2,4,4,128,1,0,4.00E-05,325
2582,32,2,4,4,128,2,0,4.00E-05,325
2583,32,2,4,4,128,4,0,4.40E-05,348
2584,32,2,4,4,128,8,0,4.40E-05,348
2585,32,2,4,4,128,16,0,4.40E-05,348
2586,32,2,4,4,128,32,0,4.40E-05,348
2587,32,3,1,1,512,1,0,0.000139,141
2588,32,3,1,1,512,2,0,0.000135,144
2589,32,3,1,1,512,4,0,0.000146,115
2590,32,3,1,1,512,8,0,0.000146,115
2591,32,3,1,1,512,16,0,0.000146,115
2592,32,3,1,1,512,32,0,0.000146,115
2593,32,3,1,1,256,1,0,0.00019,217
2594,32,3,1,1,256,2,0,0.000178,205
2595,32,3,1,1,256,4,0,0.000184,203
2596,32,3,1,1,256,8,0,0.000184,203
2597,32,3,1,1,256,16,0,0.000184,203
2598,32,3,1,1,256,32,0,0.000184,203
2599,32,3,1,1,128,1,0,0.000188,334
2600,32,3,1,1,128,2,0,0.000176,325
2601,32,3,1,1,128,4,0,0.000217,288
2602,32,3,1,1,128,8,0,0.000217,288
2603,32,3,1,1,128,16,0,0.000217,288
2604,32,3,1,1,128,32,0,0.000217,288
2605,32,3,1,2,512,1,0,0.000152,158
2606,32,3,1,2,512,2,0,0.000152,158
2607,32,3,1,2,512,4,0,0.000138,147
2608,32,3,1,2,512,8,0,0.000138,147
2609,32,3,1,2,512,16,0,0.000138,147
2610,32,3,1,2,512,32,0,0.000138,147
2611,32,3,1,2,256,1,0,0.000167,219
2612,32,3,1,2,256,2,0,0.000167,219
2613,32,3,1,2,256,4,0,0.000169,226
2614,32,3,1,2,256,8,0,0.000169,226
2615,32,3,1,2,256,16,0,0.000169,226
2616,32,3,1,2,256,32,0,0.000169,226
2617,32,3,1,2,128,1,0,0.000183,367
2618,32,3,1,2,128,2,0,0.000183,367
2619,32,3,1,2,128,4,0,0.000172,357
2620,32,3,1,2,128,8,0,0.000172,357
2621,32,3,1,2,128,16,0,0.000172,357
2622,32,3,1,2,128,32,0,0.000172,357
2623,32,3,1,3,512,1,0,0.000296,230
2624,32,3,1,3,512,2,0,0.000296,230
2625,32,3,1,3,512,4,0,0.000281,177
2626,32,3,1,3,512,8,0,0.000281,177
2627,32,3,1,3,512,16,0,0.000281,177
2628,32,3,1,3,512,32,0,0.000287,181
2629,32,3,1,3,256,1,0,0.0003,321
2630,32,3,1,3,256,2,0,0.0003,321
2631,32,3,1,3,256,4,0,0.000305,245
2632,32,3,1,3,256,8,0,0.000305,245
2633,32,3,1,3,256,16,0,0.000305,245
2634,32,3,1,3,256,32,0,0.000305,245
2635,32,3,1,3,128,1,0,0.000291,403
2636,32,3,1,3,128,2,0,0.000309,417
2637,32,3,1,3,128,4,0,0.000312,398
2638,32,3,1,3,128,8,0,0.000312,398
2639,32,3,1,3,128,16,0,0.000312,398
2640,32,3,1,3,128,32,0,0.000312,398
2641,32,3,1,4,512,1,0,3.40E-05,163
2642,32,3,1,4,512,2,0,3.40E-05,163
2643,32,3,1,4,512,4,0,3.90E-05,165
2644,32,3,1,4,512,8,0,3.90E-05,165
2645,32,3,1,4,512,16,0,3.90E-05,165
2646,32,3,1,4,512,32,0,3.90E-05,165
2647,32,3,1,4,256,1,0,4.00E-05,251
2648,32,3,1,4,256,2,0,4.00E-05,251
2649,32,3,1,4,256,4,0,4.10E-05,298
2650,32,3,1,4,256,8,0,4.00E-05,303
2651,32,3,1,4,256,16,0,4.00E-05,303
2652,32,3,1,4,256,32,0,4.00E-05,303
2653,32,3,1,4,128,1,0,3.80E-05,390
2654,32,3,1,4,128,2,0,3.80E-05,393
2655,32,3,1,4,128,4,0,4.50E-05,449
2656,32,3,1,4,128,8,0,4.50E-05,449
2657,32,3,1,4,128,16,0,4.50E-05,456
2658,32,3,1,4,128,32,0,4.50E-05,449
2659,32,3,2,1,512,1,0,0.000139,141
2660,32,3,2,1,512,2,0,0.000135,144
2661,32,3,2,1,512,4,0,0.000146,115
2662,32,3,2,1,512,8,0,0.000146,115
2663,32,3,2,1,512,16,0,0.000146,115
2664,32,3,2,1,512,32,0,0.000146,115
2665,32,3,2,1,256,1,0,0.00019,217
2666,32,3,2,1,256,2,0,0.000178,205
2667,32,3,2,1,256,4,0,0.000184,203
2668,32,3,2,1,256,8,0,0.000184,203
2669,32,3,2,1,256,16,0,0.000184,203
2670,32,3,2,1,256,32,0,0.000184,203
2671,32,3,2,1,128,1,0,0.000188,334
2672,32,3,2,1,128,2,0,0.000176,329
2673,32,3,2,1,128,4,0,0.000217,288
2674,32,3,2,1,128,8,0,0.000217,288
2675,32,3,2,1,128,16,0,0.000217,288
2676,32,3,2,1,128,32,0,0.000217,288
2677,32,3,2,2,512,1,0,0.000152,158
2678,32,3,2,2,512,2,0,0.000152,158
2679,32,3,2,2,512,4,0,0.000138,147
2680,32,3,2,2,512,8,0,0.000138,147
2681,32,3,2,2,512,16,0,0.000138,147
2682,32,3,2,2,512,32,0,0.000138,147
2683,32,3,2,2,256,1,0,0.000167,219
2684,32,3,2,2,256,2,0,0.000167,219
2685,32,3,2,2,256,4,0,0.000169,226
2686,32,3,2,2,256,8,0,0.000169,226
2687,32,3,2,2,256,16,0,0.000169,226
2688,32,3,2,2,256,32,0,0.000169,226
2689,32,3,2,2,128,1,0,0.000183,367
2690,32,3,2,2,128,2,0,0.000183,367
2691,32,3,2,2,128,4,0,0.000172,357
2692,32,3,2,2,128,8,0,0.000172,357
2693,32,3,2,2,128,16,0,0.000172,357
2694,32,3,2,2,128,32,0,0.000172,357
2695,32,3,2,3,512,1,0,0.000296,230
2696,32,3,2,3,512,2,0,0.000296,230
2697,32,3,2,3,512,4,0,0.000281,177
2698,32,3,2,3,512,8,0,0.000281,177
2699,32,3,2,3,512,16,0,0.000281,177
2700,32,3,2,3,512,32,0,0.000281,177
2701,32,3,2,3,256,1,0,0.0003,321
2702,32,3,2,3,256,2,0,0.0003,321
2703,32,3,2,3,256,4,0,0.000305,245
2704,32,3,2,3,256,8,0,0.000305,245
2705,32,3,2,3,256,16,0,0.000305,245
2706,32,3,2,3,256,32,0,0.000305,245
2707,32,3,2,3,128,1,0,0.000291,403
2708,32,3,2,3,128,2,0,0.000309,417
2709,32,3,2,3,128,4,0,0.000312,398
2710,32,3,2,3,128,8,0,0.000312,398
2711,32,3,2,3,128,16,0,0.000312,398
2712,32,3,2,3,128,32,0,0.000312,398
2713,32,3,2,4,512,1,0,3.40E-05,159
2714,32,3,2,4,512,2,0,3.40E-05,163
2715,32,3,2,4,512,4,0,3.90E-05,165
2716,32,3,2,4,512,8,0,3.90E-05,165
2717,32,3,2,4,512,16,0,3.90E-05,165
2718,32,3,2,4,512,32,0,3.90E-05,165
2719,32,3,2,4,256,1,0,4.00E-05,251
2720,32,3,2,4,256,2,0,4.00E-05,251
2721,32,3,2,4,256,4,0,4.00E-05,303
2722,32,3,2,4,256,8,0,4.10E-05,298
2723,32,3,2,4,256,16,0,4.00E-05,303
2724,32,3,2,4,256,32,0,4.00E-05,303
2725,32,3,2,4,128,1,0,3.80E-05,390
2726,32,3,2,4,128,2,0,3.80E-05,390
2727,32,3,2,4,128,4,0,4.50E-05,449
2728,32,3,2,4,128,8,0,4.50E-05,449
2729,32,3,2,4,128,16,0,4.50E-05,449
2730,32,3,2,4,128,32,0,4.50E-05,449
2731,32,3,3,1,512,1,0,0.000139,141
2732,32,3,3,1,512,2,0,0.000135,144
2733,32,3,3,1,512,4,0,0.000146,115
2734,32,3,3,1,512,8,0,0.000146,115
2735,32,3,3,1,512,16,0,0.000146,115
2736,32,3,3,1,512,32,0,0.000146,115
2737,32,3,3,1,256,1,0,0.00019,217
2738,32,3,3,1,256,2,0,0.000178,205
2739,32,3,3,1,256,4,0,0.000184,203
2740,32,3,3,1,256,8,0,0.000184,203
2741,32,3,3,1,256,16,0,0.000184,203
2742,32,3,3,1,256,32,0,0.000184,203
2743,32,3,3,1,128,1,0,0.000188,334
2744,32,3,3,1,128,2,0,0.000176,329
2745,32,3,3,1,128,4,0,0.000217,288
2746,32,3,3,1,128,8,0,0.000217,288
2747,32,3,3,1,128,16,0,0.000217,288
2748,32,3,3,1,128,32,0,0.000217,288
2749,32,3,3,2,512,1,0,0.000152,158
2750,32,3,3,2,512,2,0,0.000152,158
2751,32,3,3,2,512,4,0,0.000138,147
2752,32,3,3,2,512,8,0,0.000138,147
2753,32,3,3,2,512,16,0,0.000138,147
2754,32,3,3,2,512,32,0,0.000142,150
2755,32,3,3,2,256,1,0,0.000167,219
2756,32,3,3,2,256,2,0,0.000167,219
2757,32,3,3,2,256,4,0,0.000169,226
2758,32,3,3,2,256,8,0,0.000169,226
2759,32,3,3,2,256,16,0,0.000169,226
2760,32,3,3,2,256,32,0,0.000169,226
2761,32,3,3,2,128,1,0,0.000183,367
2762,32,3,3,2,128,2,0,0.000183,367
2763,32,3,3,2,128,4,0,0.000172,357
2764,32,3,3,2,128,8,0,0.000172,357
2765,32,3,3,2,128,16,0,0.000172,357
2766,32,3,3,2,128,32,0,0.000172,357
2767,32,3,3,3,512,1,0,0.000296,230
2768,32,3,3,3,512,2,0,0.000296,230
2769,32,3,3,3,512,4,0,0.000281,177
2770,32,3,3,3,512,8,0,0.000281,177
2771,32,3,3,3,512,16,0,0.000281,177
2772,32,3,3,3,512,32,0,0.000281,177
2773,32,3,3,3,256,1,0,0.0003,321
2774,32,3,3,3,256,2,0,0.0003,321
2775,32,3,3,3,256,4,0,0.000305,245
2776,32,3,3,3,256,8,0,0.000305,245
2777,32,3,3,3,256,16,0,0.000305,245
2778,32,3,3,3,256,32,0,0.000305,245
2779,32,3,3,3,128,1,0,0.000291,403
2780,32,3,3,3,128,2,0,0.000309,417
2781,32,3,3,3,128,4,0,0.000312,398
2782,32,3,3,3,128,8,0,0.000312,398
2783,32,3,3,3,128,16,0,0.000312,398
2784,32,3,3,3,128,32,0,0.000312,398
2785,32,3,3,4,512,1,0,3.40E-05,163
2786,32,3,3,4,512,2,0,3.40E-05,163
2787,32,3,3,4,512,4,0,3.90E-05,165
2788,32,3,3,4,512,8,0,3.90E-05,165
2789,32,3,3,4,512,16,0,3.90E-05,165
2790,32,3,3,4,512,32,0,3.90E-05,165
2791,32,3,3,4,256,1,0,4.00E-05,251
2792,32,3,3,4,256,2,0,4.00E-05,251
2793,32,3,3,4,256,4,0,4.00E-05,303
2794,32,3,3,4,256,8,0,4.00E-05,303
2795,32,3,3,4,256,16,0,4.00E-05,303
2796,32,3,3,4,256,32,0,4.00E-05,303
2797,32,3,3,4,128,1,0,3.80E-05,390
2798,32,3,3,4,128,2,0,3.80E-05,390
2799,32,3,3,4,128,4,0,4.50E-05,449
2800,32,3,3,4,128,8,0,4.50E-05,449
2801,32,3,3,4,128,16,0,4.50E-05,449
2802,32,3,3,4,128,32,0,4.50E-05,449
2803,32,3,4,1,512,1,0,0.000139,141
2804,32,3,4,1,512,2,0,0.000135,144
2805,32,3,4,1,512,4,0,0.000146,115
2806,32,3,4,1,512,8,0,0.000146,115
2807,32,3,4,1,512,16,0,0.000146,115
2808,32,3,4,1,512,32,0,0.000146,115
2809,32,3,4,1,256,1,0,0.00019,217
2810,32,3,4,1,256,2,0,0.000178,205
2811,32,3,4,1,256,4,0,0.000184,203
2812,32,3,4,1,256,8,0,0.000184,203
2813,32,3,4,1,256,16,0,0.000184,203
2814,32,3,4,1,256,32,0,0.000184,203
2815,32,3,4,1,128,1,0,0.000188,334
2816,32,3,4,1,128,2,0,0.000176,329
2817,32,3,4,1,128,4,0,0.000217,288
2818,32,3,4,1,128,8,0,0.000217,288
2819,32,3,4,1,128,16,0,0.000217,288
2820,32,3,4,1,128,32,0,0.000217,288
2821,32,3,4,2,512,1,0,0.000152,158
2822,32,3,4,2,512,2,0,0.000152,158
2823,32,3,4,2,512,4,0,0.000138,147
2824,32,3,4,2,512,8,0,0.000138,147
2825,32,3,4,2,512,16,0,0.000138,147
2826,32,3,4,2,512,32,0,0.000138,147
2827,32,3,4,2,256,1,0,0.000167,219
2828,32,3,4,2,256,2,0,0.000167,219
2829,32,3,4,2,256,4,0,0.000175,234
2830,32,3,4,2,256,8,0,0.000169,226
2831,32,3,4,2,256,16,0,0.000169,226
2832,32,3,4,2,256,32,0,0.000169,226
2833,32,3,4,2,128,1,0,0.000183,367
2834,32,3,4,2,128,2,0,0.000183,367
2835,32,3,4,2,128,4,0,0.000172,357
2836,32,3,4,2,128,8,0,0.000172,357
2837,32,3,4,2,128,16,0,0.000172,357
2838,32,3,4,2,128,32,0,0.000172,357
2839,32,3,4,3,512,1,0,0.000296,230
2840,32,3,4,3,512,2,0,0.000296,230
2841,32,3,4,3,512,4,0,0.000281,177
2842,32,3,4,3,512,8,0,0.000281,177
2843,32,3,4,3,512,16,0,0.000281,177
2844,32,3,4,3,512,32,0,0.000281,177
2845,32,3,4,3,256,1,0,0.0003,321
2846,32,3,4,3,256,2,0,0.0003,321
2847,32,3,4,3,256,4,0,0.000305,245
2848,32,3,4,3,256,8,0,0.000305,245
2849,32,3,4,3,256,16,0,0.000305,245
2850,32,3,4,3,256,32,0,0.000305,245
2851,32,3,4,3,128,1,0,0.000291,403
2852,32,3,4,3,128,2,0,0.000309,417
2853,32,3,4,3,128,4,0,0.000312,398
2854,32,3,4,3,128,8,0,0.000312,398
2855,32,3,4,3,128,16,0,0.000312,398
2856,32,3,4,3,128,32,0,0.000312,398
2857,32,3,4,4,512,1,0,3.40E-05,163
2858,32,3,4,4,512,2,0,3.40E-05,163
2859,32,3,4,4,512,4,0,3.90E-05,165
2860,32,3,4,4,512,8,0,3.90E-05,165
2861,32,3,4,4,512,16,0,3.90E-05,165
2862,32,3,4,4,512,32,0,3.90E-05,165
2863,32,3,4,4,256,1,0,4.00E-05,251
2864,32,3,4,4,256,2,0,4.00E-05,251
2865,32,3,4,4,256,4,0,4.00E-05,303
2866,32,3,4,4,256,8,0,4.00E-05,303
2867,32,3,4,4,256,16,0,4.00E-05,303
2868,32,3,4,4,256,32,0,4.00E-05,303
2869,32,3,4,4,128,1,0,3.80E-05,390
2870,32,3,4,4,128,2,0,3.80E-05,390
2871,32,3,4,4,128,4,0,4.50E-05,449
2872,32,3,4,4,128,8,0,4.50E-05,449
2873,32,3,4,4,128,16,0,4.50E-05,449
2874,32,3,4,4,128,32,0,4.50E-05,449
