n,knob_blockdim_x,knob_blockdim_y,knob_unroll_dct,knob_unroll_width,knob_unroll_height,knob_array_partition1,knob_array_partition2,knob_I_B,obj1,obj2
0,1,1,1,1,1,1,4194304,0,1.308533,87
1,1,1,1,1,1,2,2097152,0,1.278471,115
2,1,1,1,1,1,4,1048576,0,1.398718,159
3,1,1,1,1,2,1,4194304,0,1.197342,93
4,1,1,1,1,2,2,2097152,0,1.356233,133
5,1,1,1,1,2,4,1048576,0,1.301694,197
6,1,1,1,1,4,1,4194304,0,1.28671,126
7,1,1,1,1,4,2,2097152,0,1.435962,164
8,1,1,1,1,4,4,1048576,0,1.395779,245
9,1,1,1,1,8,1,4194304,0,1.346244,150
10,1,1,1,1,8,2,2097152,0,1.484853,208
11,1,1,1,1,8,4,1048576,0,1.451762,269
12,1,1,1,2,1,1,4194304,0,1.329643,90
13,1,1,1,2,1,2,2097152,0,1.453099,115
14,1,1,1,2,1,4,1048576,0,1.339438,151
15,1,1,1,2,2,1,4194304,0,1.485237,119
16,1,1,1,2,2,2,2097152,0,1.671313,176
17,1,1,1,2,2,4,1048576,0,1.666248,229
18,1,1,1,2,4,1,4194304,0,1.519366,122
19,1,1,1,2,4,2,2097152,0,1.580317,198
20,1,1,1,2,4,4,1048576,0,1.5609,212
21,1,1,1,2,8,1,4194304,0,1.563188,172
22,1,1,1,2,8,2,2097152,0,1.617889,256
23,1,1,1,2,8,4,1048576,0,1.592733,371
24,1,1,1,4,1,1,4194304,0,1.403277,119
25,1,1,1,4,1,2,2097152,0,1.629584,166
26,1,1,1,4,1,4,1048576,0,1.625193,172
27,1,1,1,4,2,1,4194304,0,1.43458,139
28,1,1,1,4,2,2,2097152,0,1.658311,173
29,1,1,1,4,2,4,1048576,0,1.578105,307
30,1,1,1,4,4,1,4194304,0,1.563939,166
31,1,1,1,4,4,2,2097152,0,1.574576,213
32,1,1,1,4,4,4,1048576,0,1.61746,328
33,1,1,1,4,8,1,4194304,0,1.543772,242
34,1,1,1,4,8,2,2097152,0,1.676641,377
35,1,1,1,4,8,4,1048576,0,1.621602,524
36,1,1,1,8,1,1,4194304,0,1.438742,140
37,1,1,1,8,1,2,2097152,0,1.663699,192
38,1,1,1,8,1,4,1048576,0,1.620464,304
39,1,1,1,8,2,1,4194304,0,1.578105,194
40,1,1,1,8,2,2,2097152,0,1.588236,250
41,1,1,1,8,2,4,1048576,0,1.620994,366
42,1,1,1,8,4,1,4194304,0,1.611382,223
43,1,1,1,8,4,2,2097152,0,1.647513,343
44,1,1,1,8,4,4,1048576,0,1.621512,426
45,1,1,2,1,1,1,4194304,0,1.274582,103
46,1,1,2,1,1,2,2097152,0,1.31061,112
47,1,1,2,1,1,4,1048576,0,1.460088,196
48,1,1,2,1,2,1,4194304,0,1.248531,108
49,1,1,2,1,2,2,2097152,0,1.318564,165
50,1,1,2,1,2,4,1048576,0,1.300804,205
51,1,1,2,1,4,1,4194304,0,1.344904,154
52,1,1,2,1,4,2,2097152,0,1.648462,229
53,1,1,2,1,4,4,1048576,0,1.643604,311
54,1,1,2,1,8,1,4194304,0,1.388226,210
55,1,1,2,1,8,2,2097152,0,1.518052,340
56,1,1,2,1,8,4,1048576,0,1.569145,430
57,1,1,2,2,1,1,4194304,0,1.329043,102
58,1,1,2,2,1,2,2097152,0,1.461092,145
59,1,1,2,2,1,4,1048576,0,1.462936,235
60,1,1,2,2,2,1,4194304,0,1.608244,145
61,1,1,2,2,2,2,2097152,0,1.635051,201
62,1,1,2,2,2,4,1048576,0,1.573731,254
63,1,1,2,2,4,1,4194304,0,1.453293,200
64,1,1,2,2,4,2,2097152,0,1.604067,339
65,1,1,2,2,4,4,1048576,0,1.571566,368
66,1,1,2,2,8,1,4194304,0,1.574337,333
67,1,1,2,2,8,2,2097152,0,1.644695,646
68,1,1,2,2,8,4,1048576,0,1.592429,715
69,1,1,2,4,1,1,4194304,0,1.544712,145
70,1,1,2,4,1,2,2097152,0,1.539852,200
71,1,1,2,4,1,4,1048576,0,1.568173,246
72,1,1,2,4,2,1,4194304,0,1.587133,227
73,1,1,2,4,2,2,2097152,0,1.53285,347
74,1,1,2,4,2,4,1048576,0,1.556138,357
75,1,1,2,4,4,1,4194304,0,1.60105,328
76,1,1,2,4,4,2,2097152,0,1.588821,563
77,1,1,2,4,4,4,1048576,0,1.603563,716
78,1,1,2,4,8,1,4194304,0,1.609683,560
79,1,1,2,4,8,2,2097152,0,1.578357,820
80,1,1,2,4,8,4,1048576,0,1.58087,891
81,1,1,2,8,1,1,4194304,0,1.525105,196
82,1,1,2,8,1,2,2097152,0,1.568843,237
83,1,1,2,8,1,4,1048576,0,1.445339,273
84,1,1,2,8,2,1,4194304,0,1.610757,348
85,1,1,2,8,2,2,2097152,0,1.531509,476
86,1,1,2,8,2,4,1048576,0,1.571887,547
87,1,1,2,8,4,1,4194304,0,1.496514,604
88,1,1,2,8,4,2,2097152,0,1.560509,939
89,1,1,2,8,4,4,1048576,0,1.588486,969
90,1,1,4,1,1,1,4194304,0,1.294041,101
91,1,1,4,1,1,2,2097152,0,1.393468,129
92,1,1,4,1,1,4,1048576,0,1.382993,235
93,1,1,4,1,2,1,4194304,0,1.487613,114
94,1,1,4,1,2,2,2097152,0,1.456528,162
95,1,1,4,1,2,4,1048576,0,1.461016,214
96,1,1,4,1,4,1,4194304,0,1.403361,158
97,1,1,4,1,4,2,2097152,0,1.508243,213
98,1,1,4,1,4,4,1048576,0,1.432948,312
99,1,1,4,1,8,1,4194304,0,1.441021,219
100,1,1,4,1,8,2,2097152,0,1.567339,292
101,1,1,4,1,8,4,1048576,0,1.61637,403
102,1,1,4,2,1,1,4194304,0,1.538948,143
103,1,1,4,2,1,2,2097152,0,1.551585,191
104,1,1,4,2,1,4,1048576,0,1.643197,247
105,1,1,4,2,2,1,4194304,0,1.453368,168
106,1,1,4,2,2,2,2097152,0,1.58253,220
107,1,1,4,2,2,4,1048576,0,1.464838,272
108,1,1,4,2,4,1,4194304,0,1.547469,235
109,1,1,4,2,4,2,2097152,0,1.560434,328
110,1,1,4,2,4,4,1048576,0,1.602985,476
111,1,1,4,2,8,1,4194304,0,1.543072,333
112,1,1,4,2,8,2,2097152,0,1.550218,525
113,1,1,4,2,8,4,1048576,0,1.619195,658
114,1,1,4,4,1,1,4194304,0,1.498878,182
115,1,1,4,4,1,2,2097152,0,1.585835,253
116,1,1,4,4,1,4,1048576,0,1.598471,357
117,1,1,4,4,2,1,4194304,0,1.563579,263
118,1,1,4,4,2,2,2097152,0,1.571891,439
119,1,1,4,4,2,4,1048576,0,1.54945,518
120,1,1,4,4,4,1,4194304,0,1.576556,397
121,1,1,4,4,4,2,2097152,0,1.597666,543
122,1,1,4,4,4,4,1048576,0,1.60099,683
123,1,1,4,8,1,1,4194304,0,1.542938,268
124,1,1,4,8,1,2,2097152,0,1.615097,339
125,1,1,4,8,1,4,1048576,0,1.574362,450
126,1,1,4,8,2,1,4194304,0,1.523517,412
127,1,1,4,8,2,2,2097152,0,1.570893,663
128,1,1,4,8,2,4,1048576,0,1.549948,807
129,1,1,8,1,1,1,4194304,0,1.57158,104
130,1,1,8,1,1,2,2097152,0,1.529553,201
131,1,1,8,1,1,4,1048576,0,1.556969,294
132,1,1,8,1,2,1,4194304,0,1.306188,135
133,1,1,8,1,2,2,2097152,0,1.50118,177
134,1,1,8,1,2,4,1048576,0,1.457356,275
135,1,1,8,1,4,1,4194304,0,1.371377,180
136,1,1,8,1,4,2,2097152,0,1.551251,255
137,1,1,8,1,4,4,1048576,0,1.578987,365
138,1,1,8,1,8,1,4194304,0,1.429403,250
139,1,1,8,1,8,2,2097152,0,1.505386,385
140,1,1,8,1,8,4,1048576,0,1.567584,534
141,1,1,8,2,1,1,4194304,0,1.471272,128
142,1,1,8,2,1,2,2097152,0,1.45584,183
143,1,1,8,2,1,4,1048576,0,1.533163,317
144,1,1,8,2,2,1,4194304,0,1.440777,164
145,1,1,8,2,2,2,2097152,0,1.531872,249
146,1,1,8,2,2,4,1048576,0,1.570116,296
147,1,1,8,2,4,1,4194304,0,1.546654,251
148,1,1,8,2,4,2,2097152,0,1.510876,377
149,1,1,8,2,4,4,1048576,0,1.585879,517
150,1,1,8,4,1,1,4194304,0,1.477181,173
151,1,1,8,4,1,2,2097152,0,1.555982,256
152,1,1,8,4,1,4,1048576,0,1.499672,334
153,1,1,8,4,2,1,4194304,0,1.569623,261
154,1,1,8,4,2,2,2097152,0,1.472455,365
155,1,1,8,4,2,4,1048576,0,1.56355,582
156,1,1,8,8,1,1,4194304,0,1.476853,274
157,1,1,8,8,1,2,2097152,0,1.550072,394
158,1,1,8,8,1,4,1048576,0,1.521506,565
159,1,2,1,1,1,1,4194304,0,1.390139,92
160,1,2,1,1,1,2,2097152,0,1.257601,109
161,1,2,1,1,1,4,1048576,0,1.31038,180
162,1,2,1,1,2,1,4194304,0,1.229876,93
163,1,2,1,1,2,2,2097152,0,1.373516,129
164,1,2,1,1,2,4,1048576,0,1.322601,197
165,1,2,1,1,4,1,4194304,0,1.509928,136
166,1,2,1,1,4,2,2097152,0,1.541789,171
167,1,2,1,1,4,4,1048576,0,1.653386,208
168,1,2,1,1,8,1,4194304,0,1.416132,167
169,1,2,1,1,8,2,2097152,0,1.548288,235
170,1,2,1,1,8,4,1048576,0,1.582507,358
171,1,2,1,2,1,1,4194304,0,1.311559,86
172,1,2,1,2,1,2,2097152,0,1.552186,133
173,1,2,1,2,1,4,1048576,0,1.423695,190
174,1,2,1,2,2,1,4194304,0,1.559303,135
175,1,2,1,2,2,2,2097152,0,1.662649,228
176,1,2,1,2,2,4,1048576,0,1.631291,260
177,1,2,1,2,4,1,4194304,0,1.509253,164
178,1,2,1,2,4,2,2097152,0,1.461546,251
179,1,2,1,2,4,4,1048576,0,1.617478,314
180,1,2,1,2,8,1,4194304,0,1.594812,254
181,1,2,1,2,8,2,2097152,0,1.562278,359
182,1,2,1,2,8,4,1048576,0,1.640662,459
183,1,2,1,4,1,1,4194304,0,1.575119,140
184,1,2,1,4,1,2,2097152,0,1.662466,192
185,1,2,1,4,1,4,1048576,0,1.553029,269
186,1,2,1,4,2,1,4194304,0,1.537722,175
187,1,2,1,4,2,2,2097152,0,1.56436,224
188,1,2,1,4,2,4,1048576,0,1.599258,320
189,1,2,1,4,4,1,4194304,0,1.601463,260
190,1,2,1,4,4,2,2097152,0,1.651024,319
191,1,2,1,4,4,4,1048576,0,1.564376,471
192,1,2,1,4,8,1,4194304,0,1.565312,337
193,1,2,1,4,8,2,2097152,0,1.648247,517
194,1,2,1,4,8,4,1048576,0,1.645887,670
195,1,2,1,8,1,1,4194304,0,1.583381,155
196,1,2,1,8,1,2,2097152,0,1.557244,235
197,1,2,1,8,1,4,1048576,0,1.649482,327
198,1,2,1,8,2,1,4194304,0,1.583916,256
199,1,2,1,8,2,2,2097152,0,1.627413,341
200,1,2,1,8,2,4,1048576,0,1.653544,481
201,1,2,1,8,4,1,4194304,0,1.52493,355
202,1,2,1,8,4,2,2097152,0,1.636189,525
203,1,2,1,8,4,4,1048576,0,1.592191,627
204,1,2,2,1,1,1,4194304,0,1.358252,111
205,1,2,2,1,1,2,2097152,0,1.421664,142
206,1,2,2,1,1,4,1048576,0,1.502142,246
207,1,2,2,1,2,1,4194304,0,1.412018,145
208,1,2,2,1,2,2,2097152,0,1.470232,195
209,1,2,2,1,2,4,1048576,0,1.466719,287
210,1,2,2,1,4,1,4194304,0,1.327578,171
211,1,2,2,1,4,2,2097152,0,1.472262,249
212,1,2,2,1,4,4,1048576,0,1.607077,323
213,1,2,2,1,8,1,4194304,0,1.387391,267
214,1,2,2,1,8,2,2097152,0,1.644966,353
215,1,2,2,1,8,4,1048576,0,1.632087,435
216,1,2,2,2,1,1,4194304,0,1.622607,132
217,1,2,2,2,1,2,2097152,0,1.654564,239
218,1,2,2,2,1,4,1048576,0,1.586802,227
219,1,2,2,2,2,1,4194304,0,1.595357,194
220,1,2,2,2,2,2,2097152,0,1.44999,239
221,1,2,2,2,2,4,1048576,0,1.555377,285
222,1,2,2,2,4,1,4194304,0,1.533814,270
223,1,2,2,2,4,2,2097152,0,1.559573,359
224,1,2,2,2,4,4,1048576,0,1.594866,416
225,1,2,2,2,8,1,4194304,0,1.536917,464
226,1,2,2,2,8,2,2097152,0,1.635933,605
227,1,2,2,2,8,4,1048576,0,1.642623,679
228,1,2,2,4,1,1,4194304,0,1.543132,204
229,1,2,2,4,1,2,2097152,0,1.559362,270
230,1,2,2,4,1,4,1048576,0,1.591318,354
231,1,2,2,4,2,1,4194304,0,1.515898,309
232,1,2,2,4,2,2,2097152,0,1.649388,423
233,1,2,2,4,2,4,1048576,0,1.632827,456
234,1,2,2,4,4,1,4194304,0,1.510397,488
235,1,2,2,4,4,2,2097152,0,1.579644,600
236,1,2,2,4,4,4,1048576,0,1.565427,700
237,1,2,2,4,8,1,4194304,0,1.590606,877
238,1,2,2,8,1,1,4194304,0,1.537611,299
239,1,2,2,8,1,2,2097152,0,1.642349,411
240,1,2,2,8,1,4,1048576,0,1.557354,440
241,1,2,2,8,2,1,4194304,0,1.580802,519
242,1,2,2,8,2,2,2097152,0,1.594519,626
243,1,2,2,8,2,4,1048576,0,1.637009,749
244,1,2,4,1,1,1,4194304,0,1.327028,120
245,1,2,4,1,1,2,2097152,0,1.44987,146
246,1,2,4,1,1,4,1048576,0,1.505149,308
247,1,2,4,1,2,1,4194304,0,1.548668,144
248,1,2,4,1,2,2,2097152,0,1.641113,224
249,1,2,4,1,2,4,1048576,0,1.49257,318
250,1,2,4,1,4,1,4194304,0,1.405795,203
251,1,2,4,1,4,2,2097152,0,1.516818,278
252,1,2,4,1,4,4,1048576,0,1.520469,405
253,1,2,4,1,8,1,4194304,0,1.626931,322
254,1,2,4,1,8,2,2097152,0,1.518568,385
255,1,2,4,1,8,4,1048576,0,1.612327,563
256,1,2,4,2,1,1,4194304,0,1.564245,137
257,1,2,4,2,1,2,2097152,0,1.608567,181
258,1,2,4,2,1,4,1048576,0,1.614211,335
259,1,2,4,2,2,1,4194304,0,1.501697,205
260,1,2,4,2,2,2,2097152,0,1.522277,240
261,1,2,4,2,2,4,1048576,0,1.642606,388
262,1,2,4,2,4,1,4194304,0,1.528931,288
263,1,2,4,2,4,2,2097152,0,1.59747,393
264,1,2,4,2,4,4,1048576,0,1.540216,521
265,1,2,4,2,8,1,4194304,0,1.591749,447
266,1,2,4,2,8,2,2097152,0,1.614318,609
267,1,2,4,2,8,4,1048576,0,1.595234,802
268,1,2,4,4,1,1,4194304,0,1.530213,193
269,1,2,4,4,1,2,2097152,0,1.43194,243
270,1,2,4,4,1,4,1048576,0,1.580844,396
271,1,2,4,4,2,1,4194304,0,1.509331,303
272,1,2,4,4,2,2,2097152,0,1.541861,391
273,1,2,4,4,2,4,1048576,0,1.571238,621
274,1,2,4,4,4,1,4194304,0,1.578883,494
275,1,2,4,4,4,2,2097152,0,1.589836,583
276,1,2,4,4,4,4,1048576,0,1.618545,813
277,1,2,4,8,1,1,4194304,0,1.548971,246
278,1,2,4,8,1,2,2097152,0,1.526395,315
279,1,2,4,8,1,4,1048576,0,1.477922,453
280,1,2,4,8,2,1,4194304,0,1.5246,472
281,1,2,4,8,2,2,2097152,0,1.51099,544
282,1,2,4,8,2,4,1048576,0,1.481282,747
283,1,2,8,1,1,1,4194304,0,1.39395,114
284,1,2,8,1,1,2,2097152,0,1.495077,179
285,1,2,8,1,1,4,1048576,0,1.487033,222
286,1,2,8,1,2,1,4194304,0,1.407295,160
287,1,2,8,1,2,2,2097152,0,1.479514,212
288,1,2,8,1,2,4,1048576,0,1.454073,343
289,1,2,8,1,4,1,4194304,0,1.421597,207
290,1,2,8,1,4,2,2097152,0,1.49742,288
291,1,2,8,1,4,4,1048576,0,1.530079,426
292,1,2,8,1,8,1,4194304,0,1.430388,329
293,1,2,8,1,8,2,2097152,0,1.41808,455
294,1,2,8,1,8,4,1048576,0,1.57858,622
295,1,2,8,2,1,1,4194304,0,1.397068,137
296,1,2,8,2,1,2,2097152,0,1.554505,224
297,1,2,8,2,1,4,1048576,0,1.480137,345
298,1,2,8,2,2,1,4194304,0,1.611478,208
299,1,2,8,2,2,2,2097152,0,1.523337,322
300,1,2,8,2,2,4,1048576,0,1.572742,432
301,1,2,8,2,4,1,4194304,0,1.522857,321
302,1,2,8,2,4,2,2097152,0,1.562574,494
303,1,2,8,2,4,4,1048576,0,1.549608,650
304,1,2,8,4,1,1,4194304,0,1.537759,211
305,1,2,8,4,1,2,2097152,0,1.557131,319
306,1,2,8,4,1,4,1048576,0,1.576667,402
307,1,2,8,4,2,1,4194304,0,1.483944,303
308,1,2,8,4,2,2,2097152,0,1.540571,481
309,1,2,8,4,2,4,1048576,0,1.600973,614
310,1,2,8,8,1,1,4194304,0,1.604739,341
311,1,2,8,8,1,2,2097152,0,1.612455,464
312,1,2,8,8,1,4,1048576,0,1.601784,614
313,1,4,1,1,1,1,4194304,0,1.302114,88
314,1,4,1,1,1,2,2097152,0,1.395218,128
315,1,4,1,1,1,4,1048576,0,1.574187,201
316,1,4,1,1,2,1,4194304,0,1.350844,97
317,1,4,1,1,2,2,2097152,0,1.544086,154
318,1,4,1,1,2,4,1048576,0,1.43383,223
319,1,4,1,1,4,1,4194304,0,1.368554,128
320,1,4,1,1,4,2,2097152,0,1.456077,157
321,1,4,1,1,4,4,1048576,0,1.604529,258
322,1,4,1,1,8,1,4194304,0,1.450957,163
323,1,4,1,1,8,2,2097152,0,1.463243,266
324,1,4,1,1,8,4,1048576,0,1.509358,393
325,1,4,1,2,1,1,4194304,0,1.493877,121
326,1,4,1,2,1,2,2097152,0,1.5789,134
327,1,4,1,2,1,4,1048576,0,1.58917,215
328,1,4,1,2,2,1,4194304,0,1.450326,122
329,1,4,1,2,2,2,2097152,0,1.496448,209
330,1,4,1,2,2,4,1048576,0,1.539204,217
331,1,4,1,2,4,1,4194304,0,1.549657,174
332,1,4,1,2,4,2,2097152,0,1.610418,240
333,1,4,1,2,4,4,1048576,0,1.603518,357
334,1,4,1,2,8,1,4194304,0,1.584253,264
335,1,4,1,2,8,2,2097152,0,1.601756,473
336,1,4,1,2,8,4,1048576,0,1.636596,526
337,1,4,1,4,1,1,4194304,0,1.410537,120
338,1,4,1,4,1,2,2097152,0,1.656177,197
339,1,4,1,4,1,4,1048576,0,1.568629,227
340,1,4,1,4,2,1,4194304,0,1.542065,167
341,1,4,1,4,2,2,2097152,0,1.58381,280
342,1,4,1,4,2,4,1048576,0,1.642052,392
343,1,4,1,4,4,1,4194304,0,1.515826,235
344,1,4,1,4,4,2,2097152,0,1.631625,437
345,1,4,1,4,4,4,1048576,0,1.625398,536
346,1,4,1,8,1,1,4194304,0,1.44926,158
347,1,4,1,8,1,2,2097152,0,1.613076,233
348,1,4,1,8,1,4,1048576,0,1.595062,300
349,1,4,1,8,2,1,4194304,0,1.505537,277
350,1,4,1,8,2,2,2097152,0,1.63717,499
351,1,4,1,8,2,4,1048576,0,1.633467,596
352,1,4,2,1,1,1,4194304,0,1.315364,107
353,1,4,2,1,1,2,2097152,0,1.35863,154
354,1,4,2,1,1,4,1048576,0,1.568781,244
355,1,4,2,1,2,1,4194304,0,1.48179,157
356,1,4,2,1,2,2,2097152,0,1.499828,206
357,1,4,2,1,2,4,1048576,0,1.523712,260
358,1,4,2,1,4,1,4194304,0,1.356894,228
359,1,4,2,1,4,2,2097152,0,1.433381,317
360,1,4,2,1,4,4,1048576,0,1.584017,396
361,1,4,2,1,8,1,4194304,0,1.401582,396
362,1,4,2,1,8,2,2097152,0,1.557221,484
363,1,4,2,1,8,4,1048576,0,1.600138,576
364,1,4,2,2,1,1,4194304,0,1.60503,178
365,1,4,2,2,1,2,2097152,0,1.593503,222
366,1,4,2,2,1,4,1048576,0,1.619563,230
367,1,4,2,2,2,1,4194304,0,1.54225,229
368,1,4,2,2,2,2,2097152,0,1.528053,318
369,1,4,2,2,2,4,1048576,0,1.569307,356
370,1,4,2,2,4,1,4194304,0,1.452753,410
371,1,4,2,2,4,2,2097152,0,1.590863,502
372,1,4,2,2,4,4,1048576,0,1.580175,534
373,1,4,2,2,8,1,4194304,0,1.591453,718
374,1,4,2,2,8,2,2097152,0,1.55221,911
375,1,4,2,2,8,4,1048576,0,1.625854,893
376,1,4,2,4,1,1,4194304,0,1.465708,235
377,1,4,2,4,1,2,2097152,0,1.609205,324
378,1,4,2,4,1,4,1048576,0,1.513819,365
379,1,4,2,4,2,1,4194304,0,1.526884,411
380,1,4,2,4,2,2,2097152,0,1.548763,494
381,1,4,2,4,2,4,1048576,0,1.639955,563
382,1,4,2,4,4,1,4194304,0,1.610569,678
383,1,4,2,4,4,2,2097152,0,1.607396,914
384,1,4,2,4,4,4,1048576,0,1.625766,839
385,1,4,2,8,1,1,4194304,0,1.574626,403
386,1,4,2,8,1,2,2097152,0,1.57663,537
387,1,4,2,8,1,4,1048576,0,1.644954,539
388,1,4,2,8,2,1,4194304,0,1.53156,735
389,1,4,2,8,2,2,2097152,0,1.519034,1020
390,1,4,2,8,2,4,1048576,0,1.561456,772
391,1,4,4,1,1,1,4194304,0,1.510893,128
392,1,4,4,1,1,2,2097152,0,1.620614,192
393,1,4,4,1,1,4,1048576,0,1.63669,270
394,1,4,4,1,2,1,4194304,0,1.414649,183
395,1,4,4,1,2,2,2097152,0,1.524514,243
396,1,4,4,1,2,4,1048576,0,1.528657,343
397,1,4,4,1,4,1,4194304,0,1.537784,262
398,1,4,4,1,4,2,2097152,0,1.504646,331
399,1,4,4,1,4,4,1048576,0,1.505971,502
400,1,4,4,1,8,1,4194304,0,1.616408,340
401,1,4,4,1,8,2,2097152,0,1.608289,505
402,1,4,4,1,8,4,1048576,0,1.553945,710
403,1,4,4,2,1,1,4194304,0,1.534427,181
404,1,4,4,2,1,2,2097152,0,1.530947,238
405,1,4,4,2,1,4,1048576,0,1.56973,351
406,1,4,4,2,2,1,4194304,0,1.540918,270
407,1,4,4,2,2,2,2097152,0,1.564945,351
408,1,4,4,2,2,4,1048576,0,1.586819,515
409,1,4,4,2,4,1,4194304,0,1.545239,377
410,1,4,4,2,4,2,2097152,0,1.563797,524
411,1,4,4,2,4,4,1048576,0,1.588319,735
412,1,4,4,2,8,1,4194304,0,1.610939,594
413,1,4,4,4,1,1,4194304,0,1.476749,279
414,1,4,4,4,1,2,2097152,0,1.631716,343
415,1,4,4,4,1,4,1048576,0,1.603375,532
416,1,4,4,4,2,1,4194304,0,1.62112,422
417,1,4,4,4,2,2,2097152,0,1.605709,587
418,1,4,4,4,2,4,1048576,0,1.56743,758
419,1,4,4,4,4,1,4194304,0,1.589644,584
420,1,4,4,8,1,1,4194304,0,1.54089,412
421,1,4,4,8,1,2,2097152,0,1.57669,562
422,1,4,4,8,1,4,1048576,0,1.598071,773
423,1,4,4,8,2,1,4194304,0,1.550031,699
424,1,4,8,1,1,1,4194304,0,1.559924,124
425,1,4,8,1,1,2,2097152,0,1.583071,208
426,1,4,8,1,1,4,1048576,0,1.527747,304
427,1,4,8,1,2,1,4194304,0,1.353623,149
428,1,4,8,1,2,2,2097152,0,1.476068,232
429,1,4,8,1,2,4,1048576,0,1.522682,343
430,1,4,8,1,4,1,4194304,0,1.371869,205
431,1,4,8,1,4,2,2097152,0,1.535331,338
432,1,4,8,1,4,4,1048576,0,1.600486,552
433,1,4,8,1,8,1,4194304,0,1.456974,338
434,1,4,8,1,8,2,2097152,0,1.548383,515
435,1,4,8,2,1,1,4194304,0,1.492778,191
436,1,4,8,2,1,2,2097152,0,1.482599,237
437,1,4,8,2,1,4,1048576,0,1.520358,402
438,1,4,8,2,2,1,4194304,0,1.522024,222
439,1,4,8,2,2,2,2097152,0,1.579307,353
440,1,4,8,2,2,4,1048576,0,1.58735,586
441,1,4,8,2,4,1,4194304,0,1.524662,348
442,1,4,8,2,4,2,2097152,0,1.546982,535
443,1,4,8,4,1,1,4194304,0,1.449273,225
444,1,4,8,4,1,2,2097152,0,1.547774,366
445,1,4,8,4,1,4,1048576,0,1.541863,550
446,1,4,8,4,2,1,4194304,0,1.577501,380
447,1,4,8,4,2,2,2097152,0,1.5171,629
448,1,4,8,8,1,1,4194304,0,1.478166,384
449,1,4,8,8,1,2,2097152,0,1.571742,594
450,1,8,1,1,1,1,4194304,0,1.528392,89
451,1,8,1,1,1,2,2097152,0,1.580921,147
452,1,8,1,1,1,4,1048576,0,1.581763,152
453,1,8,1,1,2,1,4194304,0,1.37542,118
454,1,8,1,1,2,2,2097152,0,1.485844,170
455,1,8,1,1,2,4,1048576,0,1.498469,231
456,1,8,1,1,4,1,4194304,0,1.407939,158
457,1,8,1,1,4,2,2097152,0,1.618499,216
458,1,8,1,1,4,4,1048576,0,1.488056,360
459,1,8,1,1,8,1,4194304,0,1.516932,223
460,1,8,1,1,8,2,2097152,0,1.553118,318
461,1,8,1,1,8,4,1048576,0,1.543019,508
462,1,8,1,2,1,1,4194304,0,1.418788,104
463,1,8,1,2,1,2,2097152,0,1.646918,166
464,1,8,1,2,1,4,1048576,0,1.558696,242
465,1,8,1,2,2,1,4194304,0,1.484497,141
466,1,8,1,2,2,2,2097152,0,1.643399,233
467,1,8,1,2,2,4,1048576,0,1.615793,324
468,1,8,1,2,4,1,4194304,0,1.59325,235
469,1,8,1,2,4,2,2097152,0,1.565647,310
470,1,8,1,2,4,4,1048576,0,1.626408,481
471,1,8,1,4,1,1,4194304,0,1.568461,149
472,1,8,1,4,1,2,2097152,0,1.508861,231
473,1,8,1,4,1,4,1048576,0,1.541018,313
474,1,8,1,4,2,1,4194304,0,1.505537,222
475,1,8,1,4,2,2,2097152,0,1.623704,368
476,1,8,1,4,2,4,1048576,0,1.58684,470
477,1,8,1,8,1,1,4194304,0,1.546068,225
478,1,8,1,8,1,2,2097152,0,1.558527,397
479,1,8,1,8,1,4,1048576,0,1.574858,535
480,1,8,2,1,1,1,4194304,0,1.516828,155
481,1,8,2,1,1,2,2097152,0,1.655481,218
482,1,8,2,1,1,4,1048576,0,1.520503,221
483,1,8,2,1,2,1,4194304,0,1.437363,222
484,1,8,2,1,2,2,2097152,0,1.430182,299
485,1,8,2,1,2,4,1048576,0,1.499828,379
486,1,8,2,1,4,1,4194304,0,1.504858,395
487,1,8,2,1,4,2,2097152,0,1.644639,441
488,1,8,2,1,4,4,1048576,0,1.598547,487
489,1,8,2,1,8,1,4194304,0,1.48391,584
490,1,8,2,1,8,2,2097152,0,1.537849,837
491,1,8,2,1,8,4,1048576,0,1.615669,838
492,1,8,2,2,1,1,4194304,0,1.574793,221
493,1,8,2,2,1,2,2097152,0,1.616055,318
494,1,8,2,2,1,4,1048576,0,1.465709,332
495,1,8,2,2,2,1,4194304,0,1.530058,348
496,1,8,2,2,2,2,2097152,0,1.560956,442
497,1,8,2,2,2,4,1048576,0,1.616573,532
498,1,8,2,2,4,1,4194304,0,1.644972,685
499,1,8,2,2,4,2,2097152,0,1.558632,780
500,1,8,2,2,4,4,1048576,0,1.6256,751
501,1,8,2,4,1,1,4194304,0,1.533197,369
502,1,8,2,4,1,2,2097152,0,1.520835,492
503,1,8,2,4,1,4,1048576,0,1.574793,526
504,1,8,2,4,2,1,4194304,0,1.601708,656
505,1,8,2,4,2,2,2097152,0,1.611562,852
506,1,8,2,4,2,4,1048576,0,1.6139,757
507,1,8,2,8,1,1,4194304,0,1.571452,715
508,1,8,2,8,1,2,2097152,0,1.575795,898
509,1,8,2,8,1,4,1048576,0,1.55341,846
510,1,8,4,1,1,1,4194304,0,1.551997,168
511,1,8,4,1,1,2,2097152,0,1.618127,227
512,1,8,4,1,1,4,1048576,0,1.57288,305
513,1,8,4,1,2,1,4194304,0,1.574392,193
514,1,8,4,1,2,2,2097152,0,1.580358,260
515,1,8,4,1,2,4,1048576,0,1.501315,404
516,1,8,4,1,4,1,4194304,0,1.508788,261
517,1,8,4,1,4,2,2097152,0,1.62179,366
518,1,8,4,1,4,4,1048576,0,1.521215,580
519,1,8,4,1,8,1,4194304,0,1.516666,397
520,1,8,4,1,8,2,2097152,0,1.546821,544
521,1,8,4,2,1,1,4194304,0,1.442938,205
522,1,8,4,2,1,2,2097152,0,1.53509,302
523,1,8,4,2,1,4,1048576,0,1.578846,410
524,1,8,4,2,2,1,4194304,0,1.544232,279
525,1,8,4,2,2,2,2097152,0,1.556991,371
526,1,8,4,2,2,4,1048576,0,1.58599,573
527,1,8,4,2,4,1,4194304,0,1.60406,455
528,1,8,4,2,4,2,2097152,0,1.500337,626
529,1,8,4,4,1,1,4194304,0,1.58995,330
530,1,8,4,4,1,2,2097152,0,1.567575,429
531,1,8,4,4,1,4,1048576,0,1.6347,632
532,1,8,4,4,2,1,4194304,0,1.605046,509
533,1,8,4,4,2,2,2097152,0,1.586984,655
534,1,8,4,4,2,4,1048576,0,1.581019,870
535,1,8,4,8,1,1,4194304,0,1.524979,494
536,1,8,4,8,1,2,2097152,0,1.490339,659
537,1,8,8,1,1,1,4194304,0,1.46093,159
538,1,8,8,1,1,2,2097152,0,1.509032,207
539,1,8,8,1,1,4,1048576,0,1.513793,307
540,1,8,8,1,2,1,4194304,0,1.503806,209
541,1,8,8,1,2,2,2097152,0,1.52219,304
542,1,8,8,1,4,1,4194304,0,1.483306,279
543,1,8,8,2,1,1,4194304,0,1.511657,222
544,1,8,8,2,1,2,2097152,0,1.552699,353
545,1,8,8,2,1,4,1048576,0,1.553356,480
546,1,8,8,2,2,1,4194304,0,1.496419,338
547,1,8,8,4,1,1,4194304,0,1.589308,368
548,1,8,8,4,1,2,2097152,0,1.509194,550
549,1,8,8,8,1,1,4194304,0,1.593248,547
550,2,1,1,1,1,1,4194304,0,1.308533,87
551,2,1,1,1,1,2,2097152,0,1.278471,115
552,2,1,1,1,1,4,1048576,0,1.398718,159
553,2,1,1,1,2,1,4194304,0,1.197342,93
554,2,1,1,1,2,2,2097152,0,1.356233,133
555,2,1,1,1,2,4,1048576,0,1.301694,197
556,2,1,1,1,4,1,4194304,0,1.28671,126
557,2,1,1,1,4,2,2097152,0,1.435962,164
558,2,1,1,1,4,4,1048576,0,1.395779,245
559,2,1,1,1,8,1,4194304,0,1.346244,150
560,2,1,1,1,8,2,2097152,0,1.484853,208
561,2,1,1,1,8,4,1048576,0,1.451762,269
562,2,1,1,2,1,1,4194304,0,1.329643,90
563,2,1,1,2,1,2,2097152,0,1.453099,115
564,2,1,1,2,1,4,1048576,0,1.339438,151
565,2,1,1,2,2,1,4194304,0,1.485237,119
566,2,1,1,2,2,2,2097152,0,1.671313,176
567,2,1,1,2,2,4,1048576,0,1.666248,229
568,2,1,1,2,4,1,4194304,0,1.519366,122
569,2,1,1,2,4,2,2097152,0,1.580317,198
570,2,1,1,2,4,4,1048576,0,1.5609,212
571,2,1,1,2,8,1,4194304,0,1.563188,172
572,2,1,1,2,8,2,2097152,0,1.617889,256
573,2,1,1,2,8,4,1048576,0,1.592733,371
574,2,1,1,4,1,1,4194304,0,1.450396,121
575,2,1,1,4,1,2,2097152,0,1.629584,166
576,2,1,1,4,1,4,1048576,0,1.625193,172
577,2,1,1,4,2,1,4194304,0,1.43458,139
578,2,1,1,4,2,2,2097152,0,1.658311,173
579,2,1,1,4,2,4,1048576,0,1.578105,307
580,2,1,1,4,4,1,4194304,0,1.563939,166
581,2,1,1,4,4,2,2097152,0,1.574576,213
582,2,1,1,4,4,4,1048576,0,1.61746,328
583,2,1,1,4,8,1,4194304,0,1.543772,242
584,2,1,1,4,8,2,2097152,0,1.676641,377
585,2,1,1,4,8,4,1048576,0,1.621602,524
586,2,1,1,8,1,1,4194304,0,1.438742,140
587,2,1,1,8,1,2,2097152,0,1.663699,192
588,2,1,1,8,1,4,1048576,0,1.563212,303
589,2,1,1,8,2,1,4194304,0,1.578105,194
590,2,1,1,8,2,2,2097152,0,1.588236,250
591,2,1,1,8,2,4,1048576,0,1.620994,366
592,2,1,1,8,4,1,4194304,0,1.611382,223
593,2,1,1,8,4,2,2097152,0,1.647513,343
594,2,1,1,8,4,4,1048576,0,1.621512,426
595,2,1,2,1,1,1,4194304,0,1.274582,103
596,2,1,2,1,1,2,2097152,0,1.31061,112
597,2,1,2,1,1,4,1048576,0,1.460088,196
598,2,1,2,1,2,1,4194304,0,1.248531,108
599,2,1,2,1,2,2,2097152,0,1.318564,165
600,2,1,2,1,2,4,1048576,0,1.300804,205
601,2,1,2,1,4,1,4194304,0,1.344904,154
602,2,1,2,1,4,2,2097152,0,1.648462,229
603,2,1,2,1,4,4,1048576,0,1.643604,311
604,2,1,2,1,8,1,4194304,0,1.388226,210
605,2,1,2,1,8,2,2097152,0,1.518052,340
606,2,1,2,1,8,4,1048576,0,1.569145,430
607,2,1,2,2,1,1,4194304,0,1.329043,102
608,2,1,2,2,1,2,2097152,0,1.461092,145
609,2,1,2,2,1,4,1048576,0,1.462936,235
610,2,1,2,2,2,1,4194304,0,1.608244,145
611,2,1,2,2,2,2,2097152,0,1.635051,201
612,2,1,2,2,2,4,1048576,0,1.573731,254
613,2,1,2,2,4,1,4194304,0,1.453293,200
614,2,1,2,2,4,2,2097152,0,1.604067,339
615,2,1,2,2,4,4,1048576,0,1.571566,368
616,2,1,2,2,8,1,4194304,0,1.574337,333
617,2,1,2,2,8,2,2097152,0,1.644695,646
618,2,1,2,2,8,4,1048576,0,1.592429,715
619,2,1,2,4,1,1,4194304,0,1.544712,145
620,2,1,2,4,1,2,2097152,0,1.539852,200
621,2,1,2,4,1,4,1048576,0,1.568173,246
622,2,1,2,4,2,1,4194304,0,1.587133,227
623,2,1,2,4,2,2,2097152,0,1.53285,347
624,2,1,2,4,2,4,1048576,0,1.556138,357
625,2,1,2,4,4,1,4194304,0,1.60105,328
626,2,1,2,4,4,2,2097152,0,1.588821,563
627,2,1,2,4,4,4,1048576,0,1.603563,716
628,2,1,2,4,8,1,4194304,0,1.609683,560
629,2,1,2,4,8,2,2097152,0,1.578357,820
630,2,1,2,4,8,4,1048576,0,1.58087,891
631,2,1,2,8,1,1,4194304,0,1.525105,196
632,2,1,2,8,1,2,2097152,0,1.568843,237
633,2,1,2,8,1,4,1048576,0,1.445339,273
634,2,1,2,8,2,1,4194304,0,1.559153,340
635,2,1,2,8,2,2,2097152,0,1.531509,476
636,2,1,2,8,2,4,1048576,0,1.571887,547
637,2,1,2,8,4,1,4194304,0,1.496514,604
638,2,1,2,8,4,2,2097152,0,1.560509,939
639,2,1,2,8,4,4,1048576,0,1.588486,969
640,2,1,4,1,1,1,4194304,0,1.294041,101
641,2,1,4,1,1,2,2097152,0,1.393468,129
642,2,1,4,1,1,4,1048576,0,1.382993,235
643,2,1,4,1,2,1,4194304,0,1.487613,114
644,2,1,4,1,2,2,2097152,0,1.456528,162
645,2,1,4,1,2,4,1048576,0,1.461016,214
646,2,1,4,1,4,1,4194304,0,1.403361,158
647,2,1,4,1,4,2,2097152,0,1.508243,213
648,2,1,4,1,4,4,1048576,0,1.432948,312
649,2,1,4,1,8,1,4194304,0,1.441021,219
650,2,1,4,1,8,2,2097152,0,1.567339,292
651,2,1,4,1,8,4,1048576,0,1.61637,403
652,2,1,4,2,1,1,4194304,0,1.538948,143
653,2,1,4,2,1,2,2097152,0,1.551585,191
654,2,1,4,2,1,4,1048576,0,1.643197,247
655,2,1,4,2,2,1,4194304,0,1.453368,168
656,2,1,4,2,2,2,2097152,0,1.58253,220
657,2,1,4,2,2,4,1048576,0,1.464838,272
658,2,1,4,2,4,1,4194304,0,1.547469,235
659,2,1,4,2,4,2,2097152,0,1.560434,328
660,2,1,4,2,4,4,1048576,0,1.602985,476
661,2,1,4,2,8,1,4194304,0,1.543072,333
662,2,1,4,2,8,2,2097152,0,1.550218,525
663,2,1,4,2,8,4,1048576,0,1.619195,658
664,2,1,4,4,1,1,4194304,0,1.498878,182
665,2,1,4,4,1,2,2097152,0,1.585835,253
666,2,1,4,4,1,4,1048576,0,1.598471,357
667,2,1,4,4,2,1,4194304,0,1.563579,263
668,2,1,4,4,2,2,2097152,0,1.573387,444
669,2,1,4,4,2,4,1048576,0,1.54945,518
670,2,1,4,4,4,1,4194304,0,1.576556,397
671,2,1,4,4,4,2,2097152,0,1.597666,543
672,2,1,4,4,4,4,1048576,0,1.60099,683
673,2,1,4,8,1,1,4194304,0,1.542938,268
674,2,1,4,8,1,2,2097152,0,1.615097,339
675,2,1,4,8,1,4,1048576,0,1.574362,450
676,2,1,4,8,2,1,4194304,0,1.523517,412
677,2,1,4,8,2,2,2097152,0,1.570893,663
678,2,1,4,8,2,4,1048576,0,1.549948,807
679,2,1,8,1,1,1,4194304,0,1.57158,104
680,2,1,8,1,1,2,2097152,0,1.529553,201
681,2,1,8,1,1,4,1048576,0,1.556969,294
682,2,1,8,1,2,1,4194304,0,1.306188,135
683,2,1,8,1,2,2,2097152,0,1.50118,177
684,2,1,8,1,2,4,1048576,0,1.430602,262
685,2,1,8,1,4,1,4194304,0,1.371377,180
686,2,1,8,1,4,2,2097152,0,1.551251,255
687,2,1,8,1,4,4,1048576,0,1.578987,365
688,2,1,8,1,8,1,4194304,0,1.429403,250
689,2,1,8,1,8,2,2097152,0,1.505386,385
690,2,1,8,1,8,4,1048576,0,1.567584,534
691,2,1,8,2,1,1,4194304,0,1.471272,128
692,2,1,8,2,1,2,2097152,0,1.45584,183
693,2,1,8,2,1,4,1048576,0,1.533163,317
694,2,1,8,2,2,1,4194304,0,1.440777,164
695,2,1,8,2,2,2,2097152,0,1.531872,249
696,2,1,8,2,2,4,1048576,0,1.570116,296
697,2,1,8,2,4,1,4194304,0,1.546654,251
698,2,1,8,2,4,2,2097152,0,1.59671,366
699,2,1,8,2,4,4,1048576,0,1.585879,517
700,2,1,8,4,1,1,4194304,0,1.477181,173
701,2,1,8,4,1,2,2097152,0,1.555982,256
702,2,1,8,4,1,4,1048576,0,1.499672,334
703,2,1,8,4,2,1,4194304,0,1.569623,261
704,2,1,8,4,2,2,2097152,0,1.472455,365
705,2,1,8,4,2,4,1048576,0,1.56355,582
706,2,1,8,8,1,1,4194304,0,1.476853,274
707,2,1,8,8,1,2,2097152,0,1.550072,394
708,2,1,8,8,1,4,1048576,0,1.521506,565
709,2,2,1,1,1,1,4194304,0,1.390139,92
710,2,2,1,1,1,2,2097152,0,1.257601,109
711,2,2,1,1,1,4,1048576,0,1.31038,180
712,2,2,1,1,2,1,4194304,0,1.229876,93
713,2,2,1,1,2,2,2097152,0,1.373516,129
714,2,2,1,1,2,4,1048576,0,1.322601,197
715,2,2,1,1,4,1,4194304,0,1.509928,136
716,2,2,1,1,4,2,2097152,0,1.502848,178
717,2,2,1,1,4,4,1048576,0,1.653386,208
718,2,2,1,1,8,1,4194304,0,1.416132,167
719,2,2,1,1,8,2,2097152,0,1.578967,221
720,2,2,1,1,8,4,1048576,0,1.582507,358
721,2,2,1,2,1,1,4194304,0,1.311559,86
722,2,2,1,2,1,2,2097152,0,1.552186,133
723,2,2,1,2,1,4,1048576,0,1.423695,190
724,2,2,1,2,2,1,4194304,0,1.559303,135
725,2,2,1,2,2,2,2097152,0,1.662649,228
726,2,2,1,2,2,4,1048576,0,1.631291,260
727,2,2,1,2,4,1,4194304,0,1.509253,164
728,2,2,1,2,4,2,2097152,0,1.461546,251
729,2,2,1,2,4,4,1048576,0,1.617478,314
730,2,2,1,2,8,1,4194304,0,1.594812,254
731,2,2,1,2,8,2,2097152,0,1.562278,359
732,2,2,1,2,8,4,1048576,0,1.640662,459
733,2,2,1,4,1,1,4194304,0,1.575119,140
734,2,2,1,4,1,2,2097152,0,1.662466,192
735,2,2,1,4,1,4,1048576,0,1.553029,269
736,2,2,1,4,2,1,4194304,0,1.537722,175
737,2,2,1,4,2,2,2097152,0,1.56436,224
738,2,2,1,4,2,4,1048576,0,1.599258,320
739,2,2,1,4,4,1,4194304,0,1.601463,260
740,2,2,1,4,4,2,2097152,0,1.651024,319
741,2,2,1,4,4,4,1048576,0,1.564376,471
742,2,2,1,4,8,1,4194304,0,1.565312,337
743,2,2,1,4,8,2,2097152,0,1.648247,517
744,2,2,1,4,8,4,1048576,0,1.645887,670
745,2,2,1,8,1,1,4194304,0,1.583381,155
746,2,2,1,8,1,2,2097152,0,1.557244,235
747,2,2,1,8,1,4,1048576,0,1.649482,327
748,2,2,1,8,2,1,4194304,0,1.583916,256
749,2,2,1,8,2,2,2097152,0,1.627413,341
750,2,2,1,8,2,4,1048576,0,1.653544,481
751,2,2,1,8,4,1,4194304,0,1.52493,355
752,2,2,1,8,4,2,2097152,0,1.636189,525
753,2,2,1,8,4,4,1048576,0,1.592191,627
754,2,2,2,1,1,1,4194304,0,1.358252,111
755,2,2,2,1,1,2,2097152,0,1.368626,145
756,2,2,2,1,1,4,1048576,0,1.502142,246
757,2,2,2,1,2,1,4194304,0,1.412018,145
758,2,2,2,1,2,2,2097152,0,1.470232,195
759,2,2,2,1,2,4,1048576,0,1.466719,287
760,2,2,2,1,4,1,4194304,0,1.327578,171
761,2,2,2,1,4,2,2097152,0,1.472262,249
762,2,2,2,1,4,4,1048576,0,1.607077,323
763,2,2,2,1,8,1,4194304,0,1.387391,267
764,2,2,2,1,8,2,2097152,0,1.644966,353
765,2,2,2,1,8,4,1048576,0,1.632087,435
766,2,2,2,2,1,1,4194304,0,1.622607,132
767,2,2,2,2,1,2,2097152,0,1.654564,239
768,2,2,2,2,1,4,1048576,0,1.586802,227
769,2,2,2,2,2,1,4194304,0,1.595357,194
770,2,2,2,2,2,2,2097152,0,1.44999,239
771,2,2,2,2,2,4,1048576,0,1.555377,285
772,2,2,2,2,4,1,4194304,0,1.525618,276
773,2,2,2,2,4,2,2097152,0,1.559573,359
774,2,2,2,2,4,4,1048576,0,1.594866,416
775,2,2,2,2,8,1,4194304,0,1.536917,464
776,2,2,2,2,8,2,2097152,0,1.630915,608
777,2,2,2,2,8,4,1048576,0,1.642623,679
778,2,2,2,4,1,1,4194304,0,1.543132,204
779,2,2,2,4,1,2,2097152,0,1.559362,270
780,2,2,2,4,1,4,1048576,0,1.591318,354
781,2,2,2,4,2,1,4194304,0,1.515898,309
782,2,2,2,4,2,2,2097152,0,1.60188,422
783,2,2,2,4,2,4,1048576,0,1.618775,436
784,2,2,2,4,4,1,4194304,0,1.510397,488
785,2,2,2,4,4,2,2097152,0,1.579644,600
786,2,2,2,4,4,4,1048576,0,1.565427,700
787,2,2,2,8,1,1,4194304,0,1.537611,299
788,2,2,2,8,1,2,2097152,0,1.642349,411
789,2,2,2,8,1,4,1048576,0,1.557354,440
790,2,2,2,8,2,1,4194304,0,1.580802,519
791,2,2,2,8,2,2,2097152,0,1.594519,626
792,2,2,2,8,2,4,1048576,0,1.637009,749
793,2,2,4,1,1,1,4194304,0,1.327028,120
794,2,2,4,1,1,2,2097152,0,1.44987,146
795,2,2,4,1,1,4,1048576,0,1.505149,308
796,2,2,4,1,2,1,4194304,0,1.548668,144
797,2,2,4,1,2,2,2097152,0,1.641113,224
798,2,2,4,1,2,4,1048576,0,1.49257,318
799,2,2,4,1,4,1,4194304,0,1.405795,203
800,2,2,4,1,4,2,2097152,0,1.516818,278
801,2,2,4,1,4,4,1048576,0,1.520469,405
802,2,2,4,1,8,1,4194304,0,1.626931,322
803,2,2,4,1,8,2,2097152,0,1.518568,385
804,2,2,4,1,8,4,1048576,0,1.612327,563
805,2,2,4,2,1,1,4194304,0,1.564245,137
806,2,2,4,2,1,2,2097152,0,1.608567,181
807,2,2,4,2,1,4,1048576,0,1.614211,335
808,2,2,4,2,2,1,4194304,0,1.501697,205
809,2,2,4,2,2,2,2097152,0,1.522277,240
810,2,2,4,2,2,4,1048576,0,1.642606,388
811,2,2,4,2,4,1,4194304,0,1.528931,288
812,2,2,4,2,4,2,2097152,0,1.59747,393
813,2,2,4,2,4,4,1048576,0,1.540216,521
814,2,2,4,2,8,1,4194304,0,1.591749,447
815,2,2,4,2,8,2,2097152,0,1.614318,609
816,2,2,4,2,8,4,1048576,0,1.595234,802
817,2,2,4,4,1,1,4194304,0,1.530213,193
818,2,2,4,4,1,2,2097152,0,1.43194,243
819,2,2,4,4,1,4,1048576,0,1.580844,396
820,2,2,4,4,2,1,4194304,0,1.509331,303
821,2,2,4,4,2,2,2097152,0,1.541861,391
822,2,2,4,4,2,4,1048576,0,1.571238,621
823,2,2,4,4,4,1,4194304,0,1.587346,487
824,2,2,4,4,4,2,2097152,0,1.589836,583
825,2,2,4,4,4,4,1048576,0,1.562287,830
826,2,2,4,8,1,1,4194304,0,1.548971,246
827,2,2,4,8,1,2,2097152,0,1.526395,315
828,2,2,4,8,1,4,1048576,0,1.477922,453
829,2,2,4,8,2,1,4194304,0,1.5246,472
830,2,2,4,8,2,2,2097152,0,1.51099,544
831,2,2,4,8,2,4,1048576,0,1.481282,747
832,2,2,8,1,1,1,4194304,0,1.39395,114
833,2,2,8,1,1,2,2097152,0,1.495077,179
834,2,2,8,1,1,4,1048576,0,1.487033,222
835,2,2,8,1,2,1,4194304,0,1.407295,160
836,2,2,8,1,2,2,2097152,0,1.479514,212
837,2,2,8,1,2,4,1048576,0,1.454073,343
838,2,2,8,1,4,1,4194304,0,1.421597,207
839,2,2,8,1,4,2,2097152,0,1.49742,288
840,2,2,8,1,4,4,1048576,0,1.530079,426
841,2,2,8,1,8,1,4194304,0,1.430388,329
842,2,2,8,1,8,2,2097152,0,1.41808,455
843,2,2,8,1,8,4,1048576,0,1.57858,622
844,2,2,8,2,1,1,4194304,0,1.397068,137
845,2,2,8,2,1,2,2097152,0,1.554505,224
846,2,2,8,2,1,4,1048576,0,1.480137,345
847,2,2,8,2,2,1,4194304,0,1.611478,208
848,2,2,8,2,2,2,2097152,0,1.523337,322
849,2,2,8,2,2,4,1048576,0,1.566177,449
850,2,2,8,2,4,1,4194304,0,1.522857,321
851,2,2,8,2,4,2,2097152,0,1.562574,494
852,2,2,8,2,4,4,1048576,0,1.549608,650
853,2,2,8,4,1,1,4194304,0,1.537759,211
854,2,2,8,4,1,2,2097152,0,1.557131,319
855,2,2,8,4,1,4,1048576,0,1.576667,402
856,2,2,8,4,2,1,4194304,0,1.483944,303
857,2,2,8,4,2,2,2097152,0,1.540571,481
858,2,2,8,4,2,4,1048576,0,1.600973,614
859,2,2,8,8,1,1,4194304,0,1.604739,341
860,2,2,8,8,1,2,2097152,0,1.612455,464
861,2,2,8,8,1,4,1048576,0,1.601784,614
862,2,4,1,1,1,1,4194304,0,1.302114,88
863,2,4,1,1,1,2,2097152,0,1.395218,128
864,2,4,1,1,1,4,1048576,0,1.574187,201
865,2,4,1,1,2,1,4194304,0,1.350844,97
866,2,4,1,1,2,2,2097152,0,1.544086,154
867,2,4,1,1,2,4,1048576,0,1.43383,223
868,2,4,1,1,4,1,4194304,0,1.368554,128
869,2,4,1,1,4,2,2097152,0,1.456077,157
870,2,4,1,1,4,4,1048576,0,1.604529,258
871,2,4,1,1,8,1,4194304,0,1.450957,163
872,2,4,1,1,8,2,2097152,0,1.463243,266
873,2,4,1,1,8,4,1048576,0,1.509358,393
874,2,4,1,2,1,1,4194304,0,1.493877,121
875,2,4,1,2,1,2,2097152,0,1.5789,134
876,2,4,1,2,1,4,1048576,0,1.58917,215
877,2,4,1,2,2,1,4194304,0,1.450326,122
878,2,4,1,2,2,2,2097152,0,1.496448,209
879,2,4,1,2,2,4,1048576,0,1.539204,217
880,2,4,1,2,4,1,4194304,0,1.537876,169
881,2,4,1,2,4,2,2097152,0,1.610418,240
882,2,4,1,2,4,4,1048576,0,1.603518,357
883,2,4,1,2,8,1,4194304,0,1.584253,264
884,2,4,1,2,8,2,2097152,0,1.601756,473
885,2,4,1,2,8,4,1048576,0,1.636596,526
886,2,4,1,4,1,1,4194304,0,1.410537,120
887,2,4,1,4,1,2,2097152,0,1.656177,197
888,2,4,1,4,1,4,1048576,0,1.568629,227
889,2,4,1,4,2,1,4194304,0,1.542065,167
890,2,4,1,4,2,2,2097152,0,1.58381,280
891,2,4,1,4,2,4,1048576,0,1.642052,392
892,2,4,1,4,4,1,4194304,0,1.515826,235
893,2,4,1,4,4,2,2097152,0,1.631625,437
894,2,4,1,4,4,4,1048576,0,1.625398,536
895,2,4,1,8,1,1,4194304,0,1.44926,158
896,2,4,1,8,1,2,2097152,0,1.613076,233
897,2,4,1,8,1,4,1048576,0,1.595062,300
898,2,4,1,8,2,1,4194304,0,1.505537,277
899,2,4,1,8,2,2,2097152,0,1.63717,499
900,2,4,1,8,2,4,1048576,0,1.633467,596
901,2,4,2,1,1,1,4194304,0,1.315364,107
902,2,4,2,1,1,2,2097152,0,1.35863,154
903,2,4,2,1,1,4,1048576,0,1.568781,244
904,2,4,2,1,2,1,4194304,0,1.48179,157
905,2,4,2,1,2,2,2097152,0,1.499828,206
906,2,4,2,1,2,4,1048576,0,1.523712,260
907,2,4,2,1,4,1,4194304,0,1.356894,228
908,2,4,2,1,4,2,2097152,0,1.433381,317
909,2,4,2,1,4,4,1048576,0,1.584017,396
910,2,4,2,1,8,1,4194304,0,1.401582,396
911,2,4,2,1,8,2,2097152,0,1.557221,484
912,2,4,2,1,8,4,1048576,0,1.600138,576
913,2,4,2,2,1,1,4194304,0,1.60503,178
914,2,4,2,2,1,2,2097152,0,1.593503,222
915,2,4,2,2,1,4,1048576,0,1.619563,230
916,2,4,2,2,2,1,4194304,0,1.54225,229
917,2,4,2,2,2,2,2097152,0,1.528053,318
918,2,4,2,2,2,4,1048576,0,1.569307,356
919,2,4,2,2,4,1,4194304,0,1.452753,410
920,2,4,2,2,4,2,2097152,0,1.590863,502
921,2,4,2,2,4,4,1048576,0,1.580175,534
922,2,4,2,2,8,1,4194304,0,1.591453,718
923,2,4,2,2,8,2,2097152,0,1.55221,911
924,2,4,2,2,8,4,1048576,0,1.625854,893
925,2,4,2,4,1,1,4194304,0,1.465708,235
926,2,4,2,4,1,2,2097152,0,1.609205,324
927,2,4,2,4,1,4,1048576,0,1.513819,365
928,2,4,2,4,2,1,4194304,0,1.526884,411
929,2,4,2,4,2,2,2097152,0,1.548763,494
930,2,4,2,4,2,4,1048576,0,1.639955,563
931,2,4,2,4,4,1,4194304,0,1.610569,678
932,2,4,2,4,4,2,2097152,0,1.607396,914
933,2,4,2,4,4,4,1048576,0,1.625766,839
934,2,4,2,8,1,1,4194304,0,1.574626,403
935,2,4,2,8,1,2,2097152,0,1.57663,537
936,2,4,2,8,1,4,1048576,0,1.644954,539
937,2,4,2,8,2,1,4194304,0,1.53156,735
938,2,4,2,8,2,2,2097152,0,1.519034,1020
939,2,4,2,8,2,4,1048576,0,1.561456,772
940,2,4,4,1,1,1,4194304,0,1.434321,132
941,2,4,4,1,1,2,2097152,0,1.620614,192
942,2,4,4,1,1,4,1048576,0,1.63669,270
943,2,4,4,1,2,1,4194304,0,1.414649,183
944,2,4,4,1,2,2,2097152,0,1.524514,243
945,2,4,4,1,2,4,1048576,0,1.528657,343
946,2,4,4,1,4,1,4194304,0,1.537784,262
947,2,4,4,1,4,2,2097152,0,1.504646,331
948,2,4,4,1,4,4,1048576,0,1.505971,502
949,2,4,4,1,8,1,4194304,0,1.616408,340
950,2,4,4,1,8,2,2097152,0,1.608289,505
951,2,4,4,1,8,4,1048576,0,1.553945,710
952,2,4,4,2,1,1,4194304,0,1.534427,181
953,2,4,4,2,1,2,2097152,0,1.530947,238
954,2,4,4,2,1,4,1048576,0,1.56973,351
955,2,4,4,2,2,1,4194304,0,1.540918,270
956,2,4,4,2,2,2,2097152,0,1.564945,351
957,2,4,4,2,2,4,1048576,0,1.586819,515
958,2,4,4,2,4,1,4194304,0,1.545239,377
959,2,4,4,2,4,2,2097152,0,1.563797,524
960,2,4,4,2,4,4,1048576,0,1.588319,735
961,2,4,4,2,8,1,4194304,0,1.610939,594
962,2,4,4,4,1,1,4194304,0,1.476749,279
963,2,4,4,4,1,2,2097152,0,1.631716,343
964,2,4,4,4,1,4,1048576,0,1.603375,532
965,2,4,4,4,2,1,4194304,0,1.62112,422
966,2,4,4,4,2,2,2097152,0,1.605709,587
967,2,4,4,4,2,4,1048576,0,1.56743,758
968,2,4,4,4,4,1,4194304,0,1.589644,584
969,2,4,4,8,1,1,4194304,0,1.54089,412
970,2,4,4,8,1,2,2097152,0,1.57669,562
971,2,4,4,8,1,4,1048576,0,1.598071,773
972,2,4,4,8,2,1,4194304,0,1.550031,699
973,2,4,8,1,1,1,4194304,0,1.559924,124
974,2,4,8,1,1,2,2097152,0,1.583071,208
975,2,4,8,1,1,4,1048576,0,1.527747,304
976,2,4,8,1,2,1,4194304,0,1.353623,149
977,2,4,8,1,2,2,2097152,0,1.476068,232
978,2,4,8,1,2,4,1048576,0,1.522682,343
979,2,4,8,1,4,1,4194304,0,1.371869,205
980,2,4,8,1,4,2,2097152,0,1.535331,338
981,2,4,8,1,4,4,1048576,0,1.600486,552
982,2,4,8,1,8,1,4194304,0,1.456974,338
983,2,4,8,1,8,2,2097152,0,1.548383,515
984,2,4,8,2,1,1,4194304,0,1.492778,191
985,2,4,8,2,1,2,2097152,0,1.482599,237
986,2,4,8,2,1,4,1048576,0,1.520358,402
987,2,4,8,2,2,1,4194304,0,1.522024,222
988,2,4,8,2,2,2,2097152,0,1.579307,353
989,2,4,8,2,2,4,1048576,0,1.58735,586
990,2,4,8,2,4,1,4194304,0,1.524662,348
991,2,4,8,2,4,2,2097152,0,1.546982,535
992,2,4,8,4,1,1,4194304,0,1.449273,225
993,2,4,8,4,1,2,2097152,0,1.547774,366
994,2,4,8,4,1,4,1048576,0,1.541863,550
995,2,4,8,4,2,1,4194304,0,1.577501,380
996,2,4,8,4,2,2,2097152,0,1.5171,629
997,2,4,8,8,1,1,4194304,0,1.478166,384
998,2,4,8,8,1,2,2097152,0,1.571742,594
999,2,8,1,1,1,1,4194304,0,1.528392,89
1000,2,8,1,1,1,2,2097152,0,1.580921,147
1001,2,8,1,1,1,4,1048576,0,1.581763,152
1002,2,8,1,1,2,1,4194304,0,1.37542,118
1003,2,8,1,1,2,2,2097152,0,1.485844,170
1004,2,8,1,1,2,4,1048576,0,1.498469,231
1005,2,8,1,1,4,1,4194304,0,1.407939,158
1006,2,8,1,1,4,2,2097152,0,1.618499,216
1007,2,8,1,1,4,4,1048576,0,1.488056,360
1008,2,8,1,1,8,1,4194304,0,1.516932,223
1009,2,8,1,1,8,2,2097152,0,1.553118,318
1010,2,8,1,1,8,4,1048576,0,1.543019,508
1011,2,8,1,2,1,1,4194304,0,1.418788,104
1012,2,8,1,2,1,2,2097152,0,1.646918,166
1013,2,8,1,2,1,4,1048576,0,1.558696,242
1014,2,8,1,2,2,1,4194304,0,1.484497,141
1015,2,8,1,2,2,2,2097152,0,1.643399,233
1016,2,8,1,2,2,4,1048576,0,1.615793,324
1017,2,8,1,2,4,1,4194304,0,1.59325,235
1018,2,8,1,2,4,2,2097152,0,1.565647,310
1019,2,8,1,2,4,4,1048576,0,1.626408,481
1020,2,8,1,4,1,1,4194304,0,1.568461,149
1021,2,8,1,4,1,2,2097152,0,1.508861,231
1022,2,8,1,4,1,4,1048576,0,1.541018,313
1023,2,8,1,4,2,1,4194304,0,1.505537,222
1024,2,8,1,4,2,2,2097152,0,1.623704,368
1025,2,8,1,4,2,4,1048576,0,1.58684,470
1026,2,8,1,8,1,1,4194304,0,1.546068,225
1027,2,8,1,8,1,2,2097152,0,1.558527,397
1028,2,8,1,8,1,4,1048576,0,1.574858,535
1029,2,8,2,1,1,1,4194304,0,1.516828,155
1030,2,8,2,1,1,2,2097152,0,1.655481,218
1031,2,8,2,1,1,4,1048576,0,1.573124,215
1032,2,8,2,1,2,1,4194304,0,1.437363,222
1033,2,8,2,1,2,2,2097152,0,1.430182,299
1034,2,8,2,1,2,4,1048576,0,1.499828,379
1035,2,8,2,1,4,1,4194304,0,1.504858,395
1036,2,8,2,1,4,2,2097152,0,1.644639,441
1037,2,8,2,1,4,4,1048576,0,1.598547,487
1038,2,8,2,1,8,1,4194304,0,1.48391,584
1039,2,8,2,1,8,2,2097152,0,1.537849,837
1040,2,8,2,1,8,4,1048576,0,1.615669,838
1041,2,8,2,2,1,1,4194304,0,1.574793,221
1042,2,8,2,2,1,2,2097152,0,1.616055,318
1043,2,8,2,2,1,4,1048576,0,1.465709,332
1044,2,8,2,2,2,1,4194304,0,1.530058,348
1045,2,8,2,2,2,2,2097152,0,1.560956,442
1046,2,8,2,2,2,4,1048576,0,1.616573,532
1047,2,8,2,2,4,1,4194304,0,1.644972,685
1048,2,8,2,2,4,2,2097152,0,1.558632,780
1049,2,8,2,2,4,4,1048576,0,1.6256,751
1050,2,8,2,4,1,1,4194304,0,1.501791,377
1051,2,8,2,4,1,2,2097152,0,1.520835,492
1052,2,8,2,4,1,4,1048576,0,1.574793,526
1053,2,8,2,4,2,1,4194304,0,1.601708,656
1054,2,8,2,4,2,2,2097152,0,1.611562,852
1055,2,8,2,4,2,4,1048576,0,1.6139,757
1056,2,8,2,8,1,1,4194304,0,1.571452,715
1057,2,8,2,8,1,2,2097152,0,1.575795,898
1058,2,8,2,8,1,4,1048576,0,1.55341,846
1059,2,8,4,1,1,1,4194304,0,1.551997,168
1060,2,8,4,1,1,2,2097152,0,1.618127,227
1061,2,8,4,1,1,4,1048576,0,1.57288,305
1062,2,8,4,1,2,1,4194304,0,1.574392,193
1063,2,8,4,1,2,2,2097152,0,1.580358,260
1064,2,8,4,1,2,4,1048576,0,1.501315,404
1065,2,8,4,1,4,1,4194304,0,1.4841,260
1066,2,8,4,1,4,2,2097152,0,1.62179,366
1067,2,8,4,1,4,4,1048576,0,1.521215,580
1068,2,8,4,1,8,1,4194304,0,1.516666,397
1069,2,8,4,1,8,2,2097152,0,1.546821,544
1070,2,8,4,2,1,1,4194304,0,1.442938,205
1071,2,8,4,2,1,2,2097152,0,1.53509,302
1072,2,8,4,2,1,4,1048576,0,1.578846,410
1073,2,8,4,2,2,1,4194304,0,1.544232,279
1074,2,8,4,2,2,2,2097152,0,1.545723,370
1075,2,8,4,2,2,4,1048576,0,1.58599,573
1076,2,8,4,2,4,1,4194304,0,1.60406,455
1077,2,8,4,2,4,2,2097152,0,1.500337,626
1078,2,8,4,4,1,1,4194304,0,1.58995,330
1079,2,8,4,4,1,2,2097152,0,1.567575,429
1080,2,8,4,4,1,4,1048576,0,1.6347,632
1081,2,8,4,4,2,1,4194304,0,1.605046,509
1082,2,8,4,4,2,2,2097152,0,1.586984,655
1083,2,8,4,4,2,4,1048576,0,1.581019,870
1084,2,8,4,8,1,1,4194304,0,1.524979,494
1085,2,8,4,8,1,2,2097152,0,1.490339,659
1086,2,8,8,1,1,1,4194304,0,1.46093,159
1087,2,8,8,1,1,2,2097152,0,1.509032,207
1088,2,8,8,1,1,4,1048576,0,1.513793,307
1089,2,8,8,1,2,1,4194304,0,1.503806,209
1090,2,8,8,1,2,2,2097152,0,1.52219,304
1091,2,8,8,1,4,1,4194304,0,1.483306,279
1092,2,8,8,2,1,1,4194304,0,1.511657,222
1093,2,8,8,2,1,2,2097152,0,1.552699,353
1094,2,8,8,2,1,4,1048576,0,1.553356,480
1095,2,8,8,2,2,1,4194304,0,1.496419,338
1096,2,8,8,4,1,1,4194304,0,1.589308,368
1097,2,8,8,4,1,2,2097152,0,1.509194,550
1098,4,1,1,1,1,1,4194304,0,1.34383,86
1099,4,1,1,1,1,2,2097152,0,1.278471,115
1100,4,1,1,1,1,4,1048576,0,1.398718,159
1101,4,1,1,1,2,1,4194304,0,1.197342,93
1102,4,1,1,1,2,2,2097152,0,1.356233,133
1103,4,1,1,1,2,4,1048576,0,1.301694,197
1104,4,1,1,1,4,1,4194304,0,1.28671,126
1105,4,1,1,1,4,2,2097152,0,1.435962,164
1106,4,1,1,1,4,4,1048576,0,1.395779,245
1107,4,1,1,1,8,1,4194304,0,1.346244,150
1108,4,1,1,1,8,2,2097152,0,1.484853,208
1109,4,1,1,1,8,4,1048576,0,1.451762,269
1110,4,1,1,2,1,1,4194304,0,1.329643,90
1111,4,1,1,2,1,2,2097152,0,1.453099,115
1112,4,1,1,2,1,4,1048576,0,1.339438,151
1113,4,1,1,2,2,1,4194304,0,1.408408,114
1114,4,1,1,2,2,2,2097152,0,1.671313,176
1115,4,1,1,2,2,4,1048576,0,1.666248,229
1116,4,1,1,2,4,1,4194304,0,1.519366,122
1117,4,1,1,2,4,2,2097152,0,1.580317,198
1118,4,1,1,2,4,4,1048576,0,1.5609,212
1119,4,1,1,2,8,1,4194304,0,1.563188,172
1120,4,1,1,2,8,2,2097152,0,1.617889,256
1121,4,1,1,2,8,4,1048576,0,1.592733,371
1122,4,1,1,4,1,1,4194304,0,1.403277,119
1123,4,1,1,4,1,2,2097152,0,1.629584,166
1124,4,1,1,4,1,4,1048576,0,1.625193,172
1125,4,1,1,4,2,1,4194304,0,1.43458,139
1126,4,1,1,4,2,2,2097152,0,1.658311,173
1127,4,1,1,4,2,4,1048576,0,1.578105,307
1128,4,1,1,4,4,1,4194304,0,1.563939,166
1129,4,1,1,4,4,2,2097152,0,1.574576,213
1130,4,1,1,4,4,4,1048576,0,1.61746,328
1131,4,1,1,4,8,1,4194304,0,1.543772,242
1132,4,1,1,4,8,2,2097152,0,1.676641,377
1133,4,1,1,4,8,4,1048576,0,1.621602,524
1134,4,1,1,8,1,1,4194304,0,1.438742,140
1135,4,1,1,8,1,2,2097152,0,1.663699,192
1136,4,1,1,8,1,4,1048576,0,1.620464,304
1137,4,1,1,8,2,1,4194304,0,1.578105,194
1138,4,1,1,8,2,2,2097152,0,1.588236,250
1139,4,1,1,8,2,4,1048576,0,1.620994,366
1140,4,1,1,8,4,1,4194304,0,1.611382,223
1141,4,1,1,8,4,2,2097152,0,1.647513,343
1142,4,1,1,8,4,4,1048576,0,1.621512,426
1143,4,1,2,1,1,1,4194304,0,1.274582,103
1144,4,1,2,1,1,2,2097152,0,1.31061,112
1145,4,1,2,1,1,4,1048576,0,1.460088,196
1146,4,1,2,1,2,1,4194304,0,1.248531,108
1147,4,1,2,1,2,2,2097152,0,1.318564,165
1148,4,1,2,1,2,4,1048576,0,1.300804,205
1149,4,1,2,1,4,1,4194304,0,1.344904,154
1150,4,1,2,1,4,2,2097152,0,1.648462,229
1151,4,1,2,1,4,4,1048576,0,1.643604,311
1152,4,1,2,1,8,1,4194304,0,1.388226,210
1153,4,1,2,1,8,2,2097152,0,1.518052,340
1154,4,1,2,1,8,4,1048576,0,1.569145,430
1155,4,1,2,2,1,1,4194304,0,1.329043,102
1156,4,1,2,2,1,2,2097152,0,1.461092,145
1157,4,1,2,2,1,4,1048576,0,1.462936,235
1158,4,1,2,2,2,1,4194304,0,1.608244,145
1159,4,1,2,2,2,2,2097152,0,1.635051,201
1160,4,1,2,2,2,4,1048576,0,1.573731,254
1161,4,1,2,2,4,1,4194304,0,1.453293,200
1162,4,1,2,2,4,2,2097152,0,1.604067,339
1163,4,1,2,2,4,4,1048576,0,1.571566,368
1164,4,1,2,2,8,1,4194304,0,1.574337,333
1165,4,1,2,2,8,2,2097152,0,1.644695,646
1166,4,1,2,2,8,4,1048576,0,1.592429,715
1167,4,1,2,4,1,1,4194304,0,1.544712,145
1168,4,1,2,4,1,2,2097152,0,1.539852,200
1169,4,1,2,4,1,4,1048576,0,1.568173,246
1170,4,1,2,4,2,1,4194304,0,1.587133,227
1171,4,1,2,4,2,2,2097152,0,1.53285,347
1172,4,1,2,4,2,4,1048576,0,1.556138,357
1173,4,1,2,4,4,1,4194304,0,1.60105,328
1174,4,1,2,4,4,2,2097152,0,1.588821,563
1175,4,1,2,4,4,4,1048576,0,1.603563,716
1176,4,1,2,4,8,1,4194304,0,1.609683,560
1177,4,1,2,4,8,2,2097152,0,1.578357,820
1178,4,1,2,4,8,4,1048576,0,1.58087,891
1179,4,1,2,8,1,1,4194304,0,1.525105,196
1180,4,1,2,8,1,2,2097152,0,1.568843,237
1181,4,1,2,8,1,4,1048576,0,1.445339,273
1182,4,1,2,8,2,1,4194304,0,1.559153,340
1183,4,1,2,8,2,2,2097152,0,1.531509,476
1184,4,1,2,8,2,4,1048576,0,1.571887,547
1185,4,1,2,8,4,1,4194304,0,1.496514,604
1186,4,1,2,8,4,2,2097152,0,1.560509,939
1187,4,1,2,8,4,4,1048576,0,1.588486,969
1188,4,1,4,1,1,1,4194304,0,1.294041,101
1189,4,1,4,1,1,2,2097152,0,1.393468,129
1190,4,1,4,1,1,4,1048576,0,1.382993,235
1191,4,1,4,1,2,1,4194304,0,1.487613,114
1192,4,1,4,1,2,2,2097152,0,1.456528,162
1193,4,1,4,1,2,4,1048576,0,1.461016,214
1194,4,1,4,1,4,1,4194304,0,1.403361,158
1195,4,1,4,1,4,2,2097152,0,1.508243,213
1196,4,1,4,1,4,4,1048576,0,1.432948,312
1197,4,1,4,1,8,1,4194304,0,1.441021,219
1198,4,1,4,1,8,2,2097152,0,1.567339,292
1199,4,1,4,1,8,4,1048576,0,1.61637,403
1200,4,1,4,2,1,1,4194304,0,1.538948,143
1201,4,1,4,2,1,2,2097152,0,1.551585,191
1202,4,1,4,2,1,4,1048576,0,1.567047,240
1203,4,1,4,2,2,1,4194304,0,1.453368,168
1204,4,1,4,2,2,2,2097152,0,1.58253,220
1205,4,1,4,2,2,4,1048576,0,1.464838,272
1206,4,1,4,2,4,1,4194304,0,1.547469,235
1207,4,1,4,2,4,2,2097152,0,1.560434,328
1208,4,1,4,2,4,4,1048576,0,1.602985,476
1209,4,1,4,2,8,1,4194304,0,1.543072,333
1210,4,1,4,2,8,2,2097152,0,1.550218,525
1211,4,1,4,2,8,4,1048576,0,1.619195,658
1212,4,1,4,4,1,1,4194304,0,1.498878,182
1213,4,1,4,4,1,2,2097152,0,1.585835,253
1214,4,1,4,4,1,4,1048576,0,1.598471,357
1215,4,1,4,4,2,1,4194304,0,1.563579,263
1216,4,1,4,4,2,2,2097152,0,1.573387,444
1217,4,1,4,4,2,4,1048576,0,1.54945,518
1218,4,1,4,4,4,1,4194304,0,1.576556,397
1219,4,1,4,4,4,2,2097152,0,1.597666,543
1220,4,1,4,4,4,4,1048576,0,1.60099,683
1221,4,1,4,8,1,1,4194304,0,1.542938,268
1222,4,1,4,8,1,2,2097152,0,1.615097,339
1223,4,1,4,8,1,4,1048576,0,1.574362,450
1224,4,1,4,8,2,1,4194304,0,1.523517,412
1225,4,1,4,8,2,2,2097152,0,1.570893,663
1226,4,1,4,8,2,4,1048576,0,1.549948,807
1227,4,1,8,1,1,1,4194304,0,1.57158,104
1228,4,1,8,1,1,2,2097152,0,1.529553,201
1229,4,1,8,1,1,4,1048576,0,1.556969,294
1230,4,1,8,1,2,1,4194304,0,1.306188,135
1231,4,1,8,1,2,2,2097152,0,1.50118,177
1232,4,1,8,1,2,4,1048576,0,1.457356,275
1233,4,1,8,1,4,1,4194304,0,1.371377,180
1234,4,1,8,1,4,2,2097152,0,1.551251,255
1235,4,1,8,1,4,4,1048576,0,1.52811,357
1236,4,1,8,1,8,1,4194304,0,1.429403,250
1237,4,1,8,1,8,2,2097152,0,1.505386,385
1238,4,1,8,1,8,4,1048576,0,1.567584,534
1239,4,1,8,2,1,1,4194304,0,1.471272,128
1240,4,1,8,2,1,2,2097152,0,1.45584,183
1241,4,1,8,2,1,4,1048576,0,1.533163,317
1242,4,1,8,2,2,1,4194304,0,1.440777,164
1243,4,1,8,2,2,2,2097152,0,1.531872,249
1244,4,1,8,2,2,4,1048576,0,1.570116,296
1245,4,1,8,2,4,1,4194304,0,1.546654,251
1246,4,1,8,2,4,2,2097152,0,1.510876,377
1247,4,1,8,2,4,4,1048576,0,1.585879,517
1248,4,1,8,4,1,1,4194304,0,1.477181,173
1249,4,1,8,4,1,2,2097152,0,1.555982,256
1250,4,1,8,4,1,4,1048576,0,1.522656,348
1251,4,1,8,4,2,1,4194304,0,1.569623,261
1252,4,1,8,4,2,2,2097152,0,1.472455,365
1253,4,1,8,4,2,4,1048576,0,1.56355,582
1254,4,1,8,8,1,1,4194304,0,1.476853,274
1255,4,1,8,8,1,2,2097152,0,1.550072,394
1256,4,1,8,8,1,4,1048576,0,1.521506,565
1257,4,2,1,1,1,1,4194304,0,1.390139,92
1258,4,2,1,1,1,2,2097152,0,1.257601,109
1259,4,2,1,1,1,4,1048576,0,1.31038,180
1260,4,2,1,1,2,1,4194304,0,1.229876,93
1261,4,2,1,1,2,2,2097152,0,1.373516,129
1262,4,2,1,1,2,4,1048576,0,1.322601,197
1263,4,2,1,1,4,1,4194304,0,1.509928,136
1264,4,2,1,1,4,2,2097152,0,1.502848,178
1265,4,2,1,1,4,4,1048576,0,1.653386,208
1266,4,2,1,1,8,1,4194304,0,1.416132,167
1267,4,2,1,1,8,2,2097152,0,1.548288,235
1268,4,2,1,1,8,4,1048576,0,1.582507,358
1269,4,2,1,2,1,1,4194304,0,1.311559,86
1270,4,2,1,2,1,2,2097152,0,1.552186,133
1271,4,2,1,2,1,4,1048576,0,1.423695,190
1272,4,2,1,2,2,1,4194304,0,1.559303,135
1273,4,2,1,2,2,2,2097152,0,1.662649,228
1274,4,2,1,2,2,4,1048576,0,1.631291,260
1275,4,2,1,2,4,1,4194304,0,1.509253,164
1276,4,2,1,2,4,2,2097152,0,1.461546,251
1277,4,2,1,2,4,4,1048576,0,1.617478,314
1278,4,2,1,2,8,1,4194304,0,1.594812,254
1279,4,2,1,2,8,2,2097152,0,1.562278,359
1280,4,2,1,2,8,4,1048576,0,1.640662,459
1281,4,2,1,4,1,1,4194304,0,1.575119,140
1282,4,2,1,4,1,2,2097152,0,1.662466,192
1283,4,2,1,4,1,4,1048576,0,1.553029,269
1284,4,2,1,4,2,1,4194304,0,1.537722,175
1285,4,2,1,4,2,2,2097152,0,1.56436,224
1286,4,2,1,4,2,4,1048576,0,1.599258,320
1287,4,2,1,4,4,1,4194304,0,1.601463,260
1288,4,2,1,4,4,2,2097152,0,1.651024,319
1289,4,2,1,4,4,4,1048576,0,1.564376,471
1290,4,2,1,4,8,1,4194304,0,1.565312,337
1291,4,2,1,4,8,2,2097152,0,1.648247,517
1292,4,2,1,4,8,4,1048576,0,1.645887,670
1293,4,2,1,8,1,1,4194304,0,1.583381,155
1294,4,2,1,8,1,2,2097152,0,1.557244,235
1295,4,2,1,8,1,4,1048576,0,1.649482,327
1296,4,2,1,8,2,1,4194304,0,1.583916,256
1297,4,2,1,8,2,2,2097152,0,1.627413,341
1298,4,2,1,8,2,4,1048576,0,1.653544,481
1299,4,2,1,8,4,1,4194304,0,1.52493,355
1300,4,2,1,8,4,2,2097152,0,1.636189,525
1301,4,2,1,8,4,4,1048576,0,1.592191,627
1302,4,2,2,1,1,1,4194304,0,1.358252,111
1303,4,2,2,1,1,2,2097152,0,1.368626,145
1304,4,2,2,1,1,4,1048576,0,1.502142,246
1305,4,2,2,1,2,1,4194304,0,1.412018,145
1306,4,2,2,1,2,2,2097152,0,1.470232,195
1307,4,2,2,1,2,4,1048576,0,1.466719,287
1308,4,2,2,1,4,1,4194304,0,1.327578,171
1309,4,2,2,1,4,2,2097152,0,1.472262,249
1310,4,2,2,1,4,4,1048576,0,1.623302,317
1311,4,2,2,1,8,1,4194304,0,1.387391,267
1312,4,2,2,1,8,2,2097152,0,1.644966,353
1313,4,2,2,1,8,4,1048576,0,1.632087,435
1314,4,2,2,2,1,1,4194304,0,1.622607,132
1315,4,2,2,2,1,2,2097152,0,1.654564,239
1316,4,2,2,2,1,4,1048576,0,1.586802,227
1317,4,2,2,2,2,1,4194304,0,1.595357,194
1318,4,2,2,2,2,2,2097152,0,1.44999,239
1319,4,2,2,2,2,4,1048576,0,1.555377,285
1320,4,2,2,2,4,1,4194304,0,1.525618,276
1321,4,2,2,2,4,2,2097152,0,1.559573,359
1322,4,2,2,2,4,4,1048576,0,1.594866,416
1323,4,2,2,2,8,1,4194304,0,1.536917,464
1324,4,2,2,2,8,2,2097152,0,1.635933,605
1325,4,2,2,2,8,4,1048576,0,1.642623,679
1326,4,2,2,4,1,1,4194304,0,1.543132,204
1327,4,2,2,4,1,2,2097152,0,1.559362,270
1328,4,2,2,4,1,4,1048576,0,1.591318,354
1329,4,2,2,4,2,1,4194304,0,1.515898,309
1330,4,2,2,4,2,2,2097152,0,1.649388,423
1331,4,2,2,4,2,4,1048576,0,1.618775,436
1332,4,2,2,4,4,1,4194304,0,1.510397,488
1333,4,2,2,4,4,2,2097152,0,1.579644,600
1334,4,2,2,4,4,4,1048576,0,1.565427,700
1335,4,2,2,4,8,1,4194304,0,1.590606,877
1336,4,2,2,8,1,1,4194304,0,1.537611,299
1337,4,2,2,8,1,2,2097152,0,1.642349,411
1338,4,2,2,8,1,4,1048576,0,1.557354,440
1339,4,2,2,8,2,1,4194304,0,1.580802,519
1340,4,2,2,8,2,2,2097152,0,1.594519,626
1341,4,2,2,8,2,4,1048576,0,1.637009,749
1342,4,2,4,1,1,1,4194304,0,1.327028,120
1343,4,2,4,1,1,2,2097152,0,1.44987,146
1344,4,2,4,1,1,4,1048576,0,1.505149,308
1345,4,2,4,1,2,1,4194304,0,1.548668,144
1346,4,2,4,1,2,2,2097152,0,1.641113,224
1347,4,2,4,1,2,4,1048576,0,1.49257,318
1348,4,2,4,1,4,1,4194304,0,1.405795,203
1349,4,2,4,1,4,2,2097152,0,1.516818,278
1350,4,2,4,1,4,4,1048576,0,1.520469,405
1351,4,2,4,1,8,1,4194304,0,1.626931,322
1352,4,2,4,1,8,2,2097152,0,1.518568,385
1353,4,2,4,1,8,4,1048576,0,1.612327,563
1354,4,2,4,2,1,1,4194304,0,1.564245,137
1355,4,2,4,2,1,2,2097152,0,1.608567,181
1356,4,2,4,2,1,4,1048576,0,1.614211,335
1357,4,2,4,2,2,1,4194304,0,1.501697,205
1358,4,2,4,2,2,2,2097152,0,1.522277,240
1359,4,2,4,2,2,4,1048576,0,1.642606,388
1360,4,2,4,2,4,1,4194304,0,1.528931,288
1361,4,2,4,2,4,2,2097152,0,1.59747,393
1362,4,2,4,2,4,4,1048576,0,1.540216,521
1363,4,2,4,2,8,1,4194304,0,1.591749,447
1364,4,2,4,2,8,2,2097152,0,1.614318,609
1365,4,2,4,2,8,4,1048576,0,1.595234,802
1366,4,2,4,4,1,1,4194304,0,1.530213,193
1367,4,2,4,4,1,2,2097152,0,1.43194,243
1368,4,2,4,4,1,4,1048576,0,1.580844,396
1369,4,2,4,4,2,1,4194304,0,1.509331,303
1370,4,2,4,4,2,2,2097152,0,1.541861,391
1371,4,2,4,4,2,4,1048576,0,1.571238,621
1372,4,2,4,4,4,1,4194304,0,1.578883,494
1373,4,2,4,4,4,2,2097152,0,1.589836,583
1374,4,2,4,4,4,4,1048576,0,1.562287,830
1375,4,2,4,8,1,1,4194304,0,1.548971,246
1376,4,2,4,8,1,2,2097152,0,1.526395,315
1377,4,2,4,8,1,4,1048576,0,1.477922,453
1378,4,2,4,8,2,1,4194304,0,1.5246,472
1379,4,2,4,8,2,2,2097152,0,1.51099,544
1380,4,2,4,8,2,4,1048576,0,1.481282,747
1381,4,2,8,1,1,1,4194304,0,1.39395,114
1382,4,2,8,1,1,2,2097152,0,1.495077,179
1383,4,2,8,1,1,4,1048576,0,1.487033,222
1384,4,2,8,1,2,1,4194304,0,1.407295,160
1385,4,2,8,1,2,2,2097152,0,1.479514,212
1386,4,2,8,1,2,4,1048576,0,1.454073,343
1387,4,2,8,1,4,1,4194304,0,1.421597,207
1388,4,2,8,1,4,2,2097152,0,1.49742,288
1389,4,2,8,1,4,4,1048576,0,1.530079,426
1390,4,2,8,1,8,1,4194304,0,1.430388,329
1391,4,2,8,1,8,2,2097152,0,1.41808,455
1392,4,2,8,1,8,4,1048576,0,1.57858,622
1393,4,2,8,2,1,1,4194304,0,1.397068,137
1394,4,2,8,2,1,2,2097152,0,1.554505,224
1395,4,2,8,2,1,4,1048576,0,1.480137,345
1396,4,2,8,2,2,1,4194304,0,1.611478,208
1397,4,2,8,2,2,2,2097152,0,1.523337,322
1398,4,2,8,2,2,4,1048576,0,1.566177,449
1399,4,2,8,2,4,1,4194304,0,1.474934,318
1400,4,2,8,2,4,2,2097152,0,1.562574,494
1401,4,2,8,2,4,4,1048576,0,1.549608,650
1402,4,2,8,4,1,1,4194304,0,1.537759,211
1403,4,2,8,4,1,2,2097152,0,1.557131,319
1404,4,2,8,4,1,4,1048576,0,1.576667,402
1405,4,2,8,4,2,1,4194304,0,1.483944,303
1406,4,2,8,4,2,2,2097152,0,1.540571,481
1407,4,2,8,4,2,4,1048576,0,1.600973,614
1408,4,2,8,8,1,1,4194304,0,1.604739,341
1409,4,2,8,8,1,2,2097152,0,1.612455,464
1410,4,2,8,8,1,4,1048576,0,1.601784,614
1411,4,4,1,1,1,1,4194304,0,1.302114,88
1412,4,4,1,1,1,2,2097152,0,1.415758,123
1413,4,4,1,1,1,4,1048576,0,1.574187,201
1414,4,4,1,1,2,1,4194304,0,1.350844,97
1415,4,4,1,1,2,2,2097152,0,1.544086,154
1416,4,4,1,1,2,4,1048576,0,1.43383,223
1417,4,4,1,1,4,1,4194304,0,1.368554,128
1418,4,4,1,1,4,2,2097152,0,1.456077,157
1419,4,4,1,1,4,4,1048576,0,1.604529,258
1420,4,4,1,1,8,1,4194304,0,1.450957,163
1421,4,4,1,1,8,2,2097152,0,1.463243,266
1422,4,4,1,1,8,4,1048576,0,1.509358,393
1423,4,4,1,2,1,1,4194304,0,1.493877,121
1424,4,4,1,2,1,2,2097152,0,1.5789,134
1425,4,4,1,2,1,4,1048576,0,1.58917,215
1426,4,4,1,2,2,1,4194304,0,1.450326,122
1427,4,4,1,2,2,2,2097152,0,1.496448,209
1428,4,4,1,2,2,4,1048576,0,1.539204,217
1429,4,4,1,2,4,1,4194304,0,1.537876,169
1430,4,4,1,2,4,2,2097152,0,1.610418,240
1431,4,4,1,2,4,4,1048576,0,1.603518,357
1432,4,4,1,2,8,1,4194304,0,1.584253,264
1433,4,4,1,2,8,2,2097152,0,1.601756,473
1434,4,4,1,2,8,4,1048576,0,1.636596,526
1435,4,4,1,4,1,1,4194304,0,1.451954,121
1436,4,4,1,4,1,2,2097152,0,1.656177,197
1437,4,4,1,4,1,4,1048576,0,1.568629,227
1438,4,4,1,4,2,1,4194304,0,1.542065,167
1439,4,4,1,4,2,2,2097152,0,1.58381,280
1440,4,4,1,4,2,4,1048576,0,1.642052,392
1441,4,4,1,4,4,1,4194304,0,1.515826,235
1442,4,4,1,4,4,2,2097152,0,1.631625,437
1443,4,4,1,4,4,4,1048576,0,1.625398,536
1444,4,4,1,8,1,1,4194304,0,1.44926,158
1445,4,4,1,8,1,2,2097152,0,1.613076,233
1446,4,4,1,8,1,4,1048576,0,1.595062,300
1447,4,4,1,8,2,1,4194304,0,1.505537,277
1448,4,4,1,8,2,2,2097152,0,1.63717,499
1449,4,4,1,8,2,4,1048576,0,1.633467,596
1450,4,4,2,1,1,1,4194304,0,1.315364,107
1451,4,4,2,1,1,2,2097152,0,1.35863,154
1452,4,4,2,1,1,4,1048576,0,1.568781,244
1453,4,4,2,1,2,1,4194304,0,1.48179,157
1454,4,4,2,1,2,2,2097152,0,1.499828,206
1455,4,4,2,1,2,4,1048576,0,1.523712,260
1456,4,4,2,1,4,1,4194304,0,1.356894,228
1457,4,4,2,1,4,2,2097152,0,1.433381,317
1458,4,4,2,1,4,4,1048576,0,1.584017,396
1459,4,4,2,1,8,1,4194304,0,1.401582,396
1460,4,4,2,1,8,2,2097152,0,1.557221,484
1461,4,4,2,1,8,4,1048576,0,1.600138,576
1462,4,4,2,2,1,1,4194304,0,1.60503,178
1463,4,4,2,2,1,2,2097152,0,1.593503,222
1464,4,4,2,2,1,4,1048576,0,1.619563,230
1465,4,4,2,2,2,1,4194304,0,1.54225,229
1466,4,4,2,2,2,2,2097152,0,1.528053,318
1467,4,4,2,2,2,4,1048576,0,1.569307,356
1468,4,4,2,2,4,1,4194304,0,1.452753,410
1469,4,4,2,2,4,2,2097152,0,1.590863,502
1470,4,4,2,2,4,4,1048576,0,1.580175,534
1471,4,4,2,2,8,1,4194304,0,1.591453,718
1472,4,4,2,2,8,2,2097152,0,1.55221,911
1473,4,4,2,2,8,4,1048576,0,1.625854,893
1474,4,4,2,4,1,1,4194304,0,1.465708,235
1475,4,4,2,4,1,2,2097152,0,1.609205,324
1476,4,4,2,4,1,4,1048576,0,1.513819,365
1477,4,4,2,4,2,1,4194304,0,1.526884,411
1478,4,4,2,4,2,2,2097152,0,1.548763,494
1479,4,4,2,4,2,4,1048576,0,1.639955,563
1480,4,4,2,4,4,1,4194304,0,1.610569,678
1481,4,4,2,4,4,2,2097152,0,1.607396,914
1482,4,4,2,4,4,4,1048576,0,1.625766,839
1483,4,4,2,8,1,1,4194304,0,1.574626,403
1484,4,4,2,8,1,2,2097152,0,1.57663,537
1485,4,4,2,8,1,4,1048576,0,1.644954,539
1486,4,4,2,8,2,1,4194304,0,1.535568,738
1487,4,4,2,8,2,2,2097152,0,1.519034,1020
1488,4,4,2,8,2,4,1048576,0,1.561456,772
1489,4,4,4,1,1,1,4194304,0,1.510893,128
1490,4,4,4,1,1,2,2097152,0,1.620614,192
1491,4,4,4,1,1,4,1048576,0,1.63669,270
1492,4,4,4,1,2,1,4194304,0,1.414649,183
1493,4,4,4,1,2,2,2097152,0,1.524514,243
1494,4,4,4,1,2,4,1048576,0,1.528657,343
1495,4,4,4,1,4,1,4194304,0,1.537784,262
1496,4,4,4,1,4,2,2097152,0,1.504646,331
1497,4,4,4,1,4,4,1048576,0,1.505971,502
1498,4,4,4,1,8,1,4194304,0,1.616408,340
1499,4,4,4,1,8,2,2097152,0,1.608289,505
1500,4,4,4,1,8,4,1048576,0,1.553945,710
1501,4,4,4,2,1,1,4194304,0,1.534427,181
1502,4,4,4,2,1,2,2097152,0,1.530947,238
1503,4,4,4,2,1,4,1048576,0,1.56973,351
1504,4,4,4,2,2,1,4194304,0,1.540918,270
1505,4,4,4,2,2,2,2097152,0,1.564945,351
1506,4,4,4,2,2,4,1048576,0,1.586819,515
1507,4,4,4,2,4,1,4194304,0,1.545239,377
1508,4,4,4,2,4,2,2097152,0,1.563797,524
1509,4,4,4,2,4,4,1048576,0,1.588319,735
1510,4,4,4,2,8,1,4194304,0,1.610939,594
1511,4,4,4,4,1,1,4194304,0,1.476749,279
1512,4,4,4,4,1,2,2097152,0,1.631716,343
1513,4,4,4,4,1,4,1048576,0,1.603375,532
1514,4,4,4,4,2,1,4194304,0,1.62112,422
1515,4,4,4,4,2,2,2097152,0,1.605709,587
1516,4,4,4,4,2,4,1048576,0,1.56743,758
1517,4,4,4,4,4,1,4194304,0,1.589644,584
1518,4,4,4,8,1,1,4194304,0,1.54089,412
1519,4,4,4,8,1,2,2097152,0,1.57669,562
1520,4,4,4,8,1,4,1048576,0,1.598071,773
1521,4,4,4,8,2,1,4194304,0,1.550031,699
1522,4,4,8,1,1,1,4194304,0,1.559924,124
1523,4,4,8,1,1,2,2097152,0,1.583071,208
1524,4,4,8,1,1,4,1048576,0,1.527747,304
1525,4,4,8,1,2,1,4194304,0,1.353623,149
1526,4,4,8,1,2,2,2097152,0,1.476068,232
1527,4,4,8,1,2,4,1048576,0,1.522682,343
1528,4,4,8,1,4,1,4194304,0,1.371869,205
1529,4,4,8,1,4,2,2097152,0,1.535331,338
1530,4,4,8,1,4,4,1048576,0,1.600486,552
1531,4,4,8,1,8,1,4194304,0,1.456974,338
1532,4,4,8,1,8,2,2097152,0,1.548383,515
1533,4,4,8,2,1,1,4194304,0,1.492778,191
1534,4,4,8,2,1,2,2097152,0,1.482599,237
1535,4,4,8,2,1,4,1048576,0,1.520358,402
1536,4,4,8,2,2,1,4194304,0,1.522024,222
1537,4,4,8,2,2,2,2097152,0,1.579307,353
1538,4,4,8,2,2,4,1048576,0,1.58735,586
1539,4,4,8,2,4,1,4194304,0,1.524662,348
1540,4,4,8,2,4,2,2097152,0,1.546982,535
1541,4,4,8,4,1,1,4194304,0,1.449273,225
1542,4,4,8,4,1,2,2097152,0,1.547774,366
1543,4,4,8,4,1,4,1048576,0,1.541863,550
1544,4,4,8,4,2,1,4194304,0,1.577501,380
1545,4,4,8,4,2,2,2097152,0,1.5171,629
1546,4,4,8,8,1,1,4194304,0,1.478166,384
1547,4,4,8,8,1,2,2097152,0,1.571742,594
1548,4,8,1,1,1,1,4194304,0,1.528392,89
1549,4,8,1,1,1,2,2097152,0,1.580921,147
1550,4,8,1,1,1,4,1048576,0,1.581763,152
1551,4,8,1,1,2,1,4194304,0,1.37542,118
1552,4,8,1,1,2,2,2097152,0,1.485844,170
1553,4,8,1,1,2,4,1048576,0,1.498469,231
1554,4,8,1,1,4,1,4194304,0,1.407939,158
1555,4,8,1,1,4,2,2097152,0,1.618499,216
1556,4,8,1,1,4,4,1048576,0,1.488056,360
1557,4,8,1,1,8,1,4194304,0,1.516932,223
1558,4,8,1,1,8,2,2097152,0,1.553118,318
1559,4,8,1,1,8,4,1048576,0,1.543019,508
1560,4,8,1,2,1,1,4194304,0,1.418788,104
1561,4,8,1,2,1,2,2097152,0,1.646918,166
1562,4,8,1,2,1,4,1048576,0,1.558696,242
1563,4,8,1,2,2,1,4194304,0,1.484497,141
1564,4,8,1,2,2,2,2097152,0,1.643399,233
1565,4,8,1,2,2,4,1048576,0,1.597614,322
1566,4,8,1,2,4,1,4194304,0,1.59325,235
1567,4,8,1,2,4,2,2097152,0,1.565647,310
1568,4,8,1,2,4,4,1048576,0,1.626408,481
1569,4,8,1,4,1,1,4194304,0,1.568461,149
1570,4,8,1,4,1,2,2097152,0,1.508861,231
1571,4,8,1,4,1,4,1048576,0,1.541018,313
1572,4,8,1,4,2,1,4194304,0,1.505537,222
1573,4,8,1,4,2,2,2097152,0,1.623704,368
1574,4,8,1,4,2,4,1048576,0,1.58684,470
1575,4,8,1,8,1,1,4194304,0,1.546068,225
1576,4,8,1,8,1,2,2097152,0,1.558527,397
1577,4,8,1,8,1,4,1048576,0,1.574858,535
1578,4,8,2,1,1,1,4194304,0,1.516828,155
1579,4,8,2,1,1,2,2097152,0,1.655481,218
1580,4,8,2,1,1,4,1048576,0,1.520503,221
1581,4,8,2,1,2,1,4194304,0,1.437363,222
1582,4,8,2,1,2,2,2097152,0,1.430182,299
1583,4,8,2,1,2,4,1048576,0,1.499828,379
1584,4,8,2,1,4,1,4194304,0,1.504858,395
1585,4,8,2,1,4,2,2097152,0,1.644639,441
1586,4,8,2,1,4,4,1048576,0,1.598547,487
1587,4,8,2,1,8,1,4194304,0,1.48391,584
1588,4,8,2,1,8,2,2097152,0,1.537849,837
1589,4,8,2,1,8,4,1048576,0,1.615669,838
1590,4,8,2,2,1,1,4194304,0,1.574793,221
1591,4,8,2,2,1,2,2097152,0,1.616055,318
1592,4,8,2,2,1,4,1048576,0,1.585986,336
1593,4,8,2,2,2,1,4194304,0,1.530058,348
1594,4,8,2,2,2,2,2097152,0,1.560956,442
1595,4,8,2,2,2,4,1048576,0,1.616573,532
1596,4,8,2,2,4,1,4194304,0,1.644972,685
1597,4,8,2,2,4,2,2097152,0,1.558632,780
1598,4,8,2,2,4,4,1048576,0,1.6256,751
1599,4,8,2,4,1,1,4194304,0,1.501791,377
1600,4,8,2,4,1,2,2097152,0,1.520835,492
1601,4,8,2,4,1,4,1048576,0,1.574793,526
1602,4,8,2,4,2,1,4194304,0,1.601708,656
1603,4,8,2,4,2,2,2097152,0,1.611562,852
1604,4,8,2,4,2,4,1048576,0,1.6139,757
1605,4,8,2,8,1,1,4194304,0,1.571452,715
1606,4,8,2,8,1,2,2097152,0,1.575795,898
1607,4,8,2,8,1,4,1048576,0,1.55341,846
1608,4,8,4,1,1,1,4194304,0,1.551997,168
1609,4,8,4,1,1,2,2097152,0,1.618127,227
1610,4,8,4,1,1,4,1048576,0,1.57288,305
1611,4,8,4,1,2,1,4194304,0,1.574392,193
1612,4,8,4,1,2,2,2097152,0,1.580358,260
1613,4,8,4,1,2,4,1048576,0,1.501315,404
1614,4,8,4,1,4,1,4194304,0,1.4841,260
1615,4,8,4,1,4,2,2097152,0,1.62179,366
1616,4,8,4,1,4,4,1048576,0,1.521215,580
1617,4,8,4,1,8,1,4194304,0,1.516666,397
1618,4,8,4,1,8,2,2097152,0,1.546821,544
1619,4,8,4,2,1,1,4194304,0,1.442938,205
1620,4,8,4,2,1,2,2097152,0,1.53509,302
1621,4,8,4,2,1,4,1048576,0,1.578846,410
1622,4,8,4,2,2,1,4194304,0,1.544232,279
1623,4,8,4,2,2,2,2097152,0,1.556991,371
1624,4,8,4,2,2,4,1048576,0,1.58599,573
1625,4,8,4,2,4,1,4194304,0,1.60406,455
1626,4,8,4,2,4,2,2097152,0,1.500337,626
1627,4,8,4,2,4,4,1048576,0,1.502491,824
1628,4,8,4,4,1,1,4194304,0,1.58995,330
1629,4,8,4,4,1,2,2097152,0,1.547354,421
1630,4,8,4,4,1,4,1048576,0,1.6347,632
1631,4,8,4,4,2,1,4194304,0,1.605046,509
1632,4,8,4,4,2,2,2097152,0,1.586984,655
1633,4,8,4,4,2,4,1048576,0,1.581019,870
1634,4,8,4,8,1,1,4194304,0,1.524979,494
1635,4,8,4,8,1,2,2097152,0,1.490339,659
1636,4,8,8,1,1,1,4194304,0,1.46093,159
1637,4,8,8,1,1,2,2097152,0,1.509032,207
1638,4,8,8,1,1,4,1048576,0,1.513793,307
1639,4,8,8,1,2,1,4194304,0,1.503806,209
1640,4,8,8,1,2,2,2097152,0,1.52219,304
1641,4,8,8,1,4,1,4194304,0,1.483306,279
1642,4,8,8,2,1,1,4194304,0,1.511657,222
1643,4,8,8,2,1,2,2097152,0,1.552699,353
1644,4,8,8,2,1,4,1048576,0,1.553356,480
1645,4,8,8,2,2,1,4194304,0,1.496419,338
1646,4,8,8,4,1,1,4194304,0,1.589308,368
1647,4,8,8,4,1,2,2097152,0,1.509194,550
1648,8,1,1,1,1,1,4194304,0,1.308533,87
1649,8,1,1,1,1,2,2097152,0,1.278471,115
1650,8,1,1,1,1,4,1048576,0,1.398718,159
1651,8,1,1,1,2,1,4194304,0,1.197342,93
1652,8,1,1,1,2,2,2097152,0,1.356233,133
1653,8,1,1,1,2,4,1048576,0,1.301694,197
1654,8,1,1,1,4,1,4194304,0,1.28671,126
1655,8,1,1,1,4,2,2097152,0,1.435962,164
1656,8,1,1,1,4,4,1048576,0,1.395779,245
1657,8,1,1,1,8,1,4194304,0,1.346244,150
1658,8,1,1,1,8,2,2097152,0,1.484853,208
1659,8,1,1,1,8,4,1048576,0,1.451762,269
1660,8,1,1,2,1,1,4194304,0,1.329643,90
1661,8,1,1,2,1,2,2097152,0,1.453099,115
1662,8,1,1,2,1,4,1048576,0,1.339438,151
1663,8,1,1,2,2,1,4194304,0,1.485237,119
1664,8,1,1,2,2,2,2097152,0,1.671313,176
1665,8,1,1,2,2,4,1048576,0,1.666248,229
1666,8,1,1,2,4,1,4194304,0,1.519366,122
1667,8,1,1,2,4,2,2097152,0,1.580317,198
1668,8,1,1,2,4,4,1048576,0,1.5609,212
1669,8,1,1,2,8,1,4194304,0,1.563188,172
1670,8,1,1,2,8,2,2097152,0,1.617889,256
1671,8,1,1,2,8,4,1048576,0,1.592733,371
1672,8,1,1,4,1,1,4194304,0,1.403277,119
1673,8,1,1,4,1,2,2097152,0,1.629584,166
1674,8,1,1,4,1,4,1048576,0,1.625193,172
1675,8,1,1,4,2,1,4194304,0,1.43458,139
1676,8,1,1,4,2,2,2097152,0,1.658311,173
1677,8,1,1,4,2,4,1048576,0,1.578105,307
1678,8,1,1,4,4,1,4194304,0,1.563939,166
1679,8,1,1,4,4,2,2097152,0,1.574576,213
1680,8,1,1,4,4,4,1048576,0,1.585719,322
1681,8,1,1,4,8,1,4194304,0,1.543772,242
1682,8,1,1,4,8,2,2097152,0,1.676641,377
1683,8,1,1,4,8,4,1048576,0,1.621602,524
1684,8,1,1,8,1,1,4194304,0,1.438742,140
1685,8,1,1,8,1,2,2097152,0,1.663699,192
1686,8,1,1,8,1,4,1048576,0,1.620464,304
1687,8,1,1,8,2,1,4194304,0,1.578105,194
1688,8,1,1,8,2,2,2097152,0,1.588236,250
1689,8,1,1,8,2,4,1048576,0,1.620994,366
1690,8,1,1,8,4,1,4194304,0,1.611382,223
1691,8,1,1,8,4,2,2097152,0,1.647513,343
1692,8,1,1,8,4,4,1048576,0,1.621512,426
1693,8,1,2,1,1,1,4194304,0,1.274582,103
1694,8,1,2,1,1,2,2097152,0,1.31061,112
1695,8,1,2,1,1,4,1048576,0,1.460088,196
1696,8,1,2,1,2,1,4194304,0,1.248531,108
1697,8,1,2,1,2,2,2097152,0,1.318564,165
1698,8,1,2,1,2,4,1048576,0,1.300804,205
1699,8,1,2,1,4,1,4194304,0,1.344904,154
1700,8,1,2,1,4,2,2097152,0,1.648462,229
1701,8,1,2,1,4,4,1048576,0,1.643604,311
1702,8,1,2,1,8,1,4194304,0,1.388226,210
1703,8,1,2,1,8,2,2097152,0,1.518052,340
1704,8,1,2,1,8,4,1048576,0,1.569145,430
1705,8,1,2,2,1,1,4194304,0,1.329043,102
1706,8,1,2,2,1,2,2097152,0,1.461092,145
1707,8,1,2,2,1,4,1048576,0,1.462936,235
1708,8,1,2,2,2,1,4194304,0,1.608244,145
1709,8,1,2,2,2,2,2097152,0,1.635051,201
1710,8,1,2,2,2,4,1048576,0,1.573731,254
1711,8,1,2,2,4,1,4194304,0,1.453293,200
1712,8,1,2,2,4,2,2097152,0,1.604067,339
1713,8,1,2,2,4,4,1048576,0,1.571566,368
1714,8,1,2,2,8,1,4194304,0,1.574337,333
1715,8,1,2,2,8,2,2097152,0,1.644695,646
1716,8,1,2,2,8,4,1048576,0,1.592429,715
1717,8,1,2,4,1,1,4194304,0,1.544712,145
1718,8,1,2,4,1,2,2097152,0,1.539852,200
1719,8,1,2,4,1,4,1048576,0,1.568173,246
1720,8,1,2,4,2,1,4194304,0,1.587133,227
1721,8,1,2,4,2,2,2097152,0,1.53285,347
1722,8,1,2,4,2,4,1048576,0,1.556138,357
1723,8,1,2,4,4,1,4194304,0,1.60105,328
1724,8,1,2,4,4,2,2097152,0,1.588821,563
1725,8,1,2,4,4,4,1048576,0,1.603563,716
1726,8,1,2,4,8,1,4194304,0,1.609683,560
1727,8,1,2,4,8,2,2097152,0,1.578357,820
1728,8,1,2,4,8,4,1048576,0,1.58087,891
1729,8,1,2,8,1,1,4194304,0,1.525105,196
1730,8,1,2,8,1,2,2097152,0,1.568843,237
1731,8,1,2,8,1,4,1048576,0,1.445339,273
1732,8,1,2,8,2,1,4194304,0,1.559153,340
1733,8,1,2,8,2,2,2097152,0,1.531509,476
1734,8,1,2,8,2,4,1048576,0,1.571887,547
1735,8,1,2,8,4,1,4194304,0,1.496514,604
1736,8,1,2,8,4,2,2097152,0,1.560509,939
1737,8,1,2,8,4,4,1048576,0,1.588486,969
1738,8,1,4,1,1,1,4194304,0,1.294041,101
1739,8,1,4,1,1,2,2097152,0,1.393468,129
1740,8,1,4,1,1,4,1048576,0,1.382993,235
1741,8,1,4,1,2,1,4194304,0,1.487613,114
1742,8,1,4,1,2,2,2097152,0,1.456528,162
1743,8,1,4,1,2,4,1048576,0,1.461016,214
1744,8,1,4,1,4,1,4194304,0,1.403361,158
1745,8,1,4,1,4,2,2097152,0,1.508243,213
1746,8,1,4,1,4,4,1048576,0,1.432948,312
1747,8,1,4,1,8,1,4194304,0,1.441021,219
1748,8,1,4,1,8,2,2097152,0,1.567339,292
1749,8,1,4,1,8,4,1048576,0,1.61637,403
1750,8,1,4,2,1,1,4194304,0,1.538948,143
1751,8,1,4,2,1,2,2097152,0,1.551585,191
1752,8,1,4,2,1,4,1048576,0,1.643197,247
1753,8,1,4,2,2,1,4194304,0,1.453368,168
1754,8,1,4,2,2,2,2097152,0,1.58253,220
1755,8,1,4,2,2,4,1048576,0,1.464838,272
1756,8,1,4,2,4,1,4194304,0,1.547469,235
1757,8,1,4,2,4,2,2097152,0,1.560434,328
1758,8,1,4,2,4,4,1048576,0,1.602985,476
1759,8,1,4,2,8,1,4194304,0,1.543072,333
1760,8,1,4,2,8,2,2097152,0,1.550218,525
1761,8,1,4,2,8,4,1048576,0,1.619195,658
1762,8,1,4,4,1,1,4194304,0,1.498878,182
1763,8,1,4,4,1,2,2097152,0,1.585835,253
1764,8,1,4,4,1,4,1048576,0,1.598471,357
1765,8,1,4,4,2,1,4194304,0,1.563579,263
1766,8,1,4,4,2,2,2097152,0,1.573387,444
1767,8,1,4,4,2,4,1048576,0,1.54945,518
1768,8,1,4,4,4,1,4194304,0,1.576556,397
1769,8,1,4,4,4,2,2097152,0,1.597666,543
1770,8,1,4,4,4,4,1048576,0,1.60099,683
1771,8,1,4,8,1,1,4194304,0,1.542938,268
1772,8,1,4,8,1,2,2097152,0,1.615097,339
1773,8,1,4,8,1,4,1048576,0,1.578851,464
1774,8,1,4,8,2,1,4194304,0,1.523517,412
1775,8,1,4,8,2,2,2097152,0,1.570893,663
1776,8,1,4,8,2,4,1048576,0,1.549948,807
1777,8,1,8,1,1,1,4194304,0,1.57158,104
1778,8,1,8,1,1,2,2097152,0,1.529553,201
1779,8,1,8,1,1,4,1048576,0,1.556969,294
1780,8,1,8,1,2,1,4194304,0,1.306188,135
1781,8,1,8,1,2,2,2097152,0,1.50118,177
1782,8,1,8,1,2,4,1048576,0,1.457356,275
1783,8,1,8,1,4,1,4194304,0,1.371377,180
1784,8,1,8,1,4,2,2097152,0,1.551251,255
1785,8,1,8,1,4,4,1048576,0,1.578987,365
1786,8,1,8,1,8,1,4194304,0,1.429403,250
1787,8,1,8,1,8,2,2097152,0,1.517367,386
1788,8,1,8,1,8,4,1048576,0,1.567584,534
1789,8,1,8,2,1,1,4194304,0,1.471272,128
1790,8,1,8,2,1,2,2097152,0,1.45584,183
1791,8,1,8,2,1,4,1048576,0,1.533163,317
1792,8,1,8,2,2,1,4194304,0,1.440777,164
1793,8,1,8,2,2,2,2097152,0,1.531872,249
1794,8,1,8,2,2,4,1048576,0,1.570116,296
1795,8,1,8,2,4,1,4194304,0,1.546654,251
1796,8,1,8,2,4,2,2097152,0,1.510876,377
1797,8,1,8,2,4,4,1048576,0,1.585879,517
1798,8,1,8,4,1,1,4194304,0,1.477181,173
1799,8,1,8,4,1,2,2097152,0,1.555982,256
1800,8,1,8,4,1,4,1048576,0,1.499672,334
1801,8,1,8,4,2,1,4194304,0,1.569623,261
1802,8,1,8,4,2,2,2097152,0,1.472455,365
1803,8,1,8,4,2,4,1048576,0,1.56355,582
1804,8,1,8,8,1,1,4194304,0,1.476853,274
1805,8,1,8,8,1,2,2097152,0,1.550072,394
1806,8,1,8,8,1,4,1048576,0,1.521506,565
1807,8,2,1,1,1,1,4194304,0,1.390139,92
1808,8,2,1,1,1,2,2097152,0,1.257601,109
1809,8,2,1,1,1,4,1048576,0,1.31038,180
1810,8,2,1,1,2,1,4194304,0,1.229876,93
1811,8,2,1,1,2,2,2097152,0,1.381608,128
1812,8,2,1,1,2,4,1048576,0,1.322601,197
1813,8,2,1,1,4,1,4194304,0,1.509928,136
1814,8,2,1,1,4,2,2097152,0,1.502848,178
1815,8,2,1,1,4,4,1048576,0,1.653386,208
1816,8,2,1,1,8,1,4194304,0,1.416132,167
1817,8,2,1,1,8,2,2097152,0,1.548288,235
1818,8,2,1,1,8,4,1048576,0,1.582507,358
1819,8,2,1,2,1,1,4194304,0,1.311559,86
1820,8,2,1,2,1,2,2097152,0,1.552186,133
1821,8,2,1,2,1,4,1048576,0,1.423695,190
1822,8,2,1,2,2,1,4194304,0,1.559303,135
1823,8,2,1,2,2,2,2097152,0,1.662649,228
1824,8,2,1,2,2,4,1048576,0,1.631291,260
1825,8,2,1,2,4,1,4194304,0,1.509253,164
1826,8,2,1,2,4,2,2097152,0,1.461546,251
1827,8,2,1,2,4,4,1048576,0,1.617478,314
1828,8,2,1,2,8,1,4194304,0,1.594812,254
1829,8,2,1,2,8,2,2097152,0,1.562278,359
1830,8,2,1,2,8,4,1048576,0,1.640662,459
1831,8,2,1,4,1,1,4194304,0,1.575119,140
1832,8,2,1,4,1,2,2097152,0,1.662466,192
1833,8,2,1,4,1,4,1048576,0,1.553029,269
1834,8,2,1,4,2,1,4194304,0,1.537722,175
1835,8,2,1,4,2,2,2097152,0,1.56436,224
1836,8,2,1,4,2,4,1048576,0,1.599258,320
1837,8,2,1,4,4,1,4194304,0,1.601463,260
1838,8,2,1,4,4,2,2097152,0,1.651024,319
1839,8,2,1,4,4,4,1048576,0,1.564376,471
1840,8,2,1,4,8,1,4194304,0,1.565312,337
1841,8,2,1,4,8,2,2097152,0,1.648247,517
1842,8,2,1,4,8,4,1048576,0,1.645887,670
1843,8,2,1,8,1,1,4194304,0,1.583381,155
1844,8,2,1,8,1,2,2097152,0,1.557244,235
1845,8,2,1,8,1,4,1048576,0,1.649482,327
1846,8,2,1,8,2,1,4194304,0,1.583916,256
1847,8,2,1,8,2,2,2097152,0,1.627413,341
1848,8,2,1,8,2,4,1048576,0,1.653544,481
1849,8,2,1,8,4,1,4194304,0,1.52493,355
1850,8,2,1,8,4,2,2097152,0,1.636189,525
1851,8,2,1,8,4,4,1048576,0,1.592191,627
1852,8,2,2,1,1,1,4194304,0,1.358252,111
1853,8,2,2,1,1,2,2097152,0,1.368626,145
1854,8,2,2,1,1,4,1048576,0,1.502142,246
1855,8,2,2,1,2,1,4194304,0,1.412018,145
1856,8,2,2,1,2,2,2097152,0,1.470232,195
1857,8,2,2,1,2,4,1048576,0,1.466719,287
1858,8,2,2,1,4,1,4194304,0,1.327578,171
1859,8,2,2,1,4,2,2097152,0,1.472262,249
1860,8,2,2,1,4,4,1048576,0,1.607077,323
1861,8,2,2,1,8,1,4194304,0,1.387391,267
1862,8,2,2,1,8,2,2097152,0,1.644966,353
1863,8,2,2,1,8,4,1048576,0,1.632087,435
1864,8,2,2,2,1,1,4194304,0,1.622607,132
1865,8,2,2,2,1,2,2097152,0,1.654564,239
1866,8,2,2,2,1,4,1048576,0,1.586802,227
1867,8,2,2,2,2,1,4194304,0,1.595357,194
1868,8,2,2,2,2,2,2097152,0,1.44999,239
1869,8,2,2,2,2,4,1048576,0,1.555377,285
1870,8,2,2,2,4,1,4194304,0,1.525618,276
1871,8,2,2,2,4,2,2097152,0,1.559573,359
1872,8,2,2,2,4,4,1048576,0,1.594866,416
1873,8,2,2,2,8,1,4194304,0,1.536917,464
1874,8,2,2,2,8,2,2097152,0,1.635933,605
1875,8,2,2,2,8,4,1048576,0,1.642623,679
1876,8,2,2,4,1,1,4194304,0,1.543132,204
1877,8,2,2,4,1,2,2097152,0,1.559362,270
1878,8,2,2,4,1,4,1048576,0,1.591318,354
1879,8,2,2,4,2,1,4194304,0,1.515898,309
1880,8,2,2,4,2,2,2097152,0,1.649388,423
1881,8,2,2,4,2,4,1048576,0,1.618775,436
1882,8,2,2,4,4,1,4194304,0,1.510397,488
1883,8,2,2,4,4,2,2097152,0,1.579644,600
1884,8,2,2,4,4,4,1048576,0,1.565427,700
1885,8,2,2,8,1,1,4194304,0,1.537611,299
1886,8,2,2,8,1,2,2097152,0,1.642349,411
1887,8,2,2,8,1,4,1048576,0,1.557354,440
1888,8,2,2,8,2,1,4194304,0,1.580802,519
1889,8,2,2,8,2,2,2097152,0,1.594519,626
1890,8,2,2,8,2,4,1048576,0,1.637009,749
1891,8,2,4,1,1,1,4194304,0,1.327028,120
1892,8,2,4,1,1,2,2097152,0,1.44987,146
1893,8,2,4,1,1,4,1048576,0,1.505149,308
1894,8,2,4,1,2,1,4194304,0,1.548668,144
1895,8,2,4,1,2,2,2097152,0,1.641113,224
1896,8,2,4,1,2,4,1048576,0,1.49257,318
1897,8,2,4,1,4,1,4194304,0,1.405795,203
1898,8,2,4,1,4,2,2097152,0,1.516818,278
1899,8,2,4,1,4,4,1048576,0,1.520469,405
1900,8,2,4,1,8,1,4194304,0,1.626931,322
1901,8,2,4,1,8,2,2097152,0,1.518568,385
1902,8,2,4,1,8,4,1048576,0,1.612327,563
1903,8,2,4,2,1,1,4194304,0,1.564245,137
1904,8,2,4,2,1,2,2097152,0,1.624006,178
1905,8,2,4,2,1,4,1048576,0,1.614211,335
1906,8,2,4,2,2,1,4194304,0,1.501697,205
1907,8,2,4,2,2,2,2097152,0,1.522277,240
1908,8,2,4,2,2,4,1048576,0,1.642606,388
1909,8,2,4,2,4,1,4194304,0,1.528931,288
1910,8,2,4,2,4,2,2097152,0,1.59747,393
1911,8,2,4,2,4,4,1048576,0,1.540216,521
1912,8,2,4,2,8,1,4194304,0,1.591749,447
1913,8,2,4,2,8,2,2097152,0,1.614318,609
1914,8,2,4,2,8,4,1048576,0,1.595234,802
1915,8,2,4,4,1,1,4194304,0,1.530213,193
1916,8,2,4,4,1,2,2097152,0,1.43194,243
1917,8,2,4,4,1,4,1048576,0,1.580844,396
1918,8,2,4,4,2,1,4194304,0,1.509331,303
1919,8,2,4,4,2,2,2097152,0,1.541861,391
1920,8,2,4,4,2,4,1048576,0,1.571238,621
1921,8,2,4,4,4,1,4194304,0,1.578883,494
1922,8,2,4,4,4,2,2097152,0,1.589836,583
1923,8,2,4,4,4,4,1048576,0,1.618545,813
1924,8,2,4,8,1,1,4194304,0,1.548971,246
1925,8,2,4,8,1,2,2097152,0,1.526395,315
1926,8,2,4,8,1,4,1048576,0,1.477922,453
1927,8,2,4,8,2,1,4194304,0,1.5246,472
1928,8,2,4,8,2,2,2097152,0,1.51099,544
1929,8,2,4,8,2,4,1048576,0,1.481282,747
1930,8,2,8,1,1,1,4194304,0,1.39395,114
1931,8,2,8,1,1,2,2097152,0,1.495077,179
1932,8,2,8,1,1,4,1048576,0,1.487033,222
1933,8,2,8,1,2,1,4194304,0,1.407295,160
1934,8,2,8,1,2,2,2097152,0,1.479514,212
1935,8,2,8,1,2,4,1048576,0,1.454073,343
1936,8,2,8,1,4,1,4194304,0,1.421597,207
1937,8,2,8,1,4,2,2097152,0,1.49742,288
1938,8,2,8,1,4,4,1048576,0,1.530736,419
1939,8,2,8,1,8,1,4194304,0,1.430388,329
1940,8,2,8,1,8,2,2097152,0,1.41808,455
1941,8,2,8,1,8,4,1048576,0,1.57858,622
1942,8,2,8,2,1,1,4194304,0,1.397068,137
1943,8,2,8,2,1,2,2097152,0,1.554505,224
1944,8,2,8,2,1,4,1048576,0,1.480137,345
1945,8,2,8,2,2,1,4194304,0,1.611478,208
1946,8,2,8,2,2,2,2097152,0,1.523337,322
1947,8,2,8,2,2,4,1048576,0,1.566177,449
1948,8,2,8,2,4,1,4194304,0,1.522857,321
1949,8,2,8,2,4,2,2097152,0,1.562574,494
1950,8,2,8,2,4,4,1048576,0,1.549608,650
1951,8,2,8,4,1,1,4194304,0,1.537759,211
1952,8,2,8,4,1,2,2097152,0,1.557131,319
1953,8,2,8,4,1,4,1048576,0,1.576667,402
1954,8,2,8,4,2,1,4194304,0,1.483944,303
1955,8,2,8,4,2,2,2097152,0,1.540571,481
1956,8,2,8,4,2,4,1048576,0,1.600973,614
1957,8,2,8,8,1,1,4194304,0,1.604739,341
1958,8,2,8,8,1,2,2097152,0,1.612455,464
1959,8,2,8,8,1,4,1048576,0,1.601784,614
1960,8,4,1,1,1,1,4194304,0,1.302114,88
1961,8,4,1,1,1,2,2097152,0,1.395218,128
1962,8,4,1,1,1,4,1048576,0,1.574187,201
1963,8,4,1,1,2,1,4194304,0,1.350844,97
1964,8,4,1,1,2,2,2097152,0,1.544086,154
1965,8,4,1,1,2,4,1048576,0,1.43383,223
1966,8,4,1,1,4,1,4194304,0,1.368554,128
1967,8,4,1,1,4,2,2097152,0,1.456077,157
1968,8,4,1,1,4,4,1048576,0,1.604529,258
1969,8,4,1,1,8,1,4194304,0,1.450957,163
1970,8,4,1,1,8,2,2097152,0,1.463243,266
1971,8,4,1,1,8,4,1048576,0,1.509358,393
1972,8,4,1,2,1,1,4194304,0,1.493877,121
1973,8,4,1,2,1,2,2097152,0,1.594221,138
1974,8,4,1,2,1,4,1048576,0,1.58917,215
1975,8,4,1,2,2,1,4194304,0,1.450326,122
1976,8,4,1,2,2,2,2097152,0,1.496448,209
1977,8,4,1,2,2,4,1048576,0,1.539204,217
1978,8,4,1,2,4,1,4194304,0,1.537876,169
1979,8,4,1,2,4,2,2097152,0,1.610418,240
1980,8,4,1,2,4,4,1048576,0,1.57036,364
1981,8,4,1,2,8,1,4194304,0,1.584253,264
1982,8,4,1,2,8,2,2097152,0,1.601756,473
1983,8,4,1,2,8,4,1048576,0,1.636596,526
1984,8,4,1,4,1,1,4194304,0,1.410537,120
1985,8,4,1,4,1,2,2097152,0,1.656177,197
1986,8,4,1,4,1,4,1048576,0,1.568629,227
1987,8,4,1,4,2,1,4194304,0,1.542065,167
1988,8,4,1,4,2,2,2097152,0,1.58381,280
1989,8,4,1,4,2,4,1048576,0,1.642052,392
1990,8,4,1,4,4,1,4194304,0,1.515826,235
1991,8,4,1,4,4,2,2097152,0,1.631625,437
1992,8,4,1,4,4,4,1048576,0,1.625398,536
1993,8,4,1,8,1,1,4194304,0,1.44926,158
1994,8,4,1,8,1,2,2097152,0,1.613076,233
1995,8,4,1,8,1,4,1048576,0,1.595062,300
1996,8,4,1,8,2,1,4194304,0,1.505537,277
1997,8,4,1,8,2,2,2097152,0,1.63717,499
1998,8,4,1,8,2,4,1048576,0,1.633467,596
1999,8,4,2,1,1,1,4194304,0,1.315364,107
2000,8,4,2,1,1,2,2097152,0,1.35863,154
2001,8,4,2,1,1,4,1048576,0,1.568781,244
2002,8,4,2,1,2,1,4194304,0,1.48179,157
2003,8,4,2,1,2,2,2097152,0,1.499828,206
2004,8,4,2,1,2,4,1048576,0,1.523712,260
2005,8,4,2,1,4,1,4194304,0,1.356894,228
2006,8,4,2,1,4,2,2097152,0,1.433381,317
2007,8,4,2,1,4,4,1048576,0,1.584017,396
2008,8,4,2,1,8,1,4194304,0,1.401582,396
2009,8,4,2,1,8,2,2097152,0,1.557221,484
2010,8,4,2,1,8,4,1048576,0,1.600138,576
2011,8,4,2,2,1,1,4194304,0,1.60503,178
2012,8,4,2,2,1,2,2097152,0,1.593503,222
2013,8,4,2,2,1,4,1048576,0,1.619563,230
2014,8,4,2,2,2,1,4194304,0,1.54225,229
2015,8,4,2,2,2,2,2097152,0,1.528053,318
2016,8,4,2,2,2,4,1048576,0,1.569307,356
2017,8,4,2,2,4,1,4194304,0,1.492332,409
2018,8,4,2,2,4,2,2097152,0,1.590863,502
2019,8,4,2,2,4,4,1048576,0,1.580175,534
2020,8,4,2,2,8,1,4194304,0,1.591453,718
2021,8,4,2,2,8,2,2097152,0,1.520314,899
2022,8,4,2,2,8,4,1048576,0,1.625854,893
2023,8,4,2,4,1,1,4194304,0,1.465708,235
2024,8,4,2,4,1,2,2097152,0,1.609205,324
2025,8,4,2,4,1,4,1048576,0,1.513819,365
2026,8,4,2,4,2,1,4194304,0,1.526884,411
2027,8,4,2,4,2,2,2097152,0,1.548763,494
2028,8,4,2,4,2,4,1048576,0,1.639955,563
2029,8,4,2,4,4,1,4194304,0,1.610569,678
2030,8,4,2,4,4,2,2097152,0,1.607396,914
2031,8,4,2,4,4,4,1048576,0,1.625766,839
2032,8,4,2,8,1,1,4194304,0,1.574626,403
2033,8,4,2,8,1,2,2097152,0,1.616221,532
2034,8,4,2,8,1,4,1048576,0,1.644954,539
2035,8,4,2,8,2,1,4194304,0,1.53156,735
2036,8,4,2,8,2,2,2097152,0,1.519034,1020
2037,8,4,2,8,2,4,1048576,0,1.561456,772
2038,8,4,4,1,1,1,4194304,0,1.510893,128
2039,8,4,4,1,1,2,2097152,0,1.620614,192
2040,8,4,4,1,1,4,1048576,0,1.63669,270
2041,8,4,4,1,2,1,4194304,0,1.414649,183
2042,8,4,4,1,2,2,2097152,0,1.524514,243
2043,8,4,4,1,2,4,1048576,0,1.528657,343
2044,8,4,4,1,4,1,4194304,0,1.537784,262
2045,8,4,4,1,4,2,2097152,0,1.504646,331
2046,8,4,4,1,4,4,1048576,0,1.505971,502
2047,8,4,4,1,8,1,4194304,0,1.616408,340
2048,8,4,4,1,8,2,2097152,0,1.608289,505
2049,8,4,4,1,8,4,1048576,0,1.553945,710
2050,8,4,4,2,1,1,4194304,0,1.512715,184
2051,8,4,4,2,1,2,2097152,0,1.530947,238
2052,8,4,4,2,1,4,1048576,0,1.56973,351
2053,8,4,4,2,2,1,4194304,0,1.540918,270
2054,8,4,4,2,2,2,2097152,0,1.564945,351
2055,8,4,4,2,2,4,1048576,0,1.635537,519
2056,8,4,4,2,4,1,4194304,0,1.545239,377
2057,8,4,4,2,4,2,2097152,0,1.563797,524
2058,8,4,4,2,4,4,1048576,0,1.588319,735
2059,8,4,4,2,8,1,4194304,0,1.610939,594
2060,8,4,4,4,1,1,4194304,0,1.568238,278
2061,8,4,4,4,1,2,2097152,0,1.631716,343
2062,8,4,4,4,1,4,1048576,0,1.603375,532
2063,8,4,4,4,2,1,4194304,0,1.62112,422
2064,8,4,4,4,2,2,2097152,0,1.594938,574
2065,8,4,4,4,2,4,1048576,0,1.56743,758
2066,8,4,4,4,4,1,4194304,0,1.589644,584
2067,8,4,4,8,1,1,4194304,0,1.54089,412
2068,8,4,4,8,1,2,2097152,0,1.57669,562
2069,8,4,4,8,1,4,1048576,0,1.598071,773
2070,8,4,4,8,2,1,4194304,0,1.550031,699
2071,8,4,8,1,1,1,4194304,0,1.559924,124
2072,8,4,8,1,1,2,2097152,0,1.583071,208
2073,8,4,8,1,1,4,1048576,0,1.527747,304
2074,8,4,8,1,2,1,4194304,0,1.353623,149
2075,8,4,8,1,2,2,2097152,0,1.476068,232
2076,8,4,8,1,2,4,1048576,0,1.522682,343
2077,8,4,8,1,4,1,4194304,0,1.371869,205
2078,8,4,8,1,4,2,2097152,0,1.535331,338
2079,8,4,8,1,4,4,1048576,0,1.600486,552
2080,8,4,8,1,8,1,4194304,0,1.456974,338
2081,8,4,8,1,8,2,2097152,0,1.548383,515
2082,8,4,8,2,1,1,4194304,0,1.492778,191
2083,8,4,8,2,1,2,2097152,0,1.482599,237
2084,8,4,8,2,1,4,1048576,0,1.520358,402
2085,8,4,8,2,2,1,4194304,0,1.522024,222
2086,8,4,8,2,2,2,2097152,0,1.579307,353
2087,8,4,8,2,2,4,1048576,0,1.58735,586
2088,8,4,8,2,4,1,4194304,0,1.524662,348
2089,8,4,8,2,4,2,2097152,0,1.546982,535
2090,8,4,8,4,1,1,4194304,0,1.449273,225
2091,8,4,8,4,1,2,2097152,0,1.547774,366
2092,8,4,8,4,1,4,1048576,0,1.541863,550
2093,8,4,8,4,2,1,4194304,0,1.577501,380
2094,8,4,8,4,2,2,2097152,0,1.5171,629
2095,8,4,8,8,1,1,4194304,0,1.478166,384
2096,8,4,8,8,1,2,2097152,0,1.571742,594
2097,8,8,1,1,1,1,4194304,0,1.528392,89
2098,8,8,1,1,1,2,2097152,0,1.580921,147
2099,8,8,1,1,1,4,1048576,0,1.581763,152
2100,8,8,1,1,2,1,4194304,0,1.443762,114
2101,8,8,1,1,2,2,2097152,0,1.485844,170
2102,8,8,1,1,2,4,1048576,0,1.498469,231
2103,8,8,1,1,4,1,4194304,0,1.407939,158
2104,8,8,1,1,4,2,2097152,0,1.618499,216
2105,8,8,1,1,4,4,1048576,0,1.488056,360
2106,8,8,1,1,8,1,4194304,0,1.516932,223
2107,8,8,1,1,8,2,2097152,0,1.553118,318
2108,8,8,1,1,8,4,1048576,0,1.543019,508
2109,8,8,1,2,1,1,4194304,0,1.418788,104
2110,8,8,1,2,1,2,2097152,0,1.646918,166
2111,8,8,1,2,1,4,1048576,0,1.558696,242
2112,8,8,1,2,2,1,4194304,0,1.484497,141
2113,8,8,1,2,2,2,2097152,0,1.643399,233
2114,8,8,1,2,2,4,1048576,0,1.615793,324
2115,8,8,1,2,4,1,4194304,0,1.59325,235
2116,8,8,1,2,4,2,2097152,0,1.565647,310
2117,8,8,1,2,4,4,1048576,0,1.626408,481
2118,8,8,1,2,8,1,4194304,0,1.600747,298
2119,8,8,1,4,1,1,4194304,0,1.568461,149
2120,8,8,1,4,1,2,2097152,0,1.508861,231
2121,8,8,1,4,1,4,1048576,0,1.541018,313
2122,8,8,1,4,2,1,4194304,0,1.505537,222
2123,8,8,1,4,2,2,2097152,0,1.623704,368
2124,8,8,1,4,2,4,1048576,0,1.57977,458
2125,8,8,1,4,4,1,4194304,0,1.543429,329
2126,8,8,1,8,1,1,4194304,0,1.546068,225
2127,8,8,1,8,1,2,2097152,0,1.558527,397
2128,8,8,1,8,1,4,1048576,0,1.574858,535
2129,8,8,2,1,1,1,4194304,0,1.516828,155
2130,8,8,2,1,1,2,2097152,0,1.636604,213
2131,8,8,2,1,1,4,1048576,0,1.520503,221
2132,8,8,2,1,2,1,4194304,0,1.437363,222
2133,8,8,2,1,2,2,2097152,0,1.430182,299
2134,8,8,2,1,2,4,1048576,0,1.499828,379
2135,8,8,2,1,4,1,4194304,0,1.504858,395
2136,8,8,2,1,4,2,2097152,0,1.644639,441
2137,8,8,2,1,4,4,1048576,0,1.598547,487
2138,8,8,2,1,8,1,4194304,0,1.48391,584
2139,8,8,2,1,8,2,2097152,0,1.537849,837
2140,8,8,2,1,8,4,1048576,0,1.615669,838
2141,8,8,2,2,1,1,4194304,0,1.574793,221
2142,8,8,2,2,1,2,2097152,0,1.616055,318
2143,8,8,2,2,1,4,1048576,0,1.465709,332
2144,8,8,2,2,2,1,4194304,0,1.530058,348
2145,8,8,2,2,2,2,2097152,0,1.560956,442
2146,8,8,2,2,2,4,1048576,0,1.616573,532
2147,8,8,2,2,4,1,4194304,0,1.644972,685
2148,8,8,2,2,4,2,2097152,0,1.558632,780
2149,8,8,2,2,4,4,1048576,0,1.6256,751
2150,8,8,2,4,1,1,4194304,0,1.501791,377
2151,8,8,2,4,1,2,2097152,0,1.520835,492
2152,8,8,2,4,1,4,1048576,0,1.574793,526
2153,8,8,2,4,2,1,4194304,0,1.601708,656
2154,8,8,2,4,2,2,2097152,0,1.611562,852
2155,8,8,2,4,2,4,1048576,0,1.6139,757
2156,8,8,2,8,1,1,4194304,0,1.571452,715
2157,8,8,2,8,1,2,2097152,0,1.575795,898
2158,8,8,2,8,1,4,1048576,0,1.55341,846
2159,8,8,4,1,1,1,4194304,0,1.551997,168
2160,8,8,4,1,1,2,2097152,0,1.618127,227
2161,8,8,4,1,1,4,1048576,0,1.57288,305
2162,8,8,4,1,2,1,4194304,0,1.574392,193
2163,8,8,4,1,2,2,2097152,0,1.580358,260
2164,8,8,4,1,2,4,1048576,0,1.501315,404
2165,8,8,4,1,4,1,4194304,0,1.508788,261
2166,8,8,4,1,4,2,2097152,0,1.62179,366
2167,8,8,4,1,4,4,1048576,0,1.521215,580
2168,8,8,4,1,8,1,4194304,0,1.516666,397
2169,8,8,4,1,8,2,2097152,0,1.546821,544
2170,8,8,4,1,8,4,1048576,0,1.580289,808
2171,8,8,4,2,1,1,4194304,0,1.442938,205
2172,8,8,4,2,1,2,2097152,0,1.53509,302
2173,8,8,4,2,1,4,1048576,0,1.578846,410
2174,8,8,4,2,2,1,4194304,0,1.544232,279
2175,8,8,4,2,2,2,2097152,0,1.556991,371
2176,8,8,4,2,2,4,1048576,0,1.58599,573
2177,8,8,4,2,4,1,4194304,0,1.60406,455
2178,8,8,4,2,4,2,2097152,0,1.500337,626
2179,8,8,4,2,4,4,1048576,0,1.557335,835
2180,8,8,4,4,1,1,4194304,0,1.58995,330
2181,8,8,4,4,1,2,2097152,0,1.567575,429
2182,8,8,4,4,1,4,1048576,0,1.6347,632
2183,8,8,4,4,2,1,4194304,0,1.605046,509
2184,8,8,4,4,2,2,2097152,0,1.586984,655
2185,8,8,4,4,2,4,1048576,0,1.581019,870
2186,8,8,4,8,1,1,4194304,0,1.524979,494
2187,8,8,4,8,1,2,2097152,0,1.490339,659
2188,8,8,4,8,1,4,1048576,0,1.569398,1066
2189,8,8,8,1,1,1,4194304,0,1.46093,159
2190,8,8,8,1,1,2,2097152,0,1.502137,206
2191,8,8,8,1,1,4,1048576,0,1.513793,307
2192,8,8,8,1,2,1,4194304,0,1.503806,209
2193,8,8,8,1,2,2,2097152,0,1.52219,304
2194,8,8,8,1,2,4,1048576,0,1.515624,451
2195,8,8,8,1,4,1,4194304,0,1.483306,279
2196,8,8,8,1,8,1,4194304,0,1.487498,439
2197,8,8,8,2,1,1,4194304,0,1.511657,222
2198,8,8,8,2,1,2,2097152,0,1.552699,353
2199,8,8,8,2,1,4,1048576,0,1.553356,480
2200,8,8,8,2,2,1,4194304,0,1.496419,338
2201,8,8,8,2,2,2,2097152,0,1.505611,442
2202,8,8,8,2,4,1,4194304,0,1.501029,502
2203,8,8,8,4,1,1,4194304,0,1.589308,368
2204,8,8,8,4,1,2,2097152,0,1.509194,550
2205,8,8,8,4,2,1,4194304,0,1.576024,536
