n,knob_KNOB_WINDOW_SIZE_X,knob_inner_unroll1,knob_inner_unroll2,knob_outer_unroll,knob_partition_factor,obj1,obj2
0000,1,1,1,1,2,0.4878,1322
0001,1,1,1,1,4,0.4336,1376
0002,1,1,1,1,8,0.4752,1398
0003,1,1,1,1,16,0.4480,1455
0004,1,1,1,1,32,0.4600,1630
0005,1,1,1,1,64,0.4545,1852
0006,1,1,1,1,128,0.4511,2259
0007,1,1,1,2,2,0.5601,1785
0008,1,1,1,2,4,0.5507,1810
0009,1,1,1,2,8,0.5627,1964
0010,1,1,1,2,16,0.5658,2128
0011,1,1,1,2,32,0.5575,2427
0012,1,1,1,2,64,0.5454,2847
0013,1,1,1,2,128,0.5370,3709
0014,1,1,1,3,2,0.5674,2128
0015,1,1,1,3,4,0.6402,2300
0016,1,1,1,3,8,0.5790,2450
0017,1,1,1,3,16,0.5939,2680
0018,1,1,1,3,32,0.5737,3077
0019,1,1,1,3,64,0.6319,3621
0020,1,1,1,3,128,0.6200,5121
0021,1,1,1,4,2,0.5817,2411
0022,1,1,1,4,4,0.6089,2635
0023,1,1,1,4,8,0.6399,2800
0024,1,1,1,4,16,0.6655,3037
0025,1,1,1,4,32,0.6459,3692
0026,1,1,1,4,64,0.6228,4547
0027,1,1,1,4,128,0.6585,6333
0028,1,1,1,5,2,0.6179,2921
0029,1,1,1,5,4,0.6086,3208
0030,1,1,1,5,8,0.5881,3353
0031,1,1,1,5,16,0.6505,3598
0032,1,1,1,5,32,0.5905,4350
0033,1,1,1,5,64,0.6375,5426
0034,1,1,1,5,128,0.6375,5426
0035,1,2,1,1,2,0.7927,1650
0036,1,2,1,1,4,0.7529,1647
0037,1,2,1,1,8,0.7466,1660
0038,1,2,1,1,16,0.7601,1797
0039,1,2,1,1,32,0.7513,1894
0040,1,2,1,1,64,0.7360,2072
0041,1,2,1,1,128,0.7166,2531
0042,1,2,1,2,2,0.8509,2224
0043,1,2,1,2,4,0.8178,2331
0044,1,2,1,2,8,0.8016,2351
0045,1,2,1,2,16,0.7944,2442
0046,1,2,1,2,32,0.8184,2828
0047,1,2,1,2,64,0.7667,3244
0048,1,2,1,2,128,0.8094,4059
0049,1,2,1,3,2,0.8451,2631
0050,1,2,1,3,4,0.7999,2856
0051,1,2,1,3,8,0.8217,2955
0052,1,2,1,3,16,0.8637,3090
0053,1,2,1,3,32,0.7729,3466
0054,1,2,1,3,64,0.8668,4239
0055,1,2,1,3,128,0.8652,5483
0056,1,2,1,4,2,0.8824,3326
0057,1,2,1,4,4,0.9684,3431
0058,1,2,1,4,8,0.9290,3578
0059,1,2,1,4,16,0.9321,4012
0060,1,2,1,4,32,0.8525,4504
0061,1,2,1,4,64,0.9674,5301
0062,1,2,1,4,128,0.9209,6911
0063,1,2,1,5,2,1.0418,3578
0064,1,2,1,5,4,1.0564,3814
0065,1,2,1,5,8,1.0058,3895
0066,1,2,1,5,16,1.0239,4164
0067,1,2,1,5,32,1.0300,5071
0068,1,2,1,5,64,1.0300,5071
0069,1,2,1,5,128,1.0407,8234
0070,1,3,1,1,2,0.5664,1914
0071,1,3,1,1,4,0.5121,1919
0072,1,3,1,1,8,0.5477,2000
0073,1,3,1,1,16,0.5179,2007
0074,1,3,1,1,32,0.5303,2216
0075,1,3,1,1,64,0.5186,2383
0076,1,3,1,1,128,0.5309,2775
0077,1,3,1,2,2,0.5665,2442
0078,1,3,1,2,4,0.5695,2781
0079,1,3,1,2,8,0.5634,2681
0080,1,3,1,2,16,0.6089,2758
0081,1,3,1,2,32,0.5962,3145
0082,1,3,1,2,64,0.5355,3512
0083,1,3,1,2,128,0.6486,4282
0084,1,3,1,3,2,0.6675,2828
0085,1,3,1,3,4,0.6925,3330
0086,1,3,1,3,8,0.6782,3050
0087,1,3,1,3,16,0.6719,3261
0088,1,3,1,3,32,0.6519,4144
0089,1,3,1,3,64,0.6783,4718
0090,1,3,1,3,128,0.6783,4718
0091,1,3,1,4,2,0.6893,3472
0092,1,3,1,4,4,0.6843,3662
0093,1,3,1,4,8,0.7050,3666
0094,1,3,1,4,16,0.7137,3966
0095,1,3,1,4,32,0.6889,4940
0096,1,3,1,4,64,0.6941,6006
0097,1,3,1,4,128,0.7031,7323
0098,1,3,1,5,2,0.6976,4282
0099,1,3,1,5,4,0.7266,4201
0100,1,3,1,5,8,0.6989,4230
0101,1,3,1,5,16,0.7200,4703
0102,1,3,1,5,32,0.6938,5404
0103,1,3,1,5,64,0.7262,6603
0104,1,3,1,5,128,0.7262,6603
0105,2,1,1,1,2,0.5007,1343
0106,2,1,1,1,4,0.5116,1410
0107,2,1,1,1,8,0.5234,1408
0108,2,1,1,1,16,0.5092,1482
0109,2,1,1,1,32,0.5885,1586
0110,2,1,1,1,64,0.5281,1812
0111,2,1,1,1,128,0.5216,2190
0112,2,1,1,2,2,0.6253,1873
0113,2,1,1,2,4,0.6159,1942
0114,2,1,1,2,8,0.6122,1997
0115,2,1,1,2,16,0.6119,2189
0116,2,1,1,2,32,0.6004,2462
0117,2,1,1,2,64,0.5997,2833
0118,2,1,1,2,128,0.6375,3700
0119,2,1,1,3,2,0.6646,2172
0120,2,1,1,3,4,0.6757,2354
0121,2,1,1,3,8,0.6504,2460
0122,2,1,1,3,16,0.6231,2662
0123,2,1,1,3,32,0.6798,3056
0124,2,1,1,3,64,0.6568,3761
0125,2,1,1,3,128,0.6183,5169
0126,2,1,1,4,2,0.6831,2583
0127,2,1,1,4,4,0.7189,2784
0128,2,1,1,4,8,0.6961,2807
0129,2,1,1,4,16,0.6553,3098
0130,2,1,1,4,32,0.7071,3757
0131,2,1,1,4,64,0.7157,4604
0132,2,1,1,4,128,0.7157,4604
0133,2,1,1,5,2,0.6982,2839
0134,2,1,1,5,4,0.6579,3176
0135,2,1,1,5,8,0.6668,3420
0136,2,1,1,5,16,0.6654,3714
0137,2,1,1,5,32,0.6488,4498
0138,2,1,1,5,64,0.6895,5413
0139,2,1,1,5,128,0.6895,5413
0140,2,1,2,1,2,0.4378,1440
0141,2,1,2,1,4,0.4533,1569
0142,2,1,2,1,8,0.4747,1618
0143,2,1,2,1,16,0.4319,1790
0144,2,1,2,1,32,0.4320,1988
0145,2,1,2,1,64,0.4823,2391
0146,2,1,2,1,128,0.4968,3309
0147,2,1,2,2,2,0.5401,1918
0148,2,1,2,2,4,0.6018,2206
0149,2,1,2,2,8,0.5643,2355
0150,2,1,2,2,16,0.5397,2658
0151,2,1,2,2,32,0.5601,3273
0152,2,1,2,2,64,0.5590,4064
0153,2,1,2,2,128,0.5832,5780
0154,2,1,2,3,2,0.5740,2488
0155,2,1,2,3,4,0.5493,2979
0156,2,1,2,3,8,0.5579,3148
0157,2,1,2,3,16,0.5568,3512
0158,2,1,2,3,32,0.5855,4333
0159,2,1,2,3,64,0.6270,5504
0160,2,1,2,3,128,0.6270,5504
0161,2,1,2,4,2,0.5835,2995
0162,2,1,2,4,4,0.6035,3495
0163,2,1,2,4,8,0.6332,3684
0164,2,1,2,4,16,0.6091,4219
0165,2,1,2,4,32,0.6230,5304
0166,2,1,2,4,64,0.6271,7114
0167,2,1,2,4,128,0.6271,7114
0168,2,1,2,5,2,0.5735,3556
0169,2,1,2,5,4,0.6154,4050
0170,2,1,2,5,8,0.5798,4504
0171,2,1,2,5,16,0.6130,4941
0172,2,1,2,5,32,0.6252,6445
0173,2,1,2,5,64,0.6388,8848
0175,2,2,1,1,2,0.6462,1600
0176,2,2,1,1,4,0.6177,1610
0177,2,2,1,1,8,0.6208,1636
0178,2,2,1,1,16,0.6305,1718
0179,2,2,1,1,32,0.6256,1861
0180,2,2,1,1,64,0.6261,2056
0181,2,2,1,1,128,0.6490,2448
0182,2,2,1,2,2,0.7203,2237
0183,2,2,1,2,4,0.6752,2291
0184,2,2,1,2,8,0.7594,2358
0185,2,2,1,2,16,0.6762,2510
0186,2,2,1,2,32,0.6793,2864
0187,2,2,1,2,64,0.6400,3313
0188,2,2,1,2,128,0.6923,3946
0189,2,2,1,3,2,0.7090,2932
0190,2,2,1,3,4,0.6932,3062
0191,2,2,1,3,8,0.6719,2926
0192,2,2,1,3,16,0.6599,2994
0193,2,2,1,3,32,0.6301,3558
0194,2,2,1,3,64,0.7113,4190
0195,2,2,1,3,128,0.6855,5458
0196,2,2,1,4,2,0.8475,3163
0197,2,2,1,4,4,0.7450,3496
0198,2,2,1,4,8,0.7691,3879
0199,2,2,1,4,16,0.7691,3879
0200,2,2,1,4,32,0.7535,4483
0201,2,2,1,4,64,0.7866,5243
0202,2,2,1,4,128,0.7081,7029
0203,2,2,1,5,2,0.8648,3445
0204,2,2,1,5,4,0.8258,3827
0205,2,2,1,5,8,0.8370,3894
0206,2,2,1,5,16,0.8628,4228
0207,2,2,1,5,32,0.8608,5057
0208,2,2,1,5,64,0.8651,6267
0209,2,2,1,5,128,0.8651,6267
0210,2,2,2,1,2,0.5528,1761
0211,2,2,2,1,4,0.5230,1811
0212,2,2,2,1,8,0.5587,1835
0213,2,2,2,1,16,0.5492,2038
0214,2,2,2,1,32,0.5384,2300
0215,2,2,2,1,64,0.5458,2718
0216,2,2,2,1,128,0.5430,3606
0217,2,2,2,2,2,0.6095,2418
0218,2,2,2,2,4,0.5823,2649
0219,2,2,2,2,8,0.6011,2865
0220,2,2,2,2,16,0.5822,3039
0221,2,2,2,2,32,0.5650,3680
0222,2,2,2,2,64,0.5789,4436
0223,2,2,2,2,128,0.5789,4436
0224,2,2,2,3,2,0.6744,2989
0225,2,2,2,3,4,0.6144,3422
0226,2,2,2,3,8,0.6137,3600
0227,2,2,2,3,16,0.5708,3866
0228,2,2,2,3,32,0.6178,4881
0229,2,2,2,3,64,0.5946,6029
0230,2,2,2,3,128,0.5946,6029
0231,2,2,2,4,2,0.6726,3600
0232,2,2,2,4,4,0.6402,4212
0233,2,2,2,4,8,0.6600,4431
0234,2,2,2,4,16,0.6733,4873
0235,2,2,2,4,32,0.6385,6013
0236,2,2,2,4,64,0.6987,7985
0238,2,2,2,5,2,0.7656,3971
0239,2,2,2,5,4,0.7419,4597
0240,2,2,2,5,8,0.7462,4926
0241,2,2,2,5,16,0.7308,5773
0242,2,2,2,5,32,0.7308,5773
0243,2,2,2,5,64,0.7308,5773
0245,2,3,1,1,2,0.6857,1879
0246,2,3,1,1,4,0.6277,1918
0247,2,3,1,1,8,0.6508,1926
0248,2,3,1,1,16,0.6346,1980
0249,2,3,1,1,32,0.6322,2196
0250,2,3,1,1,64,0.6669,2403
0251,2,3,1,1,128,0.6268,2723
0252,2,3,1,2,2,0.7299,2464
0253,2,3,1,2,4,0.6756,2615
0254,2,3,1,2,8,0.6690,2858
0255,2,3,1,2,16,0.6872,2824
0256,2,3,1,2,32,0.6989,3106
0257,2,3,1,2,64,0.6903,3441
0258,2,3,1,2,128,0.6778,4391
0259,2,3,1,3,2,0.8296,3040
0260,2,3,1,3,4,0.8479,3242
0261,2,3,1,3,8,0.8247,3557
0262,2,3,1,3,16,0.8279,3559
0263,2,3,1,3,32,0.8640,3952
0264,2,3,1,3,64,0.8640,3952
0265,2,3,1,3,128,0.8640,3952
0266,2,3,1,4,2,0.8655,3547
0267,2,3,1,4,4,0.8735,4025
0268,2,3,1,4,8,0.9116,3961
0269,2,3,1,4,16,0.8494,4098
0270,2,3,1,4,32,0.8275,5162
0271,2,3,1,4,64,0.8640,5598
0272,2,3,1,4,128,0.9122,7412
0273,2,3,1,5,2,0.8157,4365
0274,2,3,1,5,4,0.8593,4770
0275,2,3,1,5,8,0.8645,4710
0276,2,3,1,5,16,0.8694,5100
0277,2,3,1,5,32,0.8857,5833
0278,2,3,1,5,64,0.8826,7431
0279,2,3,1,5,128,0.8826,7431
0280,2,3,2,1,2,0.5607,1963
0281,2,3,2,1,4,0.5477,2134
0282,2,3,2,1,8,0.5701,2182
0283,2,3,2,1,16,0.5638,2260
0284,2,3,2,1,32,0.5659,2669
0285,2,3,2,1,64,0.5908,3035
0286,2,3,2,1,128,0.5908,3035
0287,2,3,2,2,2,0.6197,2859
0288,2,3,2,2,4,0.5939,3256
0289,2,3,2,2,8,0.6321,3241
0290,2,3,2,2,16,0.6045,3347
0291,2,3,2,2,32,0.5876,3903
0292,2,3,2,2,64,0.6765,4815
0293,2,3,2,2,128,0.6135,6565
0294,2,3,2,3,2,0.7178,3255
0295,2,3,2,3,4,0.7281,3773
0296,2,3,2,3,8,0.7337,4208
0297,2,3,2,3,16,0.7598,4261
0298,2,3,2,3,32,0.7364,5299
0299,2,3,2,3,64,0.7250,6522
0300,2,3,2,3,128,0.7250,6522
0301,2,3,2,4,2,0.7609,3984
0302,2,3,2,4,4,0.7596,4658
0303,2,3,2,4,8,0.7605,4681
0304,2,3,2,4,16,0.7669,5100
0305,2,3,2,4,32,0.7759,6481
0306,2,3,2,4,64,0.7659,8353
0308,2,3,2,5,2,0.7795,4939
0309,2,3,2,5,4,0.7618,5566
0310,2,3,2,5,8,0.7689,6165
0311,2,3,2,5,16,0.7323,6506
0312,2,3,2,5,32,0.7724,8044
0313,2,3,2,5,64,0.7724,8044
0315,2,4,1,1,2,0.9077,2150
0316,2,4,1,1,4,0.9222,2113
0317,2,4,1,1,8,0.9541,2212
0318,2,4,1,1,16,0.8708,2225
0319,2,4,1,1,32,0.8750,2371
0320,2,4,1,1,64,0.9091,2542
0321,2,4,1,1,128,0.9081,2885
0322,2,4,1,2,2,0.9901,2906
0323,2,4,1,2,4,0.9935,3426
0324,2,4,1,2,8,1.0114,3036
0325,2,4,1,2,16,0.9754,3176
0326,2,4,1,2,32,1.0123,3656
0327,2,4,1,2,64,0.9620,3917
0328,2,4,1,2,128,1.0155,4727
0329,2,4,1,3,2,1.1696,3603
0330,2,4,1,3,4,1.1549,3653
0331,2,4,1,3,8,1.1500,3776
0332,2,4,1,3,16,1.1264,4103
0333,2,4,1,3,32,1.1676,4601
0334,2,4,1,3,64,1.1452,5147
0335,2,4,1,3,128,1.1605,6357
0336,2,4,1,4,2,1.1270,4288
0337,2,4,1,4,4,1.1599,4741
0338,2,4,1,4,8,1.1746,4661
0339,2,4,1,4,16,1.1474,5079
0340,2,4,1,4,32,1.1270,5687
0341,2,4,1,4,64,1.1438,6317
0342,2,4,1,4,128,1.1438,6317
0343,2,4,1,5,2,1.1606,5244
0344,2,4,1,5,4,1.1615,5376
0345,2,4,1,5,8,1.1117,5674
0346,2,4,1,5,16,1.1562,5768
0347,2,4,1,5,32,1.1702,6729
0348,2,4,1,5,64,1.1482,7991
0350,2,4,2,1,2,0.8688,2112
0351,2,4,2,1,4,0.8219,2208
0352,2,4,2,1,8,0.7936,2240
0353,2,4,2,1,16,0.7652,2441
0354,2,4,2,1,32,0.8033,2789
0355,2,4,2,1,64,0.8088,3159
0356,2,4,2,1,128,0.7851,3952
0357,2,4,2,2,2,0.8695,3141
0358,2,4,2,2,4,0.8980,3356
0359,2,4,2,2,8,0.8517,3575
0360,2,4,2,2,16,0.8883,3735
0361,2,4,2,2,32,0.8770,4551
0362,2,4,2,2,64,0.8753,5253
0363,2,4,2,2,128,0.9522,6895
0364,2,4,2,3,2,1.0627,4106
0365,2,4,2,3,4,1.0435,4141
0366,2,4,2,3,8,1.0621,4322
0367,2,4,2,3,16,1.0717,4483
0368,2,4,2,3,32,1.0819,5633
0369,2,4,2,3,64,1.0008,7219
0370,2,4,2,3,128,1.0008,7219
0371,2,4,2,4,2,1.0335,4660
0372,2,4,2,4,4,1.0748,5908
0373,2,4,2,4,8,1.0514,6037
0374,2,4,2,4,16,1.0476,5943
0375,2,4,2,4,32,1.0512,7204
0376,2,4,2,4,64,1.0708,9529
0378,2,4,2,5,2,1.0492,5901
0379,2,4,2,5,4,1.0669,6185
0380,2,4,2,5,8,1.0483,7015
0381,2,4,2,5,16,1.0365,7410
0382,2,4,2,5,32,1.0552,9157
0385,2,5,1,1,2,1.0196,2286
0386,2,5,1,1,4,1.1399,2310
0387,2,5,1,1,8,1.0773,2318
0388,2,5,1,1,16,1.0261,2394
0389,2,5,1,1,32,1.0603,2662
0390,2,5,1,1,64,1.0912,2780
0391,2,5,1,1,128,1.0018,3194
0392,2,5,1,2,2,1.2889,3171
0393,2,5,1,2,4,1.3746,3230
0394,2,5,1,2,8,1.3122,3261
0395,2,5,1,2,16,1.4148,3318
0396,2,5,1,2,32,1.3165,3613
0397,2,5,1,2,64,1.3048,4059
0398,2,5,1,2,128,1.3048,4059
0399,2,5,1,3,2,1.3480,4294
0400,2,5,1,3,4,1.3277,4375
0401,2,5,1,3,8,1.3411,4361
0402,2,5,1,3,16,1.3765,4741
0403,2,5,1,3,32,1.4286,5048
0404,2,5,1,3,64,1.3693,6145
0405,2,5,1,3,128,1.3895,6955
0406,2,5,1,4,2,1.3968,5117
0407,2,5,1,4,4,1.4116,5316
0408,2,5,1,4,8,1.3692,5543
0409,2,5,1,4,16,1.3814,5682
0410,2,5,1,4,32,1.4458,6326
0411,2,5,1,4,64,1.4743,7851
0413,2,5,1,5,2,1.3930,6026
0414,2,5,1,5,4,1.3899,6962
0415,2,5,1,5,8,1.4414,6673
0416,2,5,1,5,16,1.4119,7061
0417,2,5,1,5,32,1.4146,7907
0420,2,5,2,1,2,0.9780,2293
0421,2,5,2,1,4,0.9599,2464
0422,2,5,2,1,8,0.9977,2638
0423,2,5,2,1,16,1.0908,2633
0424,2,5,2,1,32,0.9066,2822
0425,2,5,2,1,64,1.0036,3476
0426,2,5,2,1,128,1.0292,4209
0427,2,5,2,2,2,1.2512,3294
0428,2,5,2,2,4,1.2797,3680
0429,2,5,2,2,8,1.1987,3651
0430,2,5,2,2,16,1.2458,3975
0431,2,5,2,2,32,1.2201,4525
0432,2,5,2,2,64,1.2917,5377
0433,2,5,2,2,128,1.2388,7089
0434,2,5,2,3,2,1.2859,4385
0435,2,5,2,3,4,1.2923,5445
0436,2,5,2,3,8,1.2571,5054
0437,2,5,2,3,16,1.3018,5687
0438,2,5,2,3,32,1.2934,6408
0439,2,5,2,3,64,1.2020,7485
0440,2,5,2,3,128,1.2020,7485
0441,2,5,2,4,2,1.2656,5493
0442,2,5,2,4,4,1.2141,5951
0443,2,5,2,4,8,1.2500,6365
0444,2,5,2,4,16,1.3177,6728
0445,2,5,2,4,32,1.2963,7754
0446,2,5,2,4,64,1.2963,7754
0448,2,5,2,5,2,1.2677,6750
0449,2,5,2,5,4,1.2746,7468
0450,2,5,2,5,8,1.2922,8083
0451,2,5,2,5,16,1.3002,8462
0452,2,5,2,5,32,1.2626,9552
0455,4,1,1,1,2,0.5221,1347
0456,4,1,1,1,4,0.4978,1374
0457,4,1,1,1,8,0.5089,1407
0458,4,1,1,1,16,0.4979,1473
0459,4,1,1,1,32,0.5126,1591
0460,4,1,1,1,64,0.5047,1868
0461,4,1,1,1,128,0.5374,2240
0462,4,1,1,2,2,0.6257,1712
0463,4,1,1,2,4,0.6217,2004
0464,4,1,1,2,8,0.6652,2067
0465,4,1,1,2,16,0.6319,2179
0466,4,1,1,2,32,0.6125,2361
0467,4,1,1,2,64,0.6220,2925
0468,4,1,1,2,128,0.6398,3699
0469,4,1,1,3,2,0.6448,2238
0470,4,1,1,3,4,0.7308,2411
0471,4,1,1,3,8,0.6565,2595
0472,4,1,1,3,16,0.6437,2817
0473,4,1,1,3,32,0.6592,3089
0474,4,1,1,3,64,0.6255,3712
0475,4,1,1,3,128,0.6578,5106
0476,4,1,1,4,2,0.6730,2561
0477,4,1,1,4,4,0.7535,2833
0478,4,1,1,4,8,0.7226,2886
0479,4,1,1,4,16,0.6683,3114
0480,4,1,1,4,32,0.6741,3780
0481,4,1,1,4,64,0.6566,4580
0482,4,1,1,4,128,0.7416,6320
0483,4,1,1,5,2,0.7243,2946
0484,4,1,1,5,4,0.7369,3251
0485,4,1,1,5,8,0.6604,3460
0486,4,1,1,5,16,0.7361,3816
0487,4,1,1,5,32,0.6246,4457
0488,4,1,1,5,64,0.7010,5497
0489,4,1,1,5,128,0.7010,5497
0490,4,1,2,1,2,0.5401,1522
0491,4,1,2,1,4,0.4824,1576
0492,4,1,2,1,8,0.5017,1645
0493,4,1,2,1,16,0.4833,1850
0494,4,1,2,1,32,0.4604,2047
0495,4,1,2,1,64,0.4442,2564
0496,4,1,2,1,128,0.4873,3364
0497,4,1,2,2,2,0.5835,2047
0498,4,1,2,2,4,0.5614,2345
0499,4,1,2,2,8,0.5690,2477
0500,4,1,2,2,16,0.5529,2670
0501,4,1,2,2,32,0.5995,3311
0502,4,1,2,2,64,0.5837,4106
0503,4,1,2,2,128,0.6220,5877
0504,4,1,2,3,2,0.6344,2637
0505,4,1,2,3,4,0.6594,3096
0506,4,1,2,3,8,0.5757,3244
0507,4,1,2,3,16,0.6135,3544
0508,4,1,2,3,32,0.6135,3544
0509,4,1,2,3,64,0.5762,5675
0510,4,1,2,3,128,0.5762,5675
0511,4,1,2,4,2,0.6509,3100
0512,4,1,2,4,4,0.6715,3451
0513,4,1,2,4,8,0.6462,3793
0514,4,1,2,4,16,0.5968,4329
0515,4,1,2,4,32,0.6258,5575
0516,4,1,2,4,64,0.6092,7235
0517,4,1,2,4,128,0.6092,7235
0518,4,1,2,5,2,0.6266,3519
0519,4,1,2,5,4,0.6242,4378
0520,4,1,2,5,8,0.6214,4631
0521,4,1,2,5,16,0.5966,5223
0522,4,1,2,5,32,0.6362,6560
0523,4,1,2,5,64,0.6450,8794
0525,4,1,3,1,2,0.6615,1751
0526,4,1,3,1,4,0.4820,1809
0527,4,1,3,1,8,0.5012,1885
0528,4,1,3,1,16,0.5124,2086
0529,4,1,3,1,32,0.5370,2533
0530,4,1,3,1,64,0.4916,3324
0531,4,1,3,1,128,0.4916,3324
0532,4,1,3,2,2,0.7918,2722
0533,4,1,3,2,4,0.6105,2772
0534,4,1,3,2,8,0.6552,3033
0535,4,1,3,2,16,0.5986,3388
0536,4,1,3,2,32,0.5894,4179
0537,4,1,3,2,64,0.6740,5468
0538,4,1,3,2,128,0.6740,5468
0539,4,1,3,3,2,0.8040,3634
0540,4,1,3,3,4,0.6353,3756
0541,4,1,3,3,8,0.7137,4090
0542,4,1,3,3,16,0.6841,4488
0543,4,1,3,3,32,0.6452,5834
0544,4,1,3,3,64,0.6788,7725
0545,4,1,3,3,128,0.6788,7725
0546,4,1,3,4,2,0.8593,4453
0547,4,1,3,4,4,0.7318,4418
0548,4,1,3,4,8,0.6985,4617
0549,4,1,3,4,16,0.6803,5505
0550,4,1,3,4,32,0.6803,5505
0551,4,1,3,4,64,0.6803,5505
0553,4,1,3,5,2,0.8265,5443
0554,4,1,3,5,4,0.6934,5335
0555,4,1,3,5,8,0.7634,5809
0556,4,1,3,5,16,0.6979,6855
0557,4,1,3,5,32,0.7542,8978
0558,4,1,3,5,64,0.7542,8978
0560,4,1,4,1,2,0.4469,1691
0561,4,1,4,1,4,0.4751,1901
0562,4,1,4,1,8,0.5048,2143
0563,4,1,4,1,16,0.4818,2277
0564,4,1,4,1,32,0.4456,2820
0565,4,1,4,1,64,0.5398,3800
0566,4,1,4,1,128,0.4910,5507
0567,4,1,4,2,2,0.5331,2433
0568,4,1,4,2,4,0.5378,2987
0569,4,1,4,2,8,0.5561,3408
0570,4,1,4,2,16,0.5427,3796
0571,4,1,4,2,32,0.6156,4925
0572,4,1,4,2,64,0.6156,4925
0573,4,1,4,2,128,0.6156,4925
0574,4,1,4,3,2,0.5264,3102
0575,4,1,4,3,4,0.6331,4033
0576,4,1,4,3,8,0.5928,4508
0577,4,1,4,3,16,0.6158,5163
0578,4,1,4,3,32,0.6115,6783
0579,4,1,4,3,64,0.6115,6783
0581,4,1,4,4,2,0.5591,4132
0582,4,1,4,4,4,0.6325,5086
0583,4,1,4,4,8,0.6447,5391
0584,4,1,4,4,16,0.6116,6256
0585,4,1,4,4,32,0.6688,8773
0586,4,1,4,4,64,0.6688,8773
0588,4,1,4,5,2,0.5660,4971
0589,4,1,4,5,4,0.6748,6030
0590,4,1,4,5,8,0.6654,6658
0591,4,1,4,5,16,0.6227,7717
0592,4,1,4,5,32,0.6227,7717
0595,4,2,1,1,2,0.6306,1628
0596,4,2,1,1,4,0.5939,1653
0597,4,2,1,1,8,0.6171,1685
0598,4,2,1,1,16,0.6175,1746
0599,4,2,1,1,32,0.6163,1867
0600,4,2,1,1,64,0.6170,2112
0601,4,2,1,1,128,0.6543,2472
0602,4,2,1,2,2,0.6427,2249
0603,4,2,1,2,4,0.7110,2359
0604,4,2,1,2,8,0.6724,2324
0605,4,2,1,2,16,0.6579,2471
0606,4,2,1,2,32,0.6714,2714
0607,4,2,1,2,64,0.6560,3316
0608,4,2,1,2,128,0.6540,4008
0609,4,2,1,3,2,0.7595,2773
0610,4,2,1,3,4,0.7512,2986
0611,4,2,1,3,8,0.6592,2922
0612,4,2,1,3,16,0.6511,3049
0613,4,2,1,3,32,0.6528,3584
0614,4,2,1,3,64,0.6715,4134
0615,4,2,1,3,128,0.7093,5607
0616,4,2,1,4,2,0.7462,3278
0617,4,2,1,4,4,0.7338,3469
0618,4,2,1,4,8,0.7698,3672
0619,4,2,1,4,16,0.7242,3939
0620,4,2,1,4,32,0.7276,4553
0621,4,2,1,4,64,0.8462,5284
0622,4,2,1,4,128,0.8462,5284
0623,4,2,1,5,2,0.8246,3715
0624,4,2,1,5,4,0.8582,3742
0625,4,2,1,5,8,0.8747,3979
0626,4,2,1,5,16,0.8089,4211
0627,4,2,1,5,32,0.8713,5013
0628,4,2,1,5,64,0.8205,6075
0629,4,2,1,5,128,0.8205,6075
0630,4,2,2,1,2,0.5531,1790
0631,4,2,2,1,4,0.5668,1893
0632,4,2,2,1,8,0.5934,1880
0633,4,2,2,1,16,0.5780,2041
0634,4,2,2,1,32,0.5583,2342
0635,4,2,2,1,64,0.6082,2836
0636,4,2,2,1,128,0.5456,3690
0637,4,2,2,2,2,0.6304,2474
0638,4,2,2,2,4,0.6125,2699
0639,4,2,2,2,8,0.6649,2829
0640,4,2,2,2,16,0.6524,3089
0641,4,2,2,2,32,0.6087,3664
0642,4,2,2,2,64,0.5848,4456
0643,4,2,2,2,128,0.5946,6277
0644,4,2,2,3,2,0.6632,3189
0645,4,2,2,3,4,0.6176,3448
0646,4,2,2,3,8,0.6152,3635
0647,4,2,2,3,16,0.7926,3973
0648,4,2,2,3,32,0.6260,5005
0649,4,2,2,3,64,0.7144,6020
0650,4,2,2,3,128,0.7144,6020
0651,4,2,2,4,2,0.6719,3742
0652,4,2,2,4,4,0.6779,4313
0653,4,2,2,4,8,0.6803,4592
0654,4,2,2,4,16,0.6774,5058
0655,4,2,2,4,32,0.6552,6255
0656,4,2,2,4,64,0.7574,7797
0658,4,2,2,5,2,0.7631,4105
0659,4,2,2,5,4,0.7989,4774
0660,4,2,2,5,8,0.7715,5107
0661,4,2,2,5,16,0.8146,5663
0662,4,2,2,5,32,0.8190,7610
0663,4,2,2,5,64,0.8190,7610
0665,4,2,3,1,2,0.7832,2056
0666,4,2,3,1,4,0.5963,2079
0667,4,2,3,1,8,0.6226,2206
0668,4,2,3,1,16,0.5837,2344
0669,4,2,3,1,32,0.5796,2829
0670,4,2,3,1,64,0.5838,3449
0671,4,2,3,1,128,0.5932,4778
0672,4,2,3,2,2,0.8673,3153
0673,4,2,3,2,4,0.6189,3221
0674,4,2,3,2,8,0.6346,3342
0675,4,2,3,2,16,0.7313,3704
0676,4,2,3,2,32,0.6473,4623
0677,4,2,3,2,64,0.6279,5874
0678,4,2,3,2,128,0.6279,5874
0679,4,2,3,3,2,0.8438,4003
0680,4,2,3,3,4,0.6884,4246
0681,4,2,3,3,8,0.6981,4395
0682,4,2,3,3,16,0.7414,4851
0683,4,2,3,3,32,0.6870,6370
0684,4,2,3,3,64,0.6870,6370
0686,4,2,3,4,2,0.8698,5321
0687,4,2,3,4,4,0.7226,5192
0688,4,2,3,4,8,0.7117,5474
0689,4,2,3,4,16,0.7050,6067
0690,4,2,3,4,32,0.8138,8063
0691,4,2,3,4,64,0.8138,8063
0693,4,2,3,5,2,1.0494,5930
0694,4,2,3,5,4,0.8121,5743
0695,4,2,3,5,8,0.7842,6097
0696,4,2,3,5,16,0.8685,7407
0697,4,2,3,5,32,0.7823,9727
0700,4,2,4,1,2,0.4908,1948
0701,4,2,4,1,4,0.6269,2217
0702,4,2,4,1,8,0.5519,2305
0703,4,2,4,1,16,0.5176,2581
0704,4,2,4,1,32,0.5333,3210
0705,4,2,4,1,64,0.5333,3210
0706,4,2,4,1,128,0.5333,3210
0707,4,2,4,2,2,0.5559,2838
0708,4,2,4,2,4,0.5938,3387
0709,4,2,4,2,8,0.5924,3617
0710,4,2,4,2,16,0.6029,4110
0711,4,2,4,2,32,0.6022,5456
0712,4,2,4,2,64,0.6008,6993
0713,4,2,4,2,128,0.6008,6993
0714,4,2,4,3,2,0.5793,3890
0715,4,2,4,3,4,0.6094,4480
0716,4,2,4,3,8,0.6323,4900
0717,4,2,4,3,16,0.6284,5416
0718,4,2,4,3,32,0.6362,7519
0719,4,2,4,3,64,0.6362,7519
0721,4,2,4,4,2,0.7015,4717
0722,4,2,4,4,4,0.6695,5691
0723,4,2,4,4,8,0.6848,6180
0724,4,2,4,4,16,0.6465,6993
0725,4,2,4,4,32,0.6774,9623
0728,4,2,4,5,2,0.6996,5464
0729,4,2,4,5,4,0.7611,6438
0730,4,2,4,5,8,0.7047,7326
0731,4,2,4,5,16,0.7437,8203
0732,4,2,4,5,32,0.7437,8203
0735,4,3,1,1,2,0.6655,1810
0736,4,3,1,1,4,0.6494,1920
0737,4,3,1,1,8,0.6842,1941
0738,4,3,1,1,16,0.6858,1959
0739,4,3,1,1,32,0.6759,2226
0740,4,3,1,1,64,0.6225,2321
0741,4,3,1,1,128,0.6370,2696
0742,4,3,1,2,2,0.6694,2646
0743,4,3,1,2,4,0.7290,2839
0744,4,3,1,2,8,0.6872,2688
0745,4,3,1,2,16,0.7304,2817
0746,4,3,1,2,32,0.6758,3092
0747,4,3,1,2,64,0.7317,3676
0748,4,3,1,2,128,0.7317,3676
0749,4,3,1,3,2,0.8302,3025
0750,4,3,1,3,4,0.8210,3254
0751,4,3,1,3,8,0.8545,3294
0752,4,3,1,3,16,0.8422,3473
0753,4,3,1,3,32,0.8205,4000
0754,4,3,1,3,64,0.8101,4684
0755,4,3,1,3,128,0.8474,6065
0756,4,3,1,4,2,0.8749,3582
0757,4,3,1,4,4,0.8683,3934
0758,4,3,1,4,8,0.8281,4043
0759,4,3,1,4,16,0.8268,4405
0760,4,3,1,4,32,0.8631,5043
0761,4,3,1,4,64,0.8518,6120
0762,4,3,1,4,128,0.8518,6120
0763,4,3,1,5,2,0.8881,4309
0764,4,3,1,5,4,0.8430,4781
0765,4,3,1,5,8,0.8682,4924
0766,4,3,1,5,16,0.8877,5619
0767,4,3,1,5,32,0.8420,5912
0768,4,3,1,5,64,0.8744,6902
0769,4,3,1,5,128,0.8744,6902
0770,4,3,2,1,2,0.5842,1958
0771,4,3,2,1,4,0.5934,2116
0772,4,3,2,1,8,0.5546,2137
0773,4,3,2,1,16,0.6027,2285
0774,4,3,2,1,32,0.5771,2692
0775,4,3,2,1,64,0.5890,3003
0776,4,3,2,1,128,0.5631,3799
0777,4,3,2,2,2,0.6515,2837
0778,4,3,2,2,4,0.7145,3435
0779,4,3,2,2,8,0.6669,3398
0780,4,3,2,2,16,0.6668,3420
0781,4,3,2,2,32,0.6059,4033
0782,4,3,2,2,64,0.6260,4767
0783,4,3,2,2,128,0.6502,6582
0784,4,3,2,3,2,0.7555,3489
0785,4,3,2,3,4,0.7622,3914
0786,4,3,2,3,8,0.7373,4035
0787,4,3,2,3,16,0.7742,4349
0788,4,3,2,3,32,0.7562,5466
0789,4,3,2,3,64,0.7975,6675
0790,4,3,2,3,128,0.7975,6675
0791,4,3,2,4,2,0.8057,4263
0792,4,3,2,4,4,0.7933,4632
0793,4,3,2,4,8,0.7977,4925
0794,4,3,2,4,16,0.7977,4925
0795,4,3,2,4,32,0.7763,6796
0796,4,3,2,4,64,0.7916,8317
0798,4,3,2,5,2,0.7874,5243
0799,4,3,2,5,4,0.8080,5957
0800,4,3,2,5,8,0.8385,6219
0801,4,3,2,5,16,0.8149,6572
0802,4,3,2,5,32,0.7909,8205
0803,4,3,2,5,64,0.7909,8205
0805,4,3,3,1,2,0.8030,2387
0806,4,3,3,1,4,0.6011,2349
0807,4,3,3,1,8,0.6204,2472
0808,4,3,3,1,16,0.5868,2482
0809,4,3,3,1,32,0.5950,3121
0810,4,3,3,1,64,0.5808,3699
0811,4,3,3,1,128,0.6011,5080
0812,4,3,3,2,2,0.8646,3494
0813,4,3,3,2,4,0.6603,3589
0814,4,3,3,2,8,0.6947,3773
0815,4,3,3,2,16,0.6617,4009
0816,4,3,3,2,32,0.6955,4842
0817,4,3,3,2,64,0.7104,6153
0818,4,3,3,2,128,0.7104,6153
0819,4,3,3,3,2,1.0397,4557
0820,4,3,3,3,4,0.7867,4483
0821,4,3,3,3,8,0.7806,4587
0822,4,3,3,3,16,0.8027,5319
0823,4,3,3,3,32,0.7854,6679
0824,4,3,3,3,64,0.7707,8603
0826,4,3,3,4,2,1.0645,5867
0827,4,3,3,4,4,0.8527,5448
0828,4,3,3,4,8,0.8554,5928
0829,4,3,3,4,16,0.8300,6937
0830,4,3,3,4,32,0.8186,8365
0831,4,3,3,4,64,0.8186,8365
0833,4,3,3,5,2,1.0223,6722
0834,4,3,3,5,4,0.8110,6674
0835,4,3,3,5,8,0.8092,7157
0836,4,3,3,5,16,0.8092,7157
0837,4,3,3,5,32,0.8092,7157
0840,4,3,4,1,2,0.5426,2218
0841,4,3,4,1,4,0.5379,2459
0842,4,3,4,1,8,0.5584,2664
0843,4,3,4,1,16,0.5367,2846
0844,4,3,4,1,32,0.5373,3259
0845,4,3,4,1,64,0.5366,4106
0846,4,3,4,1,128,0.5853,6060
0847,4,3,4,2,2,0.6076,3097
0848,4,3,4,2,4,0.5777,3880
0849,4,3,4,2,8,0.5854,3918
0850,4,3,4,2,16,0.6881,4460
0851,4,3,4,2,32,0.5880,5682
0852,4,3,4,2,64,0.6109,7433
0853,4,3,4,2,128,0.6109,7433
0854,4,3,4,3,2,0.7045,4325
0855,4,3,4,3,4,0.7353,4910
0856,4,3,4,3,8,0.7384,5230
0857,4,3,4,3,16,0.7342,5826
0858,4,3,4,3,32,0.7342,5826
0859,4,3,4,3,64,0.7342,5826
0861,4,3,4,4,2,0.7181,5334
0862,4,3,4,4,4,0.7410,5896
0863,4,3,4,4,8,0.7086,6567
0864,4,3,4,4,16,0.7318,7484
0865,4,3,4,4,32,0.7318,7484
0868,4,3,4,5,2,0.7369,6631
0869,4,3,4,5,4,0.7164,7841
0870,4,3,4,5,8,0.7397,7931
0871,4,3,4,5,16,0.7243,8953
0875,4,4,1,1,2,0.6560,2062
0876,4,4,1,1,4,0.6590,2185
0877,4,4,1,1,8,0.6979,2126
0878,4,4,1,1,16,0.8068,2202
0879,4,4,1,1,32,0.6619,2247
0880,4,4,1,1,64,0.7194,2496
0881,4,4,1,1,128,0.6645,2913
0882,4,4,1,2,2,0.7180,3200
0883,4,4,1,2,4,0.7353,3212
0884,4,4,1,2,8,0.8178,3252
0885,4,4,1,2,16,0.7088,3191
0886,4,4,1,2,32,0.7672,3538
0887,4,4,1,2,64,0.7195,3900
0888,4,4,1,2,128,0.7095,4837
0889,4,4,1,3,2,0.8614,3656
0890,4,4,1,3,4,0.8220,3711
0891,4,4,1,3,8,0.8845,3938
0892,4,4,1,3,16,0.8660,3995
0893,4,4,1,3,32,0.8108,4404
0894,4,4,1,3,64,0.8447,4911
0895,4,4,1,3,128,0.9055,6283
0896,4,4,1,4,2,0.8842,4660
0897,4,4,1,4,4,0.8381,4686
0898,4,4,1,4,8,0.8672,5035
0899,4,4,1,4,16,0.8971,4701
0900,4,4,1,4,32,0.8479,5366
0901,4,4,1,4,64,0.8502,6218
0902,4,4,1,4,128,0.8502,6218
0903,4,4,1,5,2,0.8470,4888
0904,4,4,1,5,4,0.8555,5376
0905,4,4,1,5,8,0.8618,5528
0906,4,4,1,5,16,0.8815,5735
0907,4,4,1,5,32,0.8607,6605
0908,4,4,1,5,64,0.9075,7767
0910,4,4,2,1,2,0.6039,2099
0911,4,4,2,1,4,0.6109,2331
0912,4,4,2,1,8,0.6122,2254
0913,4,4,2,1,16,0.5896,2404
0914,4,4,2,1,32,0.6206,2682
0915,4,4,2,1,64,0.6001,3140
0916,4,4,2,1,128,0.6090,3980
0917,4,4,2,2,2,0.6549,3186
0918,4,4,2,2,4,0.7457,3429
0919,4,4,2,2,8,0.6450,3602
0920,4,4,2,2,16,0.7202,3670
0921,4,4,2,2,32,0.6590,4267
0922,4,4,2,2,64,0.6975,5338
0923,4,4,2,2,128,0.6975,5338
0924,4,4,2,3,2,0.7764,3677
0925,4,4,2,3,4,0.7764,3677
0926,4,4,2,3,8,0.7840,4333
0927,4,4,2,3,16,0.7827,4650
0928,4,4,2,3,32,0.7755,5701
0929,4,4,2,3,64,0.7579,6845
0931,4,4,2,4,2,0.8136,4838
0932,4,4,2,4,4,0.7451,5506
0933,4,4,2,4,8,0.8042,6238
0934,4,4,2,4,16,0.7990,5945
0935,4,4,2,4,32,0.8046,7162
0936,4,4,2,4,64,0.8100,8694
0938,4,4,2,5,2,0.7778,5989
0939,4,4,2,5,4,0.8019,6521
0940,4,4,2,5,8,0.7655,6554
0941,4,4,2,5,16,0.8199,7170
0942,4,4,2,5,32,0.8092,8869
0945,4,4,3,1,2,0.8371,2557
0946,4,4,3,1,4,0.6382,2435
0947,4,4,3,1,8,0.6542,2555
0948,4,4,3,1,16,0.6433,2772
0949,4,4,3,1,32,0.6498,3240
0950,4,4,3,1,64,0.6031,3805
0951,4,4,3,1,128,0.6337,5226
0952,4,4,3,2,2,0.8902,3832
0953,4,4,3,2,4,0.8157,4380
0954,4,4,3,2,8,0.7127,4086
0955,4,4,3,2,16,0.7047,4392
0956,4,4,3,2,32,0.6698,5360
0957,4,4,3,2,64,0.7188,6541
0958,4,4,3,2,128,0.7188,6541
0959,4,4,3,3,2,1.0455,5019
0960,4,4,3,3,4,0.8183,4817
0961,4,4,3,3,8,0.7939,5050
0962,4,4,3,3,16,0.7946,6101
0963,4,4,3,3,32,0.7943,7051
0964,4,4,3,3,64,0.7943,7051
0966,4,4,3,4,2,1.0803,6275
0967,4,4,3,4,4,0.8003,6269
0968,4,4,3,4,8,0.8329,6598
0969,4,4,3,4,16,0.8329,6598
0970,4,4,3,4,32,0.8329,6598
0974,4,4,3,5,4,0.8774,8076
0975,4,4,3,5,8,0.8149,7701
0976,4,4,3,5,16,0.8420,9087
0980,4,4,4,1,2,0.5679,2358
0981,4,4,4,1,4,0.5600,2514
0982,4,4,4,1,8,0.5576,2731
0983,4,4,4,1,16,0.5750,3050
0984,4,4,4,1,32,0.5765,3454
0985,4,4,4,1,64,0.5666,4308
0986,4,4,4,1,128,0.6029,6141
0987,4,4,4,2,2,0.6630,3662
0988,4,4,4,2,4,0.6406,4210
0989,4,4,4,2,8,0.6450,4352
0990,4,4,4,2,16,0.7024,4882
0991,4,4,4,2,32,0.7024,4882
0992,4,4,4,2,64,0.7024,4882
0994,4,4,4,3,2,0.7348,4359
0995,4,4,4,3,4,0.7177,5456
0996,4,4,4,3,8,0.7714,5604
0997,4,4,4,3,16,0.7147,6423
0998,4,4,4,3,32,0.7543,8193
0999,4,4,4,3,64,0.7543,8193
1001,4,4,4,4,2,0.7285,6058
1002,4,4,4,4,4,0.7388,7250
1003,4,4,4,4,8,0.7665,6970
1004,4,4,4,4,16,0.7446,8267
1005,4,4,4,4,32,0.7655,10476
1008,4,4,4,5,2,0.7818,6956
1009,4,4,4,5,4,0.7808,7985
1010,4,4,4,5,8,0.7451,8537
1011,4,4,4,5,16,0.7265,9671
1015,4,5,1,1,2,0.8213,2301
1016,4,5,1,1,4,0.8999,2419
1017,4,5,1,1,8,0.8352,2368
1018,4,5,1,1,16,0.8306,2593
1019,4,5,1,1,32,0.8445,2562
1020,4,5,1,1,64,0.8358,2805
1021,4,5,1,1,128,0.7718,3112
1022,4,5,1,2,2,1.0395,3042
1023,4,5,1,2,4,1.0961,3216
1024,4,5,1,2,8,1.0101,3244
1025,4,5,1,2,16,1.1087,3364
1026,4,5,1,2,32,1.0216,3689
1027,4,5,1,2,64,1.0337,4119
1028,4,5,1,2,128,1.0374,4848
1029,4,5,1,3,2,1.0733,4106
1030,4,5,1,3,4,1.0584,4414
1031,4,5,1,3,8,1.0737,4411
1032,4,5,1,3,16,1.0618,4748
1033,4,5,1,3,32,1.0546,5399
1034,4,5,1,3,64,1.0546,5399
1035,4,5,1,3,128,1.0546,5399
1036,4,5,1,4,2,1.0875,5205
1037,4,5,1,4,4,1.0837,5375
1038,4,5,1,4,8,1.1482,5308
1039,4,5,1,4,16,1.0978,5701
1040,4,5,1,4,32,1.0742,6254
1041,4,5,1,4,64,1.0774,7141
1043,4,5,1,5,2,1.1096,6015
1045,4,5,1,5,8,1.1033,6821
1046,4,5,1,5,16,1.0850,6717
1047,4,5,1,5,32,1.0565,7583
1048,4,5,1,5,64,1.0920,8501
1050,4,5,2,1,2,0.8039,2421
1051,4,5,2,1,4,0.8338,2636
1052,4,5,2,1,8,0.8648,2533
1053,4,5,2,1,16,0.7482,2656
1054,4,5,2,1,32,0.7618,3039
1055,4,5,2,1,64,0.7585,3361
1056,4,5,2,1,128,0.7661,4208
1057,4,5,2,2,2,1.0257,3287
1058,4,5,2,2,4,0.9840,3551
1059,4,5,2,2,8,0.9639,3767
1060,4,5,2,2,16,1.0054,4008
1061,4,5,2,2,32,0.9894,4594
1062,4,5,2,2,64,0.9371,5778
1063,4,5,2,2,128,0.9371,5778
1064,4,5,2,3,2,1.0007,4406
1065,4,5,2,3,4,0.9876,5043
1066,4,5,2,3,8,0.9649,5595
1067,4,5,2,3,16,0.9749,5860
1068,4,5,2,3,32,1.0049,6959
1069,4,5,2,3,64,1.0247,7668
1070,4,5,2,3,128,1.0247,7668
1071,4,5,2,4,2,0.9800,5484
1072,4,5,2,4,4,1.0191,6615
1073,4,5,2,4,8,0.9976,6324
1074,4,5,2,4,16,1.0190,6858
1075,4,5,2,4,32,1.0283,7985
1076,4,5,2,4,64,1.0283,7985
1078,4,5,2,5,2,1.0094,6828
1079,4,5,2,5,4,1.0094,6828
1080,4,5,2,5,8,1.0322,7906
1081,4,5,2,5,16,1.0239,8392
1082,4,5,2,5,32,1.0020,10029
1085,4,5,3,1,2,0.9647,2660
1086,4,5,3,1,4,0.7663,2837
1087,4,5,3,1,8,0.7959,2951
1088,4,5,3,1,16,0.7631,2939
1089,4,5,3,1,32,0.8024,3400
1090,4,5,3,1,64,0.7552,4168
1091,4,5,3,1,128,0.8040,5503
1092,4,5,3,2,2,1.2420,4018
1093,4,5,3,2,4,1.0375,4058
1094,4,5,3,2,8,1.0309,4182
1095,4,5,3,2,16,0.9774,4598
1096,4,5,3,2,32,1.0306,5478
1097,4,5,3,2,64,0.9888,6847
1098,4,5,3,2,128,0.9888,6847
1099,4,5,3,3,2,1.2725,5671
1100,4,5,3,3,4,1.0449,6210
1101,4,5,3,3,8,1.0113,6120
1102,4,5,3,3,16,1.0113,6120
1103,4,5,3,3,32,1.0507,7780
1104,4,5,3,3,64,1.0507,7780
1107,4,5,3,4,4,1.0354,7151
1108,4,5,3,4,8,1.0197,7410
1109,4,5,3,4,16,1.0161,8507
1110,4,5,3,4,32,1.0282,9990
1114,4,5,3,5,4,1.0689,8536
1115,4,5,3,5,8,1.0295,8855
1120,4,5,4,1,2,0.7955,2597
1121,4,5,4,1,4,0.7906,2930
1122,4,5,4,1,8,0.8121,3117
1123,4,5,4,1,16,0.7142,3232
1124,4,5,4,1,32,0.7399,3861
1125,4,5,4,1,64,0.7399,3861
1126,4,5,4,1,128,0.7605,6374
1127,4,5,4,2,2,0.9553,3686
1128,4,5,4,2,4,0.9467,4173
1129,4,5,4,2,8,0.9471,4524
1130,4,5,4,2,16,0.9288,4890
1131,4,5,4,2,32,0.9173,6383
1132,4,5,4,2,64,0.9245,7960
1134,4,5,4,3,2,0.9358,5143
1135,4,5,4,3,4,0.9896,6165
1136,4,5,4,3,8,0.9131,6361
1137,4,5,4,3,16,0.9167,7545
1138,4,5,4,3,32,0.9342,8876
1139,4,5,4,3,64,0.9342,8876
1141,4,5,4,4,2,0.9295,6701
1142,4,5,4,4,4,0.9421,8406
1143,4,5,4,4,8,0.9479,8152
1144,4,5,4,4,16,0.9479,8152
1148,4,5,4,5,2,0.9795,7985
1149,4,5,4,5,4,1.0149,9308
1150,4,5,4,5,8,0.9393,9509
1155,8,1,1,1,2,0.5071,1367
1156,8,1,1,1,4,0.5096,1260
1157,8,1,1,1,8,0.5164,1341
1158,8,1,1,1,16,0.4990,1459
1159,8,1,1,1,32,0.5245,1648
1160,8,1,1,1,64,0.5056,1826
1161,8,1,1,1,128,0.5608,2204
1162,8,1,1,2,2,0.6234,1909
1163,8,1,1,2,4,0.6201,2077
1164,8,1,1,2,8,0.6022,2037
1165,8,1,1,2,16,0.6120,2229
1166,8,1,1,2,32,0.6498,2446
1167,8,1,1,2,64,0.6054,2883
1168,8,1,1,2,128,0.6031,3668
1169,8,1,1,3,2,0.6372,2214
1170,8,1,1,3,4,0.6734,2460
1171,8,1,1,3,8,0.6514,2547
1172,8,1,1,3,16,0.6183,2742
1173,8,1,1,3,32,0.6200,3065
1174,8,1,1,3,64,0.6471,3850
1175,8,1,1,3,128,0.6622,5180
1176,8,1,1,4,2,0.6683,2667
1177,8,1,1,4,4,0.7172,2813
1178,8,1,1,4,8,0.6582,2776
1179,8,1,1,4,16,0.7373,3143
1180,8,1,1,4,32,0.6487,3655
1181,8,1,1,4,64,0.6929,4465
1182,8,1,1,4,128,0.6572,6435
1183,8,1,1,5,2,0.7009,2886
1184,8,1,1,5,4,0.6775,3262
1185,8,1,1,5,8,0.6966,3476
1186,8,1,1,5,16,0.6646,3782
1187,8,1,1,5,32,0.6904,4465
1188,8,1,1,5,64,0.6904,4465
1189,8,1,1,5,128,0.6904,4465
1190,8,1,2,1,2,0.4717,1508
1191,8,1,2,1,4,0.4546,1537
1192,8,1,2,1,8,0.4503,1645
1193,8,1,2,1,16,0.4538,1750
1194,8,1,2,1,32,0.4539,2172
1195,8,1,2,1,64,0.4545,2573
1196,8,1,2,1,128,0.5051,3415
1197,8,1,2,2,2,0.5886,2040
1198,8,1,2,2,4,0.5790,2335
1199,8,1,2,2,8,0.5560,2543
1200,8,1,2,2,16,0.5592,2693
1201,8,1,2,2,32,0.5504,3430
1202,8,1,2,2,64,0.5719,4069
1203,8,1,2,2,128,0.5699,5936
1204,8,1,2,3,2,0.6332,2697
1205,8,1,2,3,4,0.6387,3140
1206,8,1,2,3,8,0.5889,3231
1207,8,1,2,3,16,0.6264,3603
1208,8,1,2,3,32,0.5835,4523
1209,8,1,2,3,64,0.5666,5644
1210,8,1,2,3,128,0.5666,5644
1211,8,1,2,4,2,0.6515,3157
1212,8,1,2,4,4,0.7136,3617
1213,8,1,2,4,8,0.7584,3895
1214,8,1,2,4,16,0.6378,4360
1215,8,1,2,4,32,0.6144,5567
1216,8,1,2,4,64,0.6935,7239
1217,8,1,2,4,128,0.6935,7239
1218,8,1,2,5,2,0.6236,3481
1219,8,1,2,5,4,0.6127,4475
1220,8,1,2,5,8,0.6215,4590
1221,8,1,2,5,16,0.6063,5331
1222,8,1,2,5,32,0.6019,6683
1223,8,1,2,5,64,0.6019,6683
1225,8,1,3,1,2,0.7582,1801
1226,8,1,3,1,4,0.5126,1732
1227,8,1,3,1,8,0.5093,1946
1228,8,1,3,1,16,0.4823,2046
1229,8,1,3,1,32,0.5251,2498
1230,8,1,3,1,64,0.4699,3140
1231,8,1,3,1,128,0.5170,4445
1232,8,1,3,2,2,0.8764,2786
1233,8,1,3,2,4,0.6449,2833
1234,8,1,3,2,8,0.5952,2992
1235,8,1,3,2,16,0.6178,3280
1236,8,1,3,2,32,0.5849,4210
1237,8,1,3,2,64,0.6501,5443
1238,8,1,3,2,128,0.6501,5443
1239,8,1,3,3,2,0.9123,3798
1240,8,1,3,3,4,0.6361,3660
1241,8,1,3,3,8,0.6481,3864
1242,8,1,3,3,16,0.6439,4464
1243,8,1,3,3,32,0.6134,5958
1244,8,1,3,3,64,0.6332,7697
1246,8,1,3,4,2,0.9206,4665
1247,8,1,3,4,4,0.6289,4301
1248,8,1,3,4,8,0.7031,4791
1249,8,1,3,4,16,0.7269,5369
1250,8,1,3,4,32,0.6932,7257
1251,8,1,3,4,64,0.6932,7257
1254,8,1,3,5,4,0.6614,5200
1255,8,1,3,5,8,0.6157,5629
1256,8,1,3,5,16,0.6157,5629
1257,8,1,3,5,32,0.6157,5629
1258,8,1,3,5,64,0.6157,5629
1260,8,1,4,1,2,0.4535,1745
1261,8,1,4,1,4,0.4362,1957
1262,8,1,4,1,8,0.4454,2175
1263,8,1,4,1,16,0.4355,2361
1264,8,1,4,1,32,0.4722,2862
1265,8,1,4,1,64,0.4777,3832
1266,8,1,4,1,128,0.5332,5518
1267,8,1,4,2,2,0.5413,2543
1268,8,1,4,2,4,0.5726,3130
1269,8,1,4,2,8,0.5502,3407
1270,8,1,4,2,16,0.5366,3760
1271,8,1,4,2,32,0.5370,4840
1272,8,1,4,2,64,0.5655,6723
1273,8,1,4,2,128,0.5655,6723
1274,8,1,4,3,2,0.5632,3650
1275,8,1,4,3,4,0.5857,4265
1276,8,1,4,3,8,0.5993,4455
1277,8,1,4,3,16,0.5993,4455
1278,8,1,4,3,32,0.5993,4455
1279,8,1,4,3,64,0.5993,4455
1281,8,1,4,4,2,0.5966,4396
1282,8,1,4,4,4,0.5988,5035
1283,8,1,4,4,8,0.6446,5445
1284,8,1,4,4,16,0.6884,6329
1285,8,1,4,4,32,0.5795,8754
1286,8,1,4,4,64,0.5795,8754
1288,8,1,4,5,2,0.5843,5168
1289,8,1,4,5,4,0.5921,6248
1290,8,1,4,5,8,0.6366,6691
1291,8,1,4,5,16,0.6232,7761
1292,8,1,4,5,32,0.6232,7761
1295,8,1,5,1,2,0.7537,2247
1296,8,1,5,1,4,0.4684,2141
1297,8,1,5,1,8,0.5213,2281
1298,8,1,5,1,16,0.4624,2629
1299,8,1,5,1,32,0.4498,3397
1300,8,1,5,1,64,0.4922,4465
1301,8,1,5,1,128,0.4922,4465
1302,8,1,5,2,2,0.8593,3711
1303,8,1,5,2,4,0.5618,3654
1304,8,1,5,2,8,0.5674,3915
1305,8,1,5,2,16,0.5652,4500
1306,8,1,5,2,32,0.5836,5922
1307,8,1,5,2,64,0.6410,8152
1310,8,1,5,3,4,0.5909,4871
1311,8,1,5,3,8,0.6368,5174
1312,8,1,5,3,16,0.6225,6157
1313,8,1,5,3,32,0.6442,8453
1314,8,1,5,3,64,0.6442,8453
1317,8,1,5,4,4,0.6540,5785
1318,8,1,5,4,8,0.6026,6483
1319,8,1,5,4,16,0.5947,7536
1320,8,1,5,4,32,0.5947,7536
1324,8,1,5,5,4,0.6357,7401
1325,8,1,5,5,8,0.6320,8079
1326,8,1,5,5,16,0.6681,9481
1330,8,2,1,1,2,0.6100,1572
1331,8,2,1,1,4,0.6284,1630
1332,8,2,1,1,8,0.6461,1669
1333,8,2,1,1,16,0.6352,1736
1334,8,2,1,1,32,0.6159,1911
1335,8,2,1,1,64,0.6346,2061
1336,8,2,1,1,128,0.6041,2497
1337,8,2,1,2,2,0.6793,2177
1338,8,2,1,2,4,0.7137,2388
1339,8,2,1,2,8,0.6585,2404
1340,8,2,1,2,16,0.7056,2532
1341,8,2,1,2,32,0.6845,2836
1342,8,2,1,2,64,0.6845,2836
1343,8,2,1,2,128,0.6599,4178
1344,8,2,1,3,2,0.6691,2702
1345,8,2,1,3,4,0.6905,3203
1346,8,2,1,3,8,0.6686,2895
1347,8,2,1,3,16,0.6871,3126
1348,8,2,1,3,32,0.6717,3577
1349,8,2,1,3,64,0.6691,4119
1350,8,2,1,3,128,0.7515,5474
1351,8,2,1,4,2,0.7923,3459
1352,8,2,1,4,4,0.7520,3503
1353,8,2,1,4,8,0.7313,3677
1354,8,2,1,4,16,0.7126,3656
1355,8,2,1,4,32,0.7212,4585
1356,8,2,1,4,64,0.8192,5339
1357,8,2,1,4,128,0.8192,5339
1358,8,2,1,5,2,0.8539,3491
1359,8,2,1,5,4,0.9149,3774
1360,8,2,1,5,8,0.8712,4046
1361,8,2,1,5,16,0.8522,4361
1362,8,2,1,5,32,0.8518,5072
1363,8,2,1,5,64,0.8318,6186
1364,8,2,1,5,128,0.8318,6186
1365,8,2,2,1,2,0.5532,1784
1366,8,2,2,1,4,0.5528,1854
1367,8,2,2,1,8,0.5594,1933
1368,8,2,2,1,16,0.5596,2103
1369,8,2,2,1,32,0.5626,2405
1370,8,2,2,1,64,0.5643,2682
1371,8,2,2,1,128,0.5592,3692
1372,8,2,2,2,2,0.6473,2427
1373,8,2,2,2,4,0.6540,2805
1374,8,2,2,2,8,0.6197,2872
1375,8,2,2,2,16,0.6429,3098
1376,8,2,2,2,32,0.5929,3746
1377,8,2,2,2,64,0.6016,4438
1378,8,2,2,2,128,0.6346,6265
1379,8,2,2,3,2,0.6248,3045
1380,8,2,2,3,4,0.6357,3452
1381,8,2,2,3,8,0.6738,3832
1382,8,2,2,3,16,0.6187,3904
1383,8,2,2,3,32,0.6112,4823
1384,8,2,2,3,64,0.6278,6141
1385,8,2,2,3,128,0.6278,6141
1386,8,2,2,4,2,0.6923,3811
1387,8,2,2,4,4,0.6960,4376
1388,8,2,2,4,8,0.7509,4539
1389,8,2,2,4,16,0.7138,4925
1390,8,2,2,4,32,0.6669,6199
1391,8,2,2,4,64,0.6669,6199
1393,8,2,2,5,2,0.7511,3987
1394,8,2,2,5,4,0.8161,4950
1395,8,2,2,5,8,0.7820,5131
1396,8,2,2,5,16,0.7469,5601
1397,8,2,2,5,32,0.7721,7431
1398,8,2,2,5,64,0.7721,7431
1400,8,2,3,1,2,0.8568,2114
1401,8,2,3,1,4,0.5927,2066
1402,8,2,3,1,8,0.5856,2204
1403,8,2,3,1,16,0.5902,2263
1404,8,2,3,1,32,0.5861,2755
1405,8,2,3,1,64,0.5668,3310
1406,8,2,3,1,128,0.6064,4803
1407,8,2,3,2,2,0.9245,3181
1408,8,2,3,2,4,0.6551,3202
1409,8,2,3,2,8,0.5995,3260
1410,8,2,3,2,16,0.6349,3728
1411,8,2,3,2,32,0.6619,4637
1412,8,2,3,2,64,0.5962,5734
1413,8,2,3,2,128,0.5962,5734
1414,8,2,3,3,2,1.0407,4183
1415,8,2,3,3,4,0.6455,4160
1416,8,2,3,3,8,0.6503,4361
1417,8,2,3,3,16,0.6271,4890
1418,8,2,3,3,32,0.6944,6289
1419,8,2,3,3,64,0.6465,8407
1422,8,2,3,4,4,0.6952,5105
1423,8,2,3,4,8,0.7026,5321
1424,8,2,3,4,16,0.7000,6328
1430,8,2,3,5,8,0.8031,6409
1431,8,2,3,5,16,0.7975,6995
1432,8,2,3,5,32,0.7913,9428
1435,8,2,4,1,2,0.5965,2003
1436,8,2,4,1,4,0.5620,2269
1437,8,2,4,1,8,0.5509,2394
1438,8,2,4,1,16,0.5513,2565
1439,8,2,4,1,32,0.5319,3077
1440,8,2,4,1,64,0.5452,3921
1441,8,2,4,1,128,0.5733,5831
1442,8,2,4,2,2,0.5703,2961
1443,8,2,4,2,4,0.6051,3450
1445,8,2,4,2,16,0.6036,4230
1450,8,2,4,3,4,0.6262,4522
1451,8,2,4,3,8,0.6661,5062
1452,8,2,4,3,16,0.6574,5643
1453,8,2,4,3,32,0.6586,7467
1454,8,2,4,3,64,0.6586,7467
1456,8,2,4,4,2,0.6895,5128
1457,8,2,4,4,4,0.6955,5801
1458,8,2,4,4,8,0.7137,6151
1459,8,2,4,4,16,0.6615,7098
1460,8,2,4,4,32,0.6454,9788
1464,8,2,4,5,4,0.7592,6598
1473,8,2,5,1,16,0.5638,2946
1474,8,2,5,1,32,0.5807,3582
1475,8,2,5,1,64,0.5639,4601
1476,8,2,5,1,128,0.6064,6942
1477,8,2,5,2,2,1.0103,4021
1478,8,2,5,2,4,0.5890,3870
1479,8,2,5,2,8,0.5833,4067
1480,8,2,5,2,16,0.6243,4656
1481,8,2,5,2,32,0.5906,6292
1482,8,2,5,2,64,0.6719,8389
1485,8,2,5,3,4,0.6481,5240
1486,8,2,5,3,8,0.6750,5690
1487,8,2,5,3,16,0.6713,6525
1488,8,2,5,3,32,0.6689,8953
1499,8,2,5,5,4,0.7727,7756
1500,8,2,5,5,8,0.7702,8608
1501,8,2,5,5,16,0.7702,8608
1505,8,3,1,1,2,0.6233,1915
1506,8,3,1,1,4,0.6369,1922
1508,8,3,1,1,16,0.6284,2002
1509,8,3,1,1,32,0.6390,2188
1510,8,3,1,1,64,0.6467,2408
1512,8,3,1,2,2,0.7153,2567
1514,8,3,1,2,8,0.6487,2693
1515,8,3,1,2,16,0.6531,2893
1516,8,3,1,2,32,0.6845,3239
1518,8,3,1,2,128,0.7059,4416
1519,8,3,1,3,2,0.8246,3414
1520,8,3,1,3,4,0.8645,3258
1521,8,3,1,3,8,0.8291,3384
1522,8,3,1,3,16,0.8671,3498
1523,8,3,1,3,32,0.8434,4245
1524,8,3,1,3,64,0.8216,5085
1525,8,3,1,3,128,0.8700,6059
1526,8,3,1,4,2,0.8394,3790
1527,8,3,1,4,4,0.8433,3876
1528,8,3,1,4,8,0.8600,3992
1529,8,3,1,4,16,0.8643,4326
1530,8,3,1,4,32,0.8015,5227
1531,8,3,1,4,64,0.8567,5703
1532,8,3,1,4,128,0.8567,5703
1533,8,3,1,5,2,0.8909,4463
1534,8,3,1,5,4,0.8391,5111
1537,8,3,1,5,32,0.8589,6294
1540,8,3,2,1,2,0.5947,2026
1541,8,3,2,1,4,0.5892,2105
1542,8,3,2,1,8,0.5783,2189
1543,8,3,2,1,16,0.5728,2325
1544,8,3,2,1,32,0.5864,2602
1545,8,3,2,1,64,0.5676,2971
1546,8,3,2,1,128,0.5833,3851
1547,8,3,2,2,2,0.6872,2997
1548,8,3,2,2,4,0.6817,3117
1549,8,3,2,2,8,0.6602,3255
1550,8,3,2,2,16,0.6657,3523
1551,8,3,2,2,32,0.6456,4027
1552,8,3,2,2,64,0.6710,4937
1553,8,3,2,2,128,0.6386,6712
1554,8,3,2,3,2,0.7640,3574
1555,8,3,2,3,4,0.7906,3877
1558,8,3,2,3,32,0.7954,5319
1559,8,3,2,3,64,0.7587,6623
1562,8,3,2,4,4,0.7852,4872
1563,8,3,2,4,8,0.7536,5015
1564,8,3,2,4,16,0.7694,5703
1565,8,3,2,4,32,0.7787,6640
1566,8,3,2,4,64,0.7787,6640
1567,8,3,2,4,128,0.7787,6640
1568,8,3,2,5,2,0.7860,5042
1569,8,3,2,5,4,0.7861,5768
1570,8,3,2,5,8,0.7834,5931
1571,8,3,2,5,16,0.7812,7191
1572,8,3,2,5,32,0.8084,7976
1575,8,3,3,1,2,0.9475,2418
1576,8,3,3,1,4,0.6172,2339
1579,8,3,3,1,32,0.5946,3017
1580,8,3,3,1,64,0.6180,3574
1582,8,3,3,2,2,0.9289,3569
1584,8,3,3,2,8,0.6880,3733
1585,8,3,3,2,16,0.6197,3983
1586,8,3,3,2,32,0.6517,4991
1587,8,3,3,2,64,0.6727,6152
1588,8,3,3,2,128,0.6727,6152
1589,8,3,3,3,2,1.1407,4579
1590,8,3,3,3,4,0.7504,4556
1591,8,3,3,3,8,0.8225,4786
1592,8,3,3,3,16,0.8044,5179
1593,8,3,3,3,32,0.7867,6635
1594,8,3,3,3,64,0.7842,8757
1599,8,3,3,4,16,0.7895,6391
1600,8,3,3,4,32,0.8063,8935
1604,8,3,3,5,4,0.8227,7490
1606,8,3,3,5,16,0.8199,8067
1607,8,3,3,5,32,0.8199,8067
1610,8,3,4,1,2,0.5624,2326
1611,8,3,4,1,4,0.5608,2568
1612,8,3,4,1,8,0.5400,2652
1613,8,3,4,1,16,0.5376,2767
1614,8,3,4,1,32,0.5358,3428
1615,8,3,4,1,64,0.5552,4203
1616,8,3,4,1,128,0.5463,6142
1617,8,3,4,2,2,0.5921,3272
1618,8,3,4,2,4,0.5973,3840
1624,8,3,4,3,2,0.7396,4312
1626,8,3,4,3,8,0.7489,5349
1628,8,3,4,3,32,0.7524,7824
1629,8,3,4,3,64,0.7524,7824
1631,8,3,4,4,2,0.7326,5434
1632,8,3,4,4,4,0.7296,6720
1633,8,3,4,4,8,0.7538,6756
1634,8,3,4,4,16,0.7832,7372
1635,8,3,4,4,32,0.7832,7372
1640,8,3,4,5,8,0.7608,8045
1642,8,3,4,5,32,0.7608,8045
1646,8,3,5,1,4,0.5699,2736
1647,8,3,5,1,8,0.5864,2819
1649,8,3,5,1,32,0.5911,3855
1650,8,3,5,1,64,0.5925,4968
1651,8,3,5,1,128,0.5811,7086
1652,8,3,5,2,2,0.9536,4502
1653,8,3,5,2,4,0.6495,4316
1654,8,3,5,2,8,0.6310,4574
1655,8,3,5,2,16,0.5920,5266
1656,8,3,5,2,32,0.6125,6632
1657,8,3,5,2,64,0.6511,8821
1663,8,3,5,3,32,0.6511,8821
1667,8,3,5,4,4,0.7858,7073
1668,8,3,5,4,8,0.7653,7712
1670,8,3,5,4,32,0.7653,7712
1674,8,3,5,5,4,0.7586,8728
1675,8,3,5,5,8,0.7709,9688
1680,8,4,1,1,2,0.6442,2054
1681,8,4,1,1,4,0.6824,2016
1682,8,4,1,1,8,0.6707,2036
1687,8,4,1,2,2,0.7154,3166
1690,8,4,1,2,16,0.7277,3320
1691,8,4,1,2,32,0.7750,3625
1692,8,4,1,2,64,0.7160,4068
1693,8,4,1,2,128,0.7217,4780
1694,8,4,1,3,2,0.8628,3735
1695,8,4,1,3,4,0.8358,3868
1696,8,4,1,3,8,0.8858,3615
1697,8,4,1,3,16,0.8506,3926
1698,8,4,1,3,32,0.8472,4452
1699,8,4,1,3,64,0.8501,4993
1700,8,4,1,3,128,0.8511,6257
1701,8,4,1,4,2,0.8396,4233
1702,8,4,1,4,4,0.9204,4647
1703,8,4,1,4,8,0.8454,5132
1704,8,4,1,4,16,0.8701,4860
1710,8,4,1,5,8,0.8651,5708
1711,8,4,1,5,16,0.8995,6055
1712,8,4,1,5,32,0.9064,6953
1715,8,4,2,1,2,0.6188,2136
1716,8,4,2,1,4,0.6085,2273
1717,8,4,2,1,8,0.6002,2207
1718,8,4,2,1,16,0.5761,2408
1719,8,4,2,1,32,0.6466,2831
1720,8,4,2,1,64,0.5898,3118
1721,8,4,2,1,128,0.5918,3977
1722,8,4,2,2,2,0.7270,3407
1723,8,4,2,2,4,0.6755,3734
1724,8,4,2,2,8,0.6444,3616
1725,8,4,2,2,16,0.7507,3866
1726,8,4,2,2,32,0.6868,4351
1727,8,4,2,2,64,0.6555,5322
1731,8,4,2,3,8,0.8101,4410
1732,8,4,2,3,16,0.7880,4730
1733,8,4,2,3,32,0.8006,5823
1735,8,4,2,3,128,0.8006,5823
1736,8,4,2,4,2,0.8109,4856
1737,8,4,2,4,4,0.7998,5562
1738,8,4,2,4,8,0.8215,5580
1739,8,4,2,4,16,0.7859,5863
1740,8,4,2,4,32,0.8067,7608
1741,8,4,2,4,64,0.8067,7608
1743,8,4,2,5,2,0.7696,6153
1744,8,4,2,5,4,0.8336,7068
1745,8,4,2,5,8,0.7746,7245
1746,8,4,2,5,16,0.8040,7394
1750,8,4,3,1,2,0.9794,2520
1752,8,4,3,1,8,0.6483,2534
1754,8,4,3,1,32,0.5893,3164
1756,8,4,3,1,128,0.6587,5049
1757,8,4,3,2,2,1.1284,3906
1758,8,4,3,2,4,0.7047,3909
1760,8,4,3,2,16,0.7338,4322
1761,8,4,3,2,32,0.7037,5453
1762,8,4,3,2,64,0.7171,6594
1763,8,4,3,2,128,0.7171,6594
1764,8,4,3,3,2,1.2061,4969
1765,8,4,3,3,4,0.7898,4860
1766,8,4,3,3,8,0.8059,5328
1767,8,4,3,3,16,0.8102,5759
1768,8,4,3,3,32,0.8350,7023
1774,8,4,3,4,16,0.8019,7181
1779,8,4,3,5,4,0.8193,7650
1785,8,4,4,1,2,0.5788,2376
1786,8,4,4,1,4,0.6386,2510
1787,8,4,4,1,8,0.6087,2855
1788,8,4,4,1,16,0.5720,3023
1789,8,4,4,1,32,0.6100,3573
1790,8,4,4,1,64,0.6072,4376
1791,8,4,4,1,128,0.5892,6239
1792,8,4,4,2,2,0.6690,3612
1793,8,4,4,2,4,0.6925,4192
1797,8,4,4,2,64,0.6855,7969
1799,8,4,4,3,2,0.7300,4746
1800,8,4,4,3,4,0.7552,5236
1803,8,4,4,3,32,0.7815,8212
1804,8,4,4,3,64,0.7815,8212
1806,8,4,4,4,2,0.7703,6334
1807,8,4,4,4,4,0.7355,6662
1808,8,4,4,4,8,0.7650,6978
1809,8,4,4,4,16,0.7684,8061
1810,8,4,4,4,32,0.7684,8061
1813,8,4,4,5,2,0.7636,7289
1814,8,4,4,5,4,0.7630,8884
1815,8,4,4,5,8,0.7927,9411
1820,8,4,5,1,2,0.9277,2891
1821,8,4,5,1,4,0.6122,2963
1823,8,4,5,1,16,0.5922,3080
1824,8,4,5,1,32,0.5898,4177
1826,8,4,5,1,128,0.5898,4177
1827,8,4,5,2,2,1.0500,4932
1828,8,4,5,2,4,0.6381,4717
1829,8,4,5,2,8,0.6647,4938
1830,8,4,5,2,16,0.6526,5563
1831,8,4,5,2,32,0.6886,7065
1835,8,4,5,3,4,0.7526,6291
1838,8,4,5,3,32,0.7693,9970
1842,8,4,5,4,4,0.7768,7939
1849,8,4,5,5,4,0.8115,9587
1855,8,5,1,1,2,0.8098,2388
1856,8,5,1,1,4,0.7677,2290
1857,8,5,1,1,8,0.7017,2408
1858,8,5,1,1,16,0.7281,2518
1861,8,5,1,1,128,0.7100,3104
1862,8,5,1,2,2,0.8913,3153
1863,8,5,1,2,4,0.8818,3221
1864,8,5,1,2,8,0.9210,3296
1865,8,5,1,2,16,0.9129,3425
1866,8,5,1,2,32,0.8882,3642
1867,8,5,1,2,64,0.9258,4091
1868,8,5,1,2,128,0.9012,4893
1869,8,5,1,3,2,0.9197,4239
1870,8,5,1,3,4,0.9404,4316
1871,8,5,1,3,8,0.9329,4520
1872,8,5,1,3,16,0.9144,4717
1873,8,5,1,3,32,0.9617,5043
1874,8,5,1,3,64,0.9377,5880
1875,8,5,1,3,128,0.9113,7059
1876,8,5,1,4,2,0.9299,5082
1877,8,5,1,4,4,0.9773,5803
1878,8,5,1,4,8,0.9474,5300
1879,8,5,1,4,16,0.9070,5914
1881,8,5,1,4,64,0.9311,7272
1884,8,5,1,5,4,0.9459,6337
1885,8,5,1,5,8,0.9262,6627
1887,8,5,1,5,32,0.9334,7696
1888,8,5,1,5,64,0.9572,9631
1892,8,5,2,1,8,0.6551,2617
1893,8,5,2,1,16,0.6459,2789
1894,8,5,2,1,32,0.6275,3001
1895,8,5,2,1,64,0.6186,3397
1896,8,5,2,1,128,0.6467,4233
1897,8,5,2,2,2,0.8317,3647
1898,8,5,2,2,4,0.8117,3599
1899,8,5,2,2,8,0.8353,3714
1900,8,5,2,2,16,0.8343,4016
1901,8,5,2,2,32,0.7977,4536
1902,8,5,2,2,64,0.8243,5544
1903,8,5,2,2,128,0.8444,7036
1906,8,5,2,3,8,0.8667,5059
1907,8,5,2,3,16,0.8546,5420
1908,8,5,2,3,32,0.8539,6631
1911,8,5,2,4,2,0.8540,5743
1912,8,5,2,4,4,0.8590,6379
1913,8,5,2,4,8,0.8688,6460
1914,8,5,2,4,16,0.8652,7002
1915,8,5,2,4,32,0.8858,8151
1916,8,5,2,4,64,0.8858,8151
1918,8,5,2,5,2,0.9070,6887
1919,8,5,2,5,4,0.8605,7914
1920,8,5,2,5,8,0.8802,7616
1921,8,5,2,5,16,0.8537,8225
1922,8,5,2,5,32,0.8537,8225
1925,8,5,3,1,2,0.9863,2810
1926,8,5,3,1,4,0.6561,2805
1928,8,5,3,1,16,0.6411,2951
1930,8,5,3,1,64,0.6463,3963
1934,8,5,3,2,8,0.8399,4176
1935,8,5,3,2,16,0.8526,4600
1936,8,5,3,2,32,0.8375,5597
1937,8,5,3,2,64,0.8446,6774
1938,8,5,3,2,128,0.8446,6774
1939,8,5,3,3,2,1.2802,5736
1940,8,5,3,3,4,0.9256,5610
1941,8,5,3,3,8,0.8909,5837
1942,8,5,3,3,16,0.8705,6380
1943,8,5,3,3,32,0.8992,7870
1944,8,5,3,3,64,0.8992,7870
1949,8,5,3,4,16,0.8759,8262
1954,8,5,3,5,4,0.8600,8616
1960,8,5,4,1,2,0.6774,2632
1961,8,5,4,1,4,0.6428,3060
1962,8,5,4,1,8,0.6440,3035
1963,8,5,4,1,16,0.6281,3283
1964,8,5,4,1,32,0.6145,3909
1965,8,5,4,1,64,0.6091,4688
1966,8,5,4,1,128,0.6091,4688
1967,8,5,4,2,2,0.8101,3951
1968,8,5,4,2,4,0.8101,4316
1969,8,5,4,2,8,0.8162,4467
1970,8,5,4,2,16,0.8262,5087
1971,8,5,4,2,32,0.7929,6304
1974,8,5,4,3,2,0.8346,5138
1975,8,5,4,3,4,0.8796,6136
1976,8,5,4,3,8,0.7959,6687
1978,8,5,4,3,32,0.8410,9095
1979,8,5,4,3,64,0.8410,9095
1981,8,5,4,4,2,0.8369,7196
1982,8,5,4,4,4,0.8208,7482
1983,8,5,4,4,8,0.8035,8161
1984,8,5,4,4,16,0.8157,9198
1996,8,5,5,1,4,0.6708,3144
1998,8,5,5,1,16,0.6485,3655
1999,8,5,5,1,32,0.6435,4312
2001,8,5,5,1,128,0.6462,7576
2002,8,5,5,2,2,1.1907,4903
2003,8,5,5,2,4,0.8087,4855
2004,8,5,5,2,8,0.8359,5042
2005,8,5,5,2,16,0.8246,5682
2006,8,5,5,2,32,0.8360,7350
2007,8,5,5,2,64,0.8360,7350
2011,8,5,5,3,8,0.8342,7214
2019,8,5,5,4,16,0.8342,7214
2030,16,1,1,1,2,0.5559,1362
2031,16,1,1,1,4,0.5035,1378
2032,16,1,1,1,8,0.5058,1429
2035,16,1,1,1,64,0.5198,1844
2036,16,1,1,1,128,0.4978,2215
2038,16,1,1,2,4,0.6324,1967
2039,16,1,1,2,8,0.6177,2099
2042,16,1,1,2,64,0.6021,2918
2044,16,1,1,3,2,0.6216,2203
2045,16,1,1,3,4,0.6405,2352
2046,16,1,1,3,8,0.6478,2558
2047,16,1,1,3,16,0.6480,2761
2048,16,1,1,3,32,0.6110,3028
2049,16,1,1,3,64,0.7324,3876
2050,16,1,1,3,128,0.6595,5096
2051,16,1,1,4,2,0.6592,2652
2052,16,1,1,4,4,0.6895,2912
2053,16,1,1,4,8,0.6289,2915
2054,16,1,1,4,16,0.6722,2994
2055,16,1,1,4,32,0.6688,3748
2056,16,1,1,4,64,0.6624,4753
2057,16,1,1,4,128,0.6811,6262
2059,16,1,1,5,4,0.6998,3362
2060,16,1,1,5,8,0.6823,3408
2061,16,1,1,5,16,0.6727,3801
2063,16,1,1,5,64,0.6633,5471
2065,16,1,2,1,2,0.4888,1527
2066,16,1,2,1,4,0.4813,1644
2067,16,1,2,1,8,0.4666,1614
2068,16,1,2,1,16,0.4873,1856
2069,16,1,2,1,32,0.4733,2003
2070,16,1,2,1,64,0.4767,2463
2071,16,1,2,1,128,0.4881,3387
2072,16,1,2,2,2,0.5730,2092
2073,16,1,2,2,4,0.5600,2360
2074,16,1,2,2,8,0.5730,2530
2075,16,1,2,2,16,0.5726,2846
2076,16,1,2,2,32,0.5671,3308
2077,16,1,2,2,64,0.6123,4209
2078,16,1,2,2,128,0.6123,4209
2079,16,1,2,3,2,0.6001,2671
2080,16,1,2,3,4,0.6073,3085
2082,16,1,2,3,16,0.5855,3566
2086,16,1,2,4,2,0.6409,3123
2088,16,1,2,4,8,0.6723,3964
2089,16,1,2,4,16,0.6399,4302
2090,16,1,2,4,32,0.5939,5465
2091,16,1,2,4,64,0.6285,7293
2093,16,1,2,5,2,0.6504,3608
2094,16,1,2,5,4,0.6197,4276
2095,16,1,2,5,8,0.6086,4693
2096,16,1,2,5,16,0.6138,5192
2097,16,1,2,5,32,0.5912,6740
2098,16,1,2,5,64,0.6455,9062
2101,16,1,3,1,4,0.4945,1770
2103,16,1,3,1,16,0.4774,2020
2105,16,1,3,1,64,0.4851,3159
2108,16,1,3,2,4,0.5789,2778
2109,16,1,3,2,8,0.5931,2883
2110,16,1,3,2,16,0.5863,3235
2112,16,1,3,2,64,0.5899,5373
2113,16,1,3,2,128,0.5899,5373
2114,16,1,3,3,2,0.7147,3704
2115,16,1,3,3,4,0.5843,3662
2116,16,1,3,3,8,0.6749,4011
2117,16,1,3,3,16,0.6519,4566
2118,16,1,3,3,32,0.6179,5764
2119,16,1,3,3,64,0.6402,7936
2120,16,1,3,3,128,0.6402,7936
2121,16,1,3,4,2,0.7606,4676
2122,16,1,3,4,4,0.6667,4455
2123,16,1,3,4,8,0.6987,4779
2126,16,1,3,4,64,0.6987,4779
2128,16,1,3,5,2,0.8343,5632
2131,16,1,3,5,16,0.7109,6768
2132,16,1,3,5,32,0.6541,8888
2135,16,1,4,1,2,0.4379,1743
2136,16,1,4,1,4,0.4567,1933
2137,16,1,4,1,8,0.4784,2077
2138,16,1,4,1,16,0.4413,2301
2139,16,1,4,1,32,0.5153,2994
2140,16,1,4,1,64,0.4673,3793
2141,16,1,4,1,128,0.4840,5599
2142,16,1,4,2,2,0.5286,2538
2143,16,1,4,2,4,0.5593,3070
2144,16,1,4,2,8,0.5384,3381
2146,16,1,4,2,32,0.5378,4986
2151,16,1,4,3,8,0.5735,4502
2152,16,1,4,3,16,0.5759,5113
2156,16,1,4,4,2,0.5739,4282
2157,16,1,4,4,4,0.5718,5071
2158,16,1,4,4,8,0.5926,5546
2159,16,1,4,4,16,0.6680,6363
2160,16,1,4,4,32,0.5949,8892
2161,16,1,4,4,64,0.5949,8892
2163,16,1,4,5,2,0.5806,5330
2164,16,1,4,5,4,0.5901,6147
2165,16,1,4,5,8,0.5853,6592
2167,16,1,4,5,32,0.5853,6592
2171,16,1,5,1,4,0.4664,2173
2172,16,1,5,1,8,0.4675,2301
2174,16,1,5,1,32,0.4622,3503
2177,16,1,5,2,2,0.6521,3628
2178,16,1,5,2,4,0.5883,3681
2179,16,1,5,2,8,0.5842,3749
2180,16,1,5,2,16,0.5886,4535
2181,16,1,5,2,32,0.5682,5936
2182,16,1,5,2,64,0.6110,8188
2184,16,1,5,3,2,0.6612,5058
2185,16,1,5,3,4,0.5841,5037
2186,16,1,5,3,8,0.6136,5180
2187,16,1,5,3,16,0.6272,6167
2192,16,1,5,4,4,0.6328,5803
2194,16,1,5,4,16,0.7151,7608
2198,16,1,5,5,2,0.7831,7566
2199,16,1,5,5,4,0.6223,7298
2200,16,1,5,5,8,0.6364,8050
2201,16,1,5,5,16,0.7023,9480
2205,16,2,1,1,2,0.6220,1588
2206,16,2,1,1,4,0.6340,1605
2207,16,2,1,1,8,0.6014,1686
2208,16,2,1,1,16,0.6164,1742
2211,16,2,1,1,128,0.6431,2476
2214,16,2,1,2,8,0.6642,2426
2215,16,2,1,2,16,0.6814,2581
2216,16,2,1,2,32,0.6947,2950
2217,16,2,1,2,64,0.6827,3290
2219,16,2,1,3,2,0.6924,2773
2220,16,2,1,3,4,0.7258,2923
2221,16,2,1,3,8,0.6845,3064
2222,16,2,1,3,16,0.6541,3116
2223,16,2,1,3,32,0.6805,3630
2224,16,2,1,3,64,0.6705,4247
2225,16,2,1,3,128,0.6730,5589
2226,16,2,1,4,2,0.7175,3488
2227,16,2,1,4,4,0.7708,3527
2228,16,2,1,4,8,0.7207,3643
2229,16,2,1,4,16,0.7294,3871
2230,16,2,1,4,32,0.6939,4574
2232,16,2,1,4,128,0.6939,4574
2237,16,2,1,5,32,0.8665,5243
2239,16,2,1,5,128,0.8665,5243
2241,16,2,2,1,4,0.5464,1938
2242,16,2,2,1,8,0.5806,1885
2243,16,2,2,1,16,0.5679,2086
2244,16,2,2,1,32,0.5661,2385
2245,16,2,2,1,64,0.5686,2710
2246,16,2,2,1,128,0.5829,3568
2247,16,2,2,2,2,0.6241,2471
2248,16,2,2,2,4,0.6384,2631
2249,16,2,2,2,8,0.5718,2795
2250,16,2,2,2,16,0.6409,3108
2251,16,2,2,2,32,0.6022,3608
2252,16,2,2,2,64,0.5855,4520
2253,16,2,2,2,128,0.6162,6248
2254,16,2,2,3,2,0.6406,3010
2257,16,2,2,3,16,0.6937,4104
2260,16,2,2,3,128,0.6937,4104
2261,16,2,2,4,2,0.7060,3727
2263,16,2,2,4,8,0.6815,4528
2265,16,2,2,4,32,0.6756,6222
2266,16,2,2,4,64,0.6775,7871
2268,16,2,2,5,2,0.8277,4123
2269,16,2,2,5,4,0.7523,4810
2270,16,2,2,5,8,0.7659,5191
2271,16,2,2,5,16,0.7743,5834
2272,16,2,2,5,32,0.7799,7292
2273,16,2,2,5,64,0.7799,7292
2276,16,2,3,1,4,0.5590,2022
2277,16,2,3,1,8,0.5851,2270
2278,16,2,3,1,16,0.5840,2348
2279,16,2,3,1,32,0.5730,2808
2281,16,2,3,1,128,0.5950,4757
2285,16,2,3,2,16,0.7169,3741
2286,16,2,3,2,32,0.6259,4538
2288,16,2,3,2,128,0.6259,4538
2289,16,2,3,3,2,0.8388,4175
2290,16,2,3,3,4,0.6373,4178
2291,16,2,3,3,8,0.6426,4453
2292,16,2,3,3,16,0.6740,4995
2293,16,2,3,3,32,0.6469,6544
2294,16,2,3,3,64,0.7052,8260
2296,16,2,3,4,2,0.9205,5074
2297,16,2,3,4,4,0.7175,5282
2299,16,2,3,4,16,0.7039,6113
2300,16,2,3,4,32,0.6837,8083
2310,16,2,4,1,2,0.5737,1999
2311,16,2,4,1,4,0.6102,2206
2312,16,2,4,1,8,0.5544,2328
2313,16,2,4,1,16,0.5354,2613
2314,16,2,4,1,32,0.5332,3216
2315,16,2,4,1,64,0.5389,3925
2316,16,2,4,1,128,0.5569,5795
2317,16,2,4,2,2,0.6029,3166
2318,16,2,4,2,4,0.5993,3391
2319,16,2,4,2,8,0.6449,3906
2320,16,2,4,2,16,0.6044,4141
2325,16,2,4,3,4,0.6452,4583
2326,16,2,4,3,8,0.6471,4857
2327,16,2,4,3,16,0.5908,5818
2329,16,2,4,3,64,0.5908,5818
2332,16,2,4,4,4,0.6855,5971
2333,16,2,4,4,8,0.6642,6188
2334,16,2,4,4,16,0.6733,7138
2335,16,2,4,4,32,0.6733,7138
2338,16,2,4,5,2,0.7191,6066
2347,16,2,5,1,8,0.5393,2643
2349,16,2,5,1,32,0.5585,3688
2350,16,2,5,1,64,0.5434,4773
2351,16,2,5,1,128,0.5434,4773
2352,16,2,5,2,2,0.6809,4146
2353,16,2,5,2,4,0.6199,3933
2354,16,2,5,2,8,0.6925,4167
2355,16,2,5,2,16,0.6507,4836
2356,16,2,5,2,32,0.5859,6353
2357,16,2,5,2,64,0.6096,8413
2359,16,2,5,3,2,0.7376,5453
2360,16,2,5,3,4,0.6205,5321
2361,16,2,5,3,8,0.6508,5634
2362,16,2,5,3,16,0.6547,6550
2366,16,2,5,4,2,0.7688,7066
2367,16,2,5,4,4,0.6631,6514
2368,16,2,5,4,8,0.6579,7287
2369,16,2,5,4,16,0.6871,8442
2376,16,2,5,5,16,0.8001,10125
2380,16,3,1,1,2,0.6336,1881
2381,16,3,1,1,4,0.6935,1969
2382,16,3,1,1,8,0.6458,1943
2383,16,3,1,1,16,0.6415,1955
2384,16,3,1,1,32,0.7161,2210
2385,16,3,1,1,64,0.6260,2303
2386,16,3,1,1,128,0.7083,2679
2388,16,3,1,2,4,0.7188,2691
2389,16,3,1,2,8,0.6855,2699
2390,16,3,1,2,16,0.6686,2750
2392,16,3,1,2,64,0.6834,3575
2396,16,3,1,3,8,0.8998,3425
2397,16,3,1,3,16,0.8038,3473
2398,16,3,1,3,32,0.8522,4089
2399,16,3,1,3,64,0.8210,4760
2400,16,3,1,3,128,0.8496,6086
2401,16,3,1,4,2,0.8556,3957
2402,16,3,1,4,4,0.8528,3952
2403,16,3,1,4,8,0.8469,4059
2404,16,3,1,4,16,0.8687,4283
2405,16,3,1,4,32,0.8228,4925
2408,16,3,1,5,2,0.8515,4497
2410,16,3,1,5,8,0.8423,5410
2411,16,3,1,5,16,0.8630,5384
2413,16,3,1,5,64,0.8708,7100
2415,16,3,2,1,2,0.6069,2081
2416,16,3,2,1,4,0.5983,2185
2417,16,3,2,1,8,0.5761,2181
2418,16,3,2,1,16,0.5838,2349
2419,16,3,2,1,32,0.6099,2756
2420,16,3,2,1,64,0.5854,3043
2421,16,3,2,1,128,0.5686,3850
2422,16,3,2,2,2,0.6400,2948
2423,16,3,2,2,4,0.6296,3395
2424,16,3,2,2,8,0.6570,3528
2425,16,3,2,2,16,0.6230,3492
2426,16,3,2,2,32,0.6253,4096
2427,16,3,2,2,64,0.6943,4785
2428,16,3,2,2,128,0.6943,4785
2431,16,3,2,3,8,0.7236,4047
2434,16,3,2,3,64,0.7185,6620
2435,16,3,2,3,128,0.7185,6620
2437,16,3,2,4,4,0.7937,4766
2440,16,3,2,4,32,0.7720,6979
2443,16,3,2,5,2,0.8055,5189
2444,16,3,2,5,4,0.7681,5923
2445,16,3,2,5,8,0.7773,6126
2446,16,3,2,5,16,0.7790,7353
2447,16,3,2,5,32,0.7744,9058
2448,16,3,2,5,64,0.7744,9058
2450,16,3,3,1,2,0.7910,2340
2457,16,3,3,2,2,0.8347,3494
2459,16,3,3,2,8,0.6163,3628
2460,16,3,3,2,16,0.6857,3989
2464,16,3,3,3,2,0.9608,4648
2465,16,3,3,3,4,0.7990,4358
2466,16,3,3,3,8,0.7943,4812
2467,16,3,3,3,16,0.7876,5376
2468,16,3,3,3,32,0.8009,6699
2469,16,3,3,3,64,0.7940,8733
2471,16,3,3,4,2,0.9724,5637
2480,16,3,3,5,8,0.7556,7413
2482,16,3,3,5,32,0.7556,7413
2485,16,3,4,1,2,0.5682,2262
2486,16,3,4,1,4,0.5921,2539
2487,16,3,4,1,8,0.5441,2624
2488,16,3,4,1,16,0.5659,2804
2489,16,3,4,1,32,0.5732,3464
2490,16,3,4,1,64,0.5457,4227
2491,16,3,4,1,128,0.5897,6086
2492,16,3,4,2,2,0.6446,3264
2493,16,3,4,2,4,0.6247,3857
2494,16,3,4,2,8,0.5802,3979
2499,16,3,4,3,2,0.7298,4503
2501,16,3,4,3,8,0.7201,5359
2504,16,3,4,3,64,0.7201,5359
2506,16,3,4,4,2,0.7455,5604
2507,16,3,4,4,4,0.7432,6339
2508,16,3,4,4,8,0.7920,7104
2509,16,3,4,4,16,0.7672,7351
2510,16,3,4,4,32,0.7714,10291
2513,16,3,4,5,2,0.7680,7066
2515,16,3,4,5,8,0.7478,8063
2516,16,3,4,5,16,0.7524,9304
2520,16,3,5,1,2,0.6849,2605
2521,16,3,5,1,4,0.5810,2629
2522,16,3,5,1,8,0.5672,2879
2523,16,3,5,1,16,0.5549,3062
2524,16,3,5,1,32,0.6185,3988
2525,16,3,5,1,64,0.5734,4982
2527,16,3,5,2,2,0.7690,4443
2529,16,3,5,2,8,0.6416,4640
2530,16,3,5,2,16,0.6191,5193
2531,16,3,5,2,32,0.6716,6683
2532,16,3,5,2,64,0.6716,6683
2534,16,3,5,3,2,0.8704,6089
2535,16,3,5,3,4,0.7597,5708
2536,16,3,5,3,8,0.7166,6179
2542,16,3,5,4,4,0.7683,7099
2544,16,3,5,4,16,0.7659,8666
2555,16,4,1,1,2,0.7264,1996
2556,16,4,1,1,4,0.6943,1965
2557,16,4,1,1,8,0.6701,2108
2558,16,4,1,1,16,0.7012,2136
2559,16,4,1,1,32,0.6825,2343
2560,16,4,1,1,64,0.7152,2586
2561,16,4,1,1,128,0.6525,2815
2562,16,4,1,2,2,0.8137,3179
2563,16,4,1,2,4,0.7064,3024
2567,16,4,1,2,64,0.7175,3938
2568,16,4,1,2,128,0.7249,4835
2569,16,4,1,3,2,0.8593,3388
2573,16,4,1,3,32,0.8361,4411
2574,16,4,1,3,64,0.8813,4927
2575,16,4,1,3,128,0.8659,6375
2576,16,4,1,4,2,0.8779,4374
2577,16,4,1,4,4,0.8656,5035
2578,16,4,1,4,8,0.8305,4537
2579,16,4,1,4,16,0.8451,4941
2580,16,4,1,4,32,0.8332,5877
2581,16,4,1,4,64,0.8353,6671
2585,16,4,1,5,8,0.8844,5646
2586,16,4,1,5,16,0.8761,6353
2587,16,4,1,5,32,0.8686,7122
2588,16,4,1,5,64,0.8521,7530
2590,16,4,2,1,2,0.6150,2176
2592,16,4,2,1,8,0.6115,2273
2596,16,4,2,1,128,0.6261,4019
2597,16,4,2,2,2,0.7017,3347
2598,16,4,2,2,4,0.6949,3503
2599,16,4,2,2,8,0.6300,3597
2600,16,4,2,2,16,0.6875,3920
2601,16,4,2,2,32,0.6970,4436
2602,16,4,2,2,64,0.6486,5323
2604,16,4,2,3,2,0.7764,3974
2605,16,4,2,3,4,0.8034,4231
2606,16,4,2,3,8,0.7844,4440
2607,16,4,2,3,16,0.7979,4966
2608,16,4,2,3,32,0.7854,5735
2611,16,4,2,4,2,0.8028,4806
2612,16,4,2,4,4,0.7819,5833
2613,16,4,2,4,8,0.7708,5575
2614,16,4,2,4,16,0.7988,5900
2615,16,4,2,4,32,0.7833,7674
2618,16,4,2,5,2,0.8265,5799
2619,16,4,2,5,4,0.7897,6844
2620,16,4,2,5,8,0.8054,6443
2621,16,4,2,5,16,0.7964,7165
2622,16,4,2,5,32,0.7976,8926
2626,16,4,3,1,4,0.6421,2429
2627,16,4,3,1,8,0.6378,2665
2630,16,4,3,1,64,0.6295,3983
2632,16,4,3,2,2,0.8085,3860
2634,16,4,3,2,8,0.7663,4150
2637,16,4,3,2,64,0.7009,6504
2638,16,4,3,2,128,0.7009,6504
2640,16,4,3,3,4,0.8050,4918
2641,16,4,3,3,8,0.8252,5190
2642,16,4,3,3,16,0.8236,5740
2643,16,4,3,3,32,0.8144,7150
2644,16,4,3,3,64,0.8144,7150
2647,16,4,3,4,4,0.8245,6133
2650,16,4,3,4,32,0.8396,9193
2653,16,4,3,5,2,0.9940,8091
2655,16,4,3,5,8,0.8272,7975
2660,16,4,4,1,2,0.5854,2404
2661,16,4,4,1,4,0.6251,2573
2662,16,4,4,1,8,0.6413,2824
2663,16,4,4,1,16,0.5864,2937
2664,16,4,4,1,32,0.5619,3624
2665,16,4,4,1,64,0.5672,4373
2666,16,4,4,1,128,0.5783,6142
2667,16,4,4,2,2,0.5946,3567
2668,16,4,4,2,4,0.6881,4153
2672,16,4,4,2,64,0.6717,7934
2674,16,4,4,3,2,0.7288,5260
2678,16,4,4,3,32,0.7456,8880
2679,16,4,4,3,64,0.7456,8880
2682,16,4,4,4,4,0.7709,7021
2684,16,4,4,4,16,0.7201,7943
2685,16,4,4,4,32,0.7201,7943
2688,16,4,4,5,2,0.7473,7659
2695,16,4,5,1,2,0.7043,2873
2697,16,4,5,1,8,0.6351,2995
2698,16,4,5,1,16,0.6373,3233
2699,16,4,5,1,32,0.6793,4122
2700,16,4,5,1,64,0.6143,5165
2706,16,4,5,2,32,0.6508,7148
2707,16,4,5,2,64,0.6508,7148
2709,16,4,5,3,2,0.8911,6281
2710,16,4,5,3,4,0.7696,6062
2712,16,4,5,3,16,0.7423,7937
2717,16,4,5,4,4,0.7617,7938
2718,16,4,5,4,8,0.7870,8212
2719,16,4,5,4,16,0.7870,8212
2730,16,5,1,1,2,0.7611,2302
2731,16,5,1,1,4,0.7448,2344
2732,16,5,1,1,8,0.7143,2307
2733,16,5,1,1,16,0.7280,2476
2734,16,5,1,1,32,0.7098,2562
2738,16,5,1,2,4,0.9050,3197
2739,16,5,1,2,8,0.9236,3232
2740,16,5,1,2,16,0.9293,3449
2742,16,5,1,2,64,0.8663,4068
2744,16,5,1,3,2,0.9293,4309
2745,16,5,1,3,4,0.8785,4373
2746,16,5,1,3,8,0.8723,4746
2748,16,5,1,3,32,0.9083,5468
2750,16,5,1,3,128,0.9063,7607
2751,16,5,1,4,2,0.8952,5019
2752,16,5,1,4,4,0.9148,5486
2753,16,5,1,4,8,0.9404,5590
2754,16,5,1,4,16,0.8986,5673
2760,16,5,1,5,8,0.9418,6894
2761,16,5,1,5,16,0.9048,6876
2762,16,5,1,5,32,0.9073,7757
2772,16,5,2,2,2,0.8154,3383
2773,16,5,2,2,4,0.8404,3627
2774,16,5,2,2,8,0.8057,3822
2775,16,5,2,2,16,0.8243,4153
2776,16,5,2,2,32,0.7987,4645
2779,16,5,2,3,2,0.8122,4497
2780,16,5,2,3,4,0.8027,5056
2781,16,5,2,3,8,0.8161,5401
2782,16,5,2,3,16,0.8207,5863
2786,16,5,2,4,2,0.8271,5594
2793,16,5,2,5,2,0.8276,6825
2794,16,5,2,5,4,0.8557,7909
2795,16,5,2,5,8,0.8142,7785
2796,16,5,2,5,16,0.8466,8585
2800,16,5,3,1,2,0.8095,2820
2801,16,5,3,1,4,0.6660,2704
2810,16,5,3,2,16,0.8782,4528
2812,16,5,3,2,64,0.8247,6853
2813,16,5,3,2,128,0.8247,6853
2825,16,5,3,4,32,0.8910,9817
2842,16,5,4,2,2,0.8039,4113
2856,16,5,4,4,2,0.8199,7755
2857,16,5,4,4,4,0.8044,8320
2860,16,5,4,4,32,0.8044,8320
2872,16,5,5,1,8,0.5932,3369
2874,16,5,5,1,32,0.6088,4380
2878,16,5,5,2,4,0.8161,4897
2885,16,5,5,3,4,0.8176,6770
2888,16,5,5,3,32,0.8176,6770
2909,32,1,1,1,32,0.5211,1589
2910,32,1,1,1,64,0.5175,1867
2915,32,1,1,2,16,0.6305,2168
2916,32,1,1,2,32,0.6338,2516
2919,32,1,1,3,2,0.6240,2239
2921,32,1,1,3,8,0.6169,2579
2930,32,1,1,4,32,0.6679,3763
2932,32,1,1,4,128,0.7211,6344
2943,32,1,2,1,16,0.4703,1842
2945,32,1,2,1,64,0.4608,2557
2947,32,1,2,2,2,0.6156,2045
2949,32,1,2,2,8,0.5628,2526
2955,32,1,2,3,4,0.6253,3128
2961,32,1,2,4,2,0.6369,3130
2963,32,1,2,4,8,0.6786,3860
2975,32,1,3,1,2,0.7360,1872
2976,32,1,3,1,4,0.4855,1770
2981,32,1,3,1,128,0.5056,4475
2991,32,1,3,3,8,0.6266,3964
2992,32,1,3,3,16,0.6251,4398
2999,32,1,3,4,16,0.6450,5407
3006,32,1,3,5,16,0.6677,6726
3010,32,1,4,1,2,0.4386,1726
3021,32,1,4,2,32,0.5472,4960
3023,32,1,4,2,128,0.5472,4960
3024,32,1,4,3,2,0.5491,3609
3036,32,1,4,4,64,0.5491,3609
3051,32,1,5,1,128,0.5973,6699
3052,32,1,5,2,2,0.7340,3683
3054,32,1,5,2,8,0.5585,3779
3080,32,2,1,1,2,0.6066,1605
3082,32,2,1,1,8,0.6093,1765
3095,32,2,1,3,4,0.6907,2983
3096,32,2,1,3,8,0.6374,2983
3110,32,2,1,5,8,0.8862,4062
3112,32,2,1,5,32,0.8398,5086
3115,32,2,2,1,2,0.5685,1795
3119,32,2,2,1,32,0.5521,2357
3125,32,2,2,2,16,0.6396,3140
3126,32,2,2,2,32,0.6311,3769
3133,32,2,2,3,32,0.6076,5030
3152,32,2,3,1,8,0.6452,2175
3156,32,2,3,1,128,0.5879,4779
3185,32,2,4,1,2,0.5372,2014
3202,32,2,4,3,16,0.6479,5694
3258,32,3,1,1,16,0.6390,1961
3261,32,3,1,1,128,0.5948,2699
3264,32,3,1,2,8,0.6980,2840
3272,32,3,1,3,16,0.8345,3557
3277,32,3,1,4,4,0.8593,4121
3286,32,3,1,5,16,0.8538,5753
3291,32,3,2,1,4,0.5898,2231
3292,32,3,2,1,8,0.5686,2199
3302,32,3,2,2,64,0.6364,4763
3305,32,3,2,3,4,0.7792,4094
3307,32,3,2,3,16,0.7422,4379
3336,32,3,3,2,32,0.6262,4925
3354,32,3,3,5,4,0.8033,7651
3365,32,3,4,1,64,0.5464,4268
3397,32,3,5,1,8,0.5893,3009
3410,32,3,5,3,4,0.7584,5637
3432,32,4,1,1,8,0.6651,2063
3447,32,4,1,3,16,0.8302,3813
3452,32,4,1,4,4,0.8598,4762
3470,32,4,2,1,64,0.6673,3107
3512,32,4,3,2,64,0.6752,6478
3546,32,4,4,2,32,0.6665,6105
3595,32,4,5,4,32,0.6665,6105
3732,32,5,4,4,4,0.8018,7831
3787,64,1,1,2,2,0.5990,1880
3788,64,1,1,2,4,0.6111,2031
3832,64,1,2,3,16,0.5869,3612
3892,64,1,4,2,2,0.5425,2494
3908,64,1,4,4,8,0.6589,5528
3921,64,1,5,1,4,0.4883,2246
3922,64,1,5,1,8,0.4916,2387
3957,64,2,1,1,8,0.5979,1792
3963,64,2,1,2,4,0.7503,2435
3964,64,2,1,2,8,0.6587,2447
3966,64,2,1,2,32,0.6253,2881
3983,64,2,1,5,2,0.8217,3528
4065,64,2,4,1,64,0.5357,3983
4145,64,3,1,3,4,0.8208,3379
4155,64,3,1,4,32,0.8579,5040
4446,64,4,5,1,4,0.5868,2999
4488,64,5,1,2,4,0.8636,3227
4515,64,5,2,1,2,0.6997,2392
4553,64,5,3,1,16,0.6420,3103
4697,128,1,2,2,2,0.5402,2152
4726,128,1,3,1,4,0.4697,1922
4838,128,2,1,2,4,0.6618,2467
4847,128,2,1,3,16,0.6978,3169
5057,128,3,2,3,16,0.7783,4585
5180,128,4,1,1,2,0.7085,2116
5223,128,4,2,2,4,0.6867,3838
5224,128,4,2,2,8,0.6835,3658
5239,128,4,2,4,16,0.7690,6162
5355,128,5,1,1,2,0.6557,2484
5358,128,5,1,1,16,0.7272,2463
5393,128,5,2,1,16,0.6900,2892
5397,128,5,2,2,2,0.7755,3492
5400,128,5,2,2,16,0.7837,4094
5432,128,5,3,2,2,1.1656,4268
5434,128,5,3,2,8,0.8337,4295
5462,128,5,4,1,8,0.6107,3145
