n,knob_NUM_HIST,knob_HIST_SIZE,knob_NUM_WORK_ITEMS,knob_NUM_WORK_GROUPS,knob_SIMD,knob_COMPUTE_UNITS,knob_ACCUM_SMEM,knob_UNROLL_FACTOR,knob_PIPE_FACTOR,obj1,obj2
0014,1,256,1,1,1,1,0,5,2,0.0010,147
0018,1,256,1,1,1,1,0,7,0,0.0013,155
0019,1,256,1,1,1,1,0,7,1,0.0010,165
0020,1,256,1,1,1,1,0,7,2,0.0010,165
0021,1,256,1,1,1,1,0,8,0,0.0011,87
0022,1,256,1,1,1,1,0,8,1,0.0010,100
0023,1,256,1,1,1,1,0,8,2,0.0010,100
0024,1,256,1,1,1,1,0,9,0,0.0014,178
0025,1,256,1,1,1,1,0,9,1,0.0010,201
0032,1,256,1,1,1,1,0,11,2,0.0011,222
0038,1,256,1,1,1,1,0,13,2,0.0011,246
0042,1,256,1,1,1,1,0,15,0,0.0016,242
0044,1,256,1,1,1,1,0,15,2,0.0011,278
0045,1,256,1,2,1,1,0,1,0,0.0011,247
0046,1,256,1,2,1,1,0,1,1,0.0006,274
0047,1,256,1,2,1,1,0,1,2,0.0006,274
0048,1,256,1,2,1,1,0,2,0,0.0009,252
0049,1,256,1,2,1,1,0,2,1,0.0006,251
0050,1,256,1,2,1,1,0,2,2,0.0006,251
0054,1,256,1,2,1,1,0,4,0,0.0009,313
0055,1,256,1,2,1,1,0,4,1,0.0006,283
0056,1,256,1,2,1,1,0,4,2,0.0006,283
0066,1,256,1,2,1,1,0,8,0,0.0010,309
0067,1,256,1,2,1,1,0,8,1,0.0007,325
0068,1,256,1,2,1,1,0,8,2,0.0007,325
0075,1,256,1,2,1,1,0,11,0,0.0010,479
0076,1,256,1,2,1,1,0,11,1,0.0007,577
0077,1,256,1,2,1,1,0,11,2,0.0007,577
0090,1,256,1,4,1,1,0,1,0,0.0005,464
0091,1,256,1,4,1,1,0,1,1,0.0003,506
0108,1,256,1,4,1,1,0,7,0,0.0005,849
0109,1,256,1,4,1,1,0,7,1,0.0003,925
0110,1,256,1,4,1,1,0,7,2,0.0003,925
0111,1,256,1,4,1,1,0,8,0,0.0005,551
0112,1,256,1,4,1,1,0,8,1,0.0003,626
0113,1,256,1,4,1,1,0,8,2,0.0003,626
0132,1,256,1,4,1,1,0,15,0,0.0005,1161
0133,1,256,1,4,1,1,0,15,1,0.0004,1321
0134,1,256,1,4,1,1,0,15,2,0.0004,1321
0135,1,256,1,8,1,1,0,1,0,0.0003,946
0136,1,256,1,8,1,1,0,1,1,0.0002,954
0137,1,256,1,8,1,1,0,1,2,0.0002,954
0138,1,256,1,8,1,1,0,2,0,0.0002,986
0139,1,256,1,8,1,1,0,2,1,0.0002,939
0140,1,256,1,8,1,1,0,2,2,0.0002,939
0144,1,256,1,8,1,1,0,4,0,0.0002,1009
0145,1,256,1,8,1,1,0,4,1,0.0002,1010
0149,1,256,1,8,1,1,0,5,2,0.0002,1508
0153,1,256,1,8,1,1,0,7,0,0.0003,1628
0154,1,256,1,8,1,1,0,7,1,0.0002,1739
0155,1,256,1,8,1,1,0,7,2,0.0002,1739
0156,1,256,1,8,1,1,0,8,0,0.0002,1108
0157,1,256,1,8,1,1,0,8,1,0.0002,1173
0158,1,256,1,8,1,1,0,8,2,0.0002,1173
0171,1,256,1,8,1,1,0,13,0,0.0003,1897
0172,1,256,1,8,1,1,0,13,1,0.0002,2279
0173,1,256,1,8,1,1,0,13,2,0.0002,2279
0177,1,256,1,8,1,1,0,15,0,0.0003,2229
0178,1,256,1,8,1,1,0,15,1,0.0002,2472
0189,1,256,2,1,1,1,0,4,0,0.0012,90
0190,1,256,2,1,1,1,0,4,1,0.0009,89
0191,1,256,2,1,1,1,0,4,2,0.0009,89
0201,1,256,2,1,1,1,0,8,0,0.0012,106
0202,1,256,2,1,1,1,0,8,1,0.0009,112
0203,1,256,2,1,1,1,0,8,2,0.0009,112
0210,1,256,2,1,1,1,0,11,0,0.0014,176
0211,1,256,2,1,1,1,0,11,1,0.0012,242
0225,1,256,2,2,1,1,0,1,0,0.0010,263
0226,1,256,2,2,1,1,0,1,1,0.0006,291
0227,1,256,2,2,1,1,0,1,2,0.0006,291
0228,1,256,2,2,1,1,0,2,0,0.0009,279
0230,1,256,2,2,1,1,0,2,2,0.0006,283
0231,1,256,2,2,1,1,0,3,0,0.0009,371
0243,1,256,2,2,1,1,0,7,0,0.0010,468
0244,1,256,2,2,1,1,0,7,1,0.0007,469
0245,1,256,2,2,1,1,0,7,2,0.0007,469
0246,1,256,2,2,1,1,0,8,0,0.0010,367
0247,1,256,2,2,1,1,0,8,1,0.0006,348
0248,1,256,2,2,1,1,0,8,2,0.0006,348
0255,1,256,2,2,1,1,0,11,0,0.0010,489
0257,1,256,2,2,1,1,0,11,2,0.0008,569
0279,1,256,2,4,1,1,0,4,0,0.0005,616
0280,1,256,2,4,1,1,0,4,1,0.0003,565
0281,1,256,2,4,1,1,0,4,2,0.0003,565
0282,1,256,2,4,1,1,0,5,0,0.0005,757
0283,1,256,2,4,1,1,0,5,1,0.0004,832
0284,1,256,2,4,1,1,0,5,2,0.0004,832
0288,1,256,2,4,1,1,0,7,0,0.0005,890
0290,1,256,2,4,1,1,0,7,2,0.0004,934
0291,1,256,2,4,1,1,0,8,0,0.0005,681
0306,1,256,2,4,1,1,0,13,0,0.0005,987
0307,1,256,2,4,1,1,0,13,1,0.0004,1235
0308,1,256,2,4,1,1,0,13,2,0.0004,1235
0312,1,256,2,4,1,1,0,15,0,0.0005,1154
0313,1,256,2,4,1,1,0,15,1,0.0004,1347
0314,1,256,2,4,1,1,0,15,2,0.0004,1347
0316,1,256,2,8,1,1,0,1,1,0.0002,1002
0317,1,256,2,8,1,1,0,1,2,0.0002,1002
0319,1,256,2,8,1,1,0,2,1,0.0002,1016
0320,1,256,2,8,1,1,0,2,2,0.0002,1016
0321,1,256,2,8,1,1,0,3,0,0.0003,1329
0328,1,256,2,8,1,1,0,5,1,0.0002,1595
0336,1,256,2,8,1,1,0,8,0,0.0003,1286
0337,1,256,2,8,1,1,0,8,1,0.0002,1246
0338,1,256,2,8,1,1,0,8,2,0.0002,1246
0339,1,256,2,8,1,1,0,9,0,0.0003,1823
0340,1,256,2,8,1,1,0,9,1,0.0002,1997
0341,1,256,2,8,1,1,0,9,2,0.0002,1997
0345,1,256,2,8,1,1,0,11,0,0.0003,1788
0346,1,256,2,8,1,1,0,11,1,0.0002,2183
0347,1,256,2,8,1,1,0,11,2,0.0002,2183
0362,1,256,4,1,1,1,0,1,2,0.0009,67
0363,1,256,4,1,1,1,0,2,0,0.0012,72
0364,1,256,4,1,1,1,0,2,1,0.0009,79
0365,1,256,4,1,1,1,0,2,2,0.0009,79
0366,1,256,4,1,1,1,0,3,0,0.0013,118
0367,1,256,4,1,1,1,0,3,1,0.0010,118
0368,1,256,4,1,1,1,0,3,2,0.0010,118
0369,1,256,4,1,1,1,0,4,0,0.0011,82
0370,1,256,4,1,1,1,0,4,1,0.0009,87
0378,1,256,4,1,1,1,0,7,0,0.0015,166
0380,1,256,4,1,1,1,0,7,2,0.0011,178
0390,1,256,4,1,1,1,0,11,0,0.0014,193
0391,1,256,4,1,1,1,0,11,1,0.0011,215
0392,1,256,4,1,1,1,0,11,2,0.0011,215
0402,1,256,4,1,1,1,0,15,0,0.0015,241
0403,1,256,4,1,1,1,0,15,1,0.0013,284
0404,1,256,4,1,1,1,0,15,2,0.0013,284
0405,1,256,4,2,1,1,0,1,0,0.0010,257
0406,1,256,4,2,1,1,0,1,1,0.0006,281
0414,1,256,4,2,1,1,0,4,0,0.0009,314
0415,1,256,4,2,1,1,0,4,1,0.0006,297
0416,1,256,4,2,1,1,0,4,2,0.0006,297
0417,1,256,4,2,1,1,0,5,0,0.0010,392
0419,1,256,4,2,1,1,0,5,2,0.0008,433
0423,1,256,4,2,1,1,0,7,0,0.0009,481
0425,1,256,4,2,1,1,0,7,2,0.0008,464
0426,1,256,4,2,1,1,0,8,0,0.0009,386
0427,1,256,4,2,1,1,0,8,1,0.0007,336
0441,1,256,4,2,1,1,0,13,0,0.0011,537
0442,1,256,4,2,1,1,0,13,1,0.0008,637
0443,1,256,4,2,1,1,0,13,2,0.0008,637
0471,1,256,4,4,1,1,0,8,0,0.0005,652
0472,1,256,4,4,1,1,0,8,1,0.0003,685
0473,1,256,4,4,1,1,0,8,2,0.0003,685
0474,1,256,4,4,1,1,0,9,0,0.0005,916
0480,1,256,4,4,1,1,0,11,0,0.0005,944
0481,1,256,4,4,1,1,0,11,1,0.0004,1138
0482,1,256,4,4,1,1,0,11,2,0.0004,1138
0492,1,256,4,4,1,1,0,15,0,0.0005,1159
0493,1,256,4,4,1,1,0,15,1,0.0004,1374
0494,1,256,4,4,1,1,0,15,2,0.0004,1374
0495,1,256,4,8,1,1,0,1,0,0.0003,913
0497,1,256,4,8,1,1,0,1,2,0.0002,964
0504,1,256,4,8,1,1,0,4,0,0.0003,1130
0505,1,256,4,8,1,1,0,4,1,0.0002,1080
0513,1,256,4,8,1,1,0,7,0,0.0003,1740
0514,1,256,4,8,1,1,0,7,1,0.0002,1803
0515,1,256,4,8,1,1,0,7,2,0.0002,1803
0516,1,256,4,8,1,1,0,8,0,0.0003,1231
0517,1,256,4,8,1,1,0,8,1,0.0002,1237
0518,1,256,4,8,1,1,0,8,2,0.0002,1237
0519,1,256,4,8,1,1,0,9,0,0.0003,1794
0520,1,256,4,8,1,1,0,9,1,0.0002,1982
0521,1,256,4,8,1,1,0,9,2,0.0002,1982
0540,1,256,8,1,1,1,0,1,0,0.0014,61
0541,1,256,8,1,1,1,0,1,1,0.0010,77
0542,1,256,8,1,1,1,0,1,2,0.0010,77
0543,1,256,8,1,1,1,0,2,0,0.0012,77
0545,1,256,8,1,1,1,0,2,2,0.0009,75
0549,1,256,8,1,1,1,0,4,0,0.0012,83
0550,1,256,8,1,1,1,0,4,1,0.0010,84
0551,1,256,8,1,1,1,0,4,2,0.0010,84
0552,1,256,8,1,1,1,0,5,0,0.0012,139
0553,1,256,8,1,1,1,0,5,1,0.0010,152
0554,1,256,8,1,1,1,0,5,2,0.0010,152
0558,1,256,8,1,1,1,0,7,0,0.0014,168
0559,1,256,8,1,1,1,0,7,1,0.0011,181
0560,1,256,8,1,1,1,0,7,2,0.0011,181
0561,1,256,8,1,1,1,0,8,0,0.0012,109
0577,1,256,8,1,1,1,0,13,1,0.0012,251
0578,1,256,8,1,1,1,0,13,2,0.0012,251
0582,1,256,8,1,1,1,0,15,0,0.0015,238
0585,1,256,8,2,1,1,0,1,0,0.0011,254
0591,1,256,8,2,1,1,0,3,0,0.0009,365
0592,1,256,8,2,1,1,0,3,1,0.0007,361
0593,1,256,8,2,1,1,0,3,2,0.0007,361
0594,1,256,8,2,1,1,0,4,0,0.0009,351
0595,1,256,8,2,1,1,0,4,1,0.0007,294
0606,1,256,8,2,1,1,0,8,0,0.0010,375
0607,1,256,8,2,1,1,0,8,1,0.0007,342
0609,1,256,8,2,1,1,0,9,0,0.0010,490
0610,1,256,8,2,1,1,0,9,1,0.0008,541
0611,1,256,8,2,1,1,0,9,2,0.0008,541
0639,1,256,8,4,1,1,0,4,0,0.0005,607
0640,1,256,8,4,1,1,0,4,1,0.0004,588
0641,1,256,8,4,1,1,0,4,2,0.0004,588
0648,1,256,8,4,1,1,0,7,0,0.0005,888
0649,1,256,8,4,1,1,0,7,1,0.0004,937
0650,1,256,8,4,1,1,0,7,2,0.0004,937
0651,1,256,8,4,1,1,0,8,0,0.0005,656
0652,1,256,8,4,1,1,0,8,1,0.0004,676
0675,1,256,8,8,1,1,0,1,0,0.0003,917
0676,1,256,8,8,1,1,0,1,1,0.0002,982
0677,1,256,8,8,1,1,0,1,2,0.0002,982
0678,1,256,8,8,1,1,0,2,0,0.0003,998
0682,1,256,8,8,1,1,0,3,1,0.0002,1313
0693,1,256,8,8,1,1,0,7,0,0.0003,1786
0694,1,256,8,8,1,1,0,7,1,0.0002,1794
0695,1,256,8,8,1,1,0,7,2,0.0002,1794
0696,1,256,8,8,1,1,0,8,0,0.0003,1217
0697,1,256,8,8,1,1,0,8,1,0.0002,1242
0699,1,256,8,8,1,1,0,9,0,0.0003,1782
0700,1,256,8,8,1,1,0,9,1,0.0002,2011
0701,1,256,8,8,1,1,0,9,2,0.0002,2011
0717,1,256,8,8,1,1,0,15,0,0.0003,2228
0718,1,256,8,8,1,1,0,15,1,0.0002,2650
0719,1,256,8,8,1,1,0,15,2,0.0002,2650
0720,2,256,1,1,1,1,0,1,0,0.0008,73
0721,2,256,1,1,1,1,0,1,1,0.0005,93
0723,2,256,1,1,1,1,0,2,0,0.0007,96
0724,2,256,1,1,1,1,0,2,1,0.0005,95
0725,2,256,1,1,1,1,0,2,2,0.0005,95
0726,2,256,1,1,1,1,0,3,0,0.0008,148
0727,2,256,1,1,1,1,0,3,1,0.0005,138
0728,2,256,1,1,1,1,0,3,2,0.0005,138
0729,2,256,1,1,1,1,0,4,0,0.0007,105
0730,2,256,1,1,1,1,0,4,1,0.0005,124
0735,2,256,1,1,1,1,0,6,0,0.0007,188
0736,2,256,1,1,1,1,0,6,1,0.0005,181
0738,2,256,1,1,1,1,0,7,0,0.0007,229
0739,2,256,1,1,1,1,0,7,1,0.0005,221
0740,2,256,1,1,1,1,0,7,2,0.0005,221
0741,2,256,1,1,1,1,0,8,0,0.0007,128
0743,2,256,1,1,1,1,0,8,2,0.0005,131
0759,2,256,1,1,1,1,0,14,0,0.0008,341
0760,2,256,1,1,1,1,0,14,1,0.0005,393
0765,2,256,1,2,1,1,0,1,0,0.0006,306
0766,2,256,1,2,1,1,0,1,1,0.0003,307
0767,2,256,1,2,1,1,0,1,2,0.0003,307
0768,2,256,1,2,1,1,0,2,0,0.0005,314
0769,2,256,1,2,1,1,0,2,1,0.0003,308
0771,2,256,1,2,1,1,0,3,0,0.0005,421
0772,2,256,1,2,1,1,0,3,1,0.0003,403
0773,2,256,1,2,1,1,0,3,2,0.0003,403
0774,2,256,1,2,1,1,0,4,0,0.0005,337
0775,2,256,1,2,1,1,0,4,1,0.0003,345
0908,2,256,2,1,1,1,0,3,2,0.0005,169
0909,2,256,2,1,1,1,0,4,0,0.0007,154
0910,2,256,2,1,1,1,0,4,1,0.0005,163
0911,2,256,2,1,1,1,0,4,2,0.0005,163
0912,2,256,2,1,1,1,0,5,0,0.0007,207
0913,2,256,2,1,1,1,0,5,1,0.0005,226
0917,2,256,2,1,1,1,0,6,2,0.0005,246
0918,2,256,2,1,1,1,0,7,0,0.0008,253
0919,2,256,2,1,1,1,0,7,1,0.0005,282
0920,2,256,2,1,1,1,0,7,2,0.0005,282
0921,2,256,2,1,1,1,0,8,0,0.0008,302
0922,2,256,2,1,1,1,0,8,1,0.0005,267
0923,2,256,2,1,1,1,0,8,2,0.0005,267
0925,2,256,2,1,1,1,0,9,1,0.0005,335
0927,2,256,2,1,1,1,0,10,0,0.0007,348
0937,2,256,2,1,1,1,0,13,1,0.0005,501
0938,2,256,2,1,1,1,0,13,2,0.0005,501
0939,2,256,2,1,1,1,0,14,0,0.0007,454
0940,2,256,2,1,1,1,0,14,1,0.0005,524
0941,2,256,2,1,1,1,0,14,2,0.0005,524
0942,2,256,2,1,1,1,0,15,0,0.0007,483
0944,2,256,2,1,1,1,0,15,2,0.0005,576
0945,2,256,2,2,1,1,0,1,0,0.0005,306
0946,2,256,2,2,1,1,0,1,1,0.0003,387
0947,2,256,2,2,1,1,0,1,2,0.0003,387
0951,2,256,2,2,1,1,0,3,0,0.0006,466
0952,2,256,2,2,1,1,0,3,1,0.0004,458
0953,2,256,2,2,1,1,0,3,2,0.0004,458
0954,2,256,2,2,1,1,0,4,0,0.0005,514
0955,2,256,2,2,1,1,0,4,1,0.0004,470
1078,2,256,2,8,1,1,0,15,1,0.0001,4329
1079,2,256,2,8,1,1,0,15,2,0.0001,4329
1080,2,256,4,1,1,1,0,1,0,0.0009,89
1082,2,256,4,1,1,1,0,1,2,0.0005,105
1083,2,256,4,1,1,1,0,2,0,0.0008,112
1084,2,256,4,1,1,1,0,2,1,0.0005,132
1085,2,256,4,1,1,1,0,2,2,0.0005,132
1086,2,256,4,1,1,1,0,3,0,0.0007,166
1087,2,256,4,1,1,1,0,3,1,0.0005,163
1088,2,256,4,1,1,1,0,3,2,0.0005,163
1089,2,256,4,1,1,1,0,4,0,0.0007,175
1090,2,256,4,1,1,1,0,4,1,0.0005,164
1091,2,256,4,1,1,1,0,4,2,0.0005,164
1092,2,256,4,1,1,1,0,5,0,0.0007,212
1093,2,256,4,1,1,1,0,5,1,0.0005,217
1094,2,256,4,1,1,1,0,5,2,0.0005,217
1103,2,256,4,1,1,1,0,8,2,0.0005,253
1104,2,256,4,1,1,1,0,9,0,0.0008,333
1105,2,256,4,1,1,1,0,9,1,0.0005,351
1106,2,256,4,1,1,1,0,9,2,0.0005,351
1107,2,256,4,1,1,1,0,10,0,0.0007,365
1108,2,256,4,1,1,1,0,10,1,0.0005,379
1109,2,256,4,1,1,1,0,10,2,0.0005,379
1113,2,256,4,1,1,1,0,12,0,0.0007,404
1114,2,256,4,1,1,1,0,12,1,0.0005,475
1116,2,256,4,1,1,1,0,13,0,0.0008,463
1117,2,256,4,1,1,1,0,13,1,0.0006,510
1118,2,256,4,1,1,1,0,13,2,0.0006,510
1119,2,256,4,1,1,1,0,14,0,0.0007,454
1120,2,256,4,1,1,1,0,14,1,0.0005,536
1122,2,256,4,1,1,1,0,15,0,0.0007,489
1290,2,256,8,1,1,1,0,11,0,0.0007,382
1293,2,256,8,1,1,1,0,12,0,0.0007,404
1296,2,256,8,1,1,1,0,13,0,0.0008,473
1297,2,256,8,1,1,1,0,13,1,0.0005,489
1298,2,256,8,1,1,1,0,13,2,0.0005,489
1299,2,256,8,1,1,1,0,14,0,0.0007,481
1300,2,256,8,1,1,1,0,14,1,0.0005,530
1302,2,256,8,1,1,1,0,15,0,0.0008,490
1303,2,256,8,1,1,1,0,15,1,0.0005,570
1304,2,256,8,1,1,1,0,15,2,0.0005,570
1305,2,256,8,2,1,1,0,1,0,0.0005,319
1306,2,256,8,2,1,1,0,1,1,0.0003,352
1307,2,256,8,2,1,1,0,1,2,0.0003,352
1308,2,256,8,2,1,1,0,2,0,0.0005,406
1309,2,256,8,2,1,1,0,2,1,0.0003,429
1310,2,256,8,2,1,1,0,2,2,0.0003,429
1311,2,256,8,2,1,1,0,3,0,0.0006,443
1312,2,256,8,2,1,1,0,3,1,0.0004,484
1313,2,256,8,2,1,1,0,3,2,0.0004,484
1314,2,256,8,2,1,1,0,4,0,0.0005,504
1315,2,256,8,2,1,1,0,4,1,0.0004,464
1316,2,256,8,2,1,1,0,4,2,0.0004,464
1317,2,256,8,2,1,1,0,5,0,0.0006,555
1318,2,256,8,2,1,1,0,5,1,0.0004,532
1319,2,256,8,2,1,1,0,5,2,0.0004,532
1320,2,256,8,2,1,1,0,6,0,0.0006,606
1321,2,256,8,2,1,1,0,6,1,0.0004,597
1322,2,256,8,2,1,1,0,6,2,0.0004,597
1323,2,256,8,2,1,1,0,7,0,0.0006,656
1324,2,256,8,2,1,1,0,7,1,0.0004,714
1325,2,256,8,2,1,1,0,7,2,0.0004,714
1326,2,256,8,2,1,1,0,8,0,0.0006,679
1327,2,256,8,2,1,1,0,8,1,0.0004,654
1328,2,256,8,2,1,1,0,8,2,0.0004,654
1329,2,256,8,2,1,1,0,9,0,0.0006,814
1330,2,256,8,2,1,1,0,9,1,0.0005,777
1331,2,256,8,2,1,1,0,9,2,0.0005,777
1332,2,256,8,2,1,1,0,10,0,0.0006,810
1333,2,256,8,2,1,1,0,10,1,0.0005,851
1334,2,256,8,2,1,1,0,10,2,0.0005,851
1335,2,256,8,2,1,1,0,11,0,0.0006,859
1336,2,256,8,2,1,1,0,11,1,0.0005,973
1337,2,256,8,2,1,1,0,11,2,0.0005,973
1338,2,256,8,2,1,1,0,12,0,0.0006,933
1339,2,256,8,2,1,1,0,12,1,0.0005,1014
1340,2,256,8,2,1,1,0,12,2,0.0005,1014
1341,2,256,8,2,1,1,0,13,0,0.0006,964
1342,2,256,8,2,1,1,0,13,1,0.0005,1108
1343,2,256,8,2,1,1,0,13,2,0.0005,1108
1344,2,256,8,2,1,1,0,14,0,0.0006,994
1345,2,256,8,2,1,1,0,14,1,0.0005,1133
1346,2,256,8,2,1,1,0,14,2,0.0005,1133
1347,2,256,8,2,1,1,0,15,0,0.0006,1088
1348,2,256,8,2,1,1,0,15,1,0.0005,1241
1349,2,256,8,2,1,1,0,15,2,0.0005,1241
1350,2,256,8,4,1,1,0,1,0,0.0003,578
1351,2,256,8,4,1,1,0,1,1,0.0002,647
1352,2,256,8,4,1,1,0,1,2,0.0002,647
1353,2,256,8,4,1,1,0,2,0,0.0003,762
1354,2,256,8,4,1,1,0,2,1,0.0002,820
1355,2,256,8,4,1,1,0,2,2,0.0002,820
1356,2,256,8,4,1,1,0,3,0,0.0003,904
1357,2,256,8,4,1,1,0,3,1,0.0002,886
1358,2,256,8,4,1,1,0,3,2,0.0002,886
1359,2,256,8,4,1,1,0,4,0,0.0003,884
1360,2,256,8,4,1,1,0,4,1,0.0002,910
1361,2,256,8,4,1,1,0,4,2,0.0002,910
1362,2,256,8,4,1,1,0,5,0,0.0003,1076
1363,2,256,8,4,1,1,0,5,1,0.0002,1007
1364,2,256,8,4,1,1,0,5,2,0.0002,1007
1365,2,256,8,4,1,1,0,6,0,0.0003,1171
1366,2,256,8,4,1,1,0,6,1,0.0002,1171
1367,2,256,8,4,1,1,0,6,2,0.0002,1171
1368,2,256,8,4,1,1,0,7,0,0.0003,1253
1369,2,256,8,4,1,1,0,7,1,0.0002,1297
1370,2,256,8,4,1,1,0,7,2,0.0002,1297
1371,2,256,8,4,1,1,0,8,0,0.0003,1301
1372,2,256,8,4,1,1,0,8,1,0.0002,1233
1373,2,256,8,4,1,1,0,8,2,0.0002,1233
1374,2,256,8,4,1,1,0,9,0,0.0003,1462
1375,2,256,8,4,1,1,0,9,1,0.0003,1508
1376,2,256,8,4,1,1,0,9,2,0.0003,1508
1377,2,256,8,4,1,1,0,10,0,0.0003,1559
1378,2,256,8,4,1,1,0,10,1,0.0002,1581
1379,2,256,8,4,1,1,0,10,2,0.0002,1581
1380,2,256,8,4,1,1,0,11,0,0.0003,1601
1381,2,256,8,4,1,1,0,11,1,0.0003,1846
1382,2,256,8,4,1,1,0,11,2,0.0003,1846
1383,2,256,8,4,1,1,0,12,0,0.0003,1718
1384,2,256,8,4,1,1,0,12,1,0.0003,1919
1385,2,256,8,4,1,1,0,12,2,0.0003,1919
1386,2,256,8,4,1,1,0,13,0,0.0003,1930
1387,2,256,8,4,1,1,0,13,1,0.0003,2099
1388,2,256,8,4,1,1,0,13,2,0.0003,2099
1389,2,256,8,4,1,1,0,14,0,0.0003,1900
1390,2,256,8,4,1,1,0,14,1,0.0003,2261
1391,2,256,8,4,1,1,0,14,2,0.0003,2261
1392,2,256,8,4,1,1,0,15,0,0.0003,2126
1393,2,256,8,4,1,1,0,15,1,0.0003,2390
1394,2,256,8,4,1,1,0,15,2,0.0003,2390
1395,2,256,8,8,1,1,0,1,0,0.0002,1144
1396,2,256,8,8,1,1,0,1,1,0.0001,1313
1397,2,256,8,8,1,1,0,1,2,0.0001,1313
1398,2,256,8,8,1,1,0,2,0,0.0002,1388
1399,2,256,8,8,1,1,0,2,1,0.0001,1430
1400,2,256,8,8,1,1,0,2,2,0.0001,1430
1401,2,256,8,8,1,1,0,3,0,0.0002,1640
1402,2,256,8,8,1,1,0,3,1,0.0001,1685
1403,2,256,8,8,1,1,0,3,2,0.0001,1685
1404,2,256,8,8,1,1,0,4,0,0.0002,1819
1405,2,256,8,8,1,1,0,4,1,0.0001,1707
1406,2,256,8,8,1,1,0,4,2,0.0001,1707
1407,2,256,8,8,1,1,0,5,0,0.0002,1982
1408,2,256,8,8,1,1,0,5,1,0.0002,1864
1409,2,256,8,8,1,1,0,5,2,0.0002,1864
1410,2,256,8,8,1,1,0,6,0,0.0002,2100
1411,2,256,8,8,1,1,0,6,1,0.0002,2056
1412,2,256,8,8,1,1,0,6,2,0.0002,2056
1413,2,256,8,8,1,1,0,7,0,0.0002,2362
1414,2,256,8,8,1,1,0,7,1,0.0002,2277
1415,2,256,8,8,1,1,0,7,2,0.0002,2277
1416,2,256,8,8,1,1,0,8,0,0.0002,2481
1417,2,256,8,8,1,1,0,8,1,0.0002,2306
1418,2,256,8,8,1,1,0,8,2,0.0002,2306
1419,2,256,8,8,1,1,0,9,0,0.0002,2640
1420,2,256,8,8,1,1,0,9,1,0.0002,2585
1421,2,256,8,8,1,1,0,9,2,0.0002,2585
1422,2,256,8,8,1,1,0,10,0,0.0002,2825
1423,2,256,8,8,1,1,0,10,1,0.0002,2913
1424,2,256,8,8,1,1,0,10,2,0.0002,2913
1425,2,256,8,8,1,1,0,11,0,0.0002,2888
1426,2,256,8,8,1,1,0,11,1,0.0002,3124
1427,2,256,8,8,1,1,0,11,2,0.0002,3124
1428,2,256,8,8,1,1,0,12,0,0.0002,3175
1429,2,256,8,8,1,1,0,12,1,0.0002,3227
1430,2,256,8,8,1,1,0,12,2,0.0002,3227
1431,2,256,8,8,1,1,0,13,0,0.0002,3225
1432,2,256,8,8,1,1,0,13,1,0.0002,3487
1433,2,256,8,8,1,1,0,13,2,0.0002,3487
1434,2,256,8,8,1,1,0,14,0,0.0002,3266
1435,2,256,8,8,1,1,0,14,1,0.0002,3700
1436,2,256,8,8,1,1,0,14,2,0.0002,3700
1437,2,256,8,8,1,1,0,15,0,0.0002,3589
1438,2,256,8,8,1,1,0,15,1,0.0002,3884
1439,2,256,8,8,1,1,0,15,2,0.0002,3884
1440,3,256,1,1,1,1,0,1,0,0.0008,134
1441,3,256,1,1,1,1,0,1,1,0.0003,151
1442,3,256,1,1,1,1,0,1,2,0.0003,151
1443,3,256,1,1,1,1,0,2,0,0.0006,178
1444,3,256,1,1,1,1,0,2,1,0.0003,174
1446,3,256,1,1,1,1,0,3,0,0.0004,225
1447,3,256,1,1,1,1,0,3,1,0.0003,203
1448,3,256,1,1,1,1,0,3,2,0.0003,203
1449,3,256,1,1,1,1,0,4,0,0.0006,248
1450,3,256,1,1,1,1,0,4,1,0.0003,249
1451,3,256,1,1,1,1,0,4,2,0.0003,249
1452,3,256,1,1,1,1,0,5,0,0.0007,273
1453,3,256,1,1,1,1,0,5,1,0.0004,267
1454,3,256,1,1,1,1,0,5,2,0.0004,267
1455,3,256,1,1,1,1,0,6,0,0.0006,283
1456,3,256,1,1,1,1,0,6,1,0.0003,294
1457,3,256,1,1,1,1,0,6,2,0.0003,294
1458,3,256,1,1,1,1,0,7,0,0.0005,354
1460,3,256,1,1,1,1,0,7,2,0.0004,324
1461,3,256,1,1,1,1,0,8,0,0.0005,328
1462,3,256,1,1,1,1,0,8,1,0.0004,298
1463,3,256,1,1,1,1,0,8,2,0.0004,298
1464,3,256,1,1,1,1,0,9,0,0.0005,398
1465,3,256,1,1,1,1,0,9,1,0.0004,368
1466,3,256,1,1,1,1,0,9,2,0.0004,368
1467,3,256,1,1,1,1,0,10,0,0.0005,412
1468,3,256,1,1,1,1,0,10,1,0.0004,381
1470,3,256,1,1,1,1,0,11,0,0.0005,442
1471,3,256,1,1,1,1,0,11,1,0.0004,431
1472,3,256,1,1,1,1,0,11,2,0.0004,431
1473,3,256,1,1,1,1,0,12,0,0.0005,374
1474,3,256,1,1,1,1,0,12,1,0.0004,507
1475,3,256,1,1,1,1,0,12,2,0.0004,504
1477,3,256,1,1,1,1,0,13,1,0.0004,481
1478,3,256,1,1,1,1,0,13,2,0.0004,481
1479,3,256,1,1,1,1,0,14,0,0.0005,473
1480,3,256,1,1,1,1,0,14,1,0.0004,492
1481,3,256,1,1,1,1,0,14,2,0.0004,492
1482,3,256,1,1,1,1,0,15,0,0.0005,518
1483,3,256,1,1,1,1,0,15,1,0.0003,563
1484,3,256,1,1,1,1,0,15,2,0.0003,563
1485,3,256,1,2,1,1,0,1,0,0.0007,948
1486,3,256,1,2,1,1,0,1,1,0.0005,1010
1487,3,256,1,2,1,1,0,1,2,0.0005,1010
1488,3,256,1,2,1,1,0,2,0,0.0006,955
1489,3,256,1,2,1,1,0,2,1,0.0004,1034
1490,3,256,1,2,1,1,0,2,2,0.0004,1034
1491,3,256,1,2,1,1,0,3,0,0.0006,1121
1492,3,256,1,2,1,1,0,3,1,0.0004,1142
1493,3,256,1,2,1,1,0,3,2,0.0004,1142
1494,3,256,1,2,1,1,0,4,0,0.0007,1215
1495,3,256,1,2,1,1,0,4,1,0.0005,1190
1496,3,256,1,2,1,1,0,4,2,0.0005,1190
1497,3,256,1,2,1,1,0,5,0,0.0006,1205
1498,3,256,1,2,1,1,0,5,1,0.0005,1167
1499,3,256,1,2,1,1,0,5,2,0.0005,1167
1500,3,256,1,2,1,1,0,6,0,0.0006,1203
1501,3,256,1,2,1,1,0,6,1,0.0005,1251
1502,3,256,1,2,1,1,0,6,2,0.0005,1251
1503,3,256,1,2,1,1,0,7,0,0.0006,1327
1504,3,256,1,2,1,1,0,7,1,0.0005,1307
1505,3,256,1,2,1,1,0,7,2,0.0005,1307
1506,3,256,1,2,1,1,0,8,0,0.0007,1411
1507,3,256,1,2,1,1,0,8,1,0.0005,1359
1508,3,256,1,2,1,1,0,8,2,0.0005,1359
1509,3,256,1,2,1,1,0,9,0,0.0006,1364
1510,3,256,1,2,1,1,0,9,1,0.0005,1456
1511,3,256,1,2,1,1,0,9,2,0.0005,1456
1512,3,256,1,2,1,1,0,10,0,0.0006,1469
1513,3,256,1,2,1,1,0,10,1,0.0005,1497
1514,3,256,1,2,1,1,0,10,2,0.0005,1497
1515,3,256,1,2,1,1,0,11,0,0.0006,1424
1516,3,256,1,2,1,1,0,11,1,0.0005,1542
1517,3,256,1,2,1,1,0,11,2,0.0005,1542
1518,3,256,1,2,1,1,0,12,0,0.0006,1500
1519,3,256,1,2,1,1,0,12,1,0.0005,1761
1520,3,256,1,2,1,1,0,12,2,0.0005,1667
1521,3,256,1,2,1,1,0,13,0,0.0006,1498
1522,3,256,1,2,1,1,0,13,1,0.0005,1649
1523,3,256,1,2,1,1,0,13,2,0.0005,1649
1524,3,256,1,2,1,1,0,14,0,0.0006,1593
1525,3,256,1,2,1,1,0,14,1,0.0005,1713
1526,3,256,1,2,1,1,0,14,2,0.0005,1713
1527,3,256,1,2,1,1,0,15,0,0.0006,1719
1528,3,256,1,2,1,1,0,15,1,0.0005,1830
1529,3,256,1,2,1,1,0,15,2,0.0005,1830
1530,3,256,1,4,1,1,0,1,0,0.0004,1254
1531,3,256,1,4,1,1,0,1,1,0.0003,1448
1532,3,256,1,4,1,1,0,1,2,0.0003,1448
1533,3,256,1,4,1,1,0,2,0,0.0003,1518
1534,3,256,1,4,1,1,0,2,1,0.0003,1473
1535,3,256,1,4,1,1,0,2,2,0.0003,1473
1536,3,256,1,4,1,1,0,3,0,0.0003,1532
1537,3,256,1,4,1,1,0,3,1,0.0003,1507
1538,3,256,1,4,1,1,0,3,2,0.0003,1507
1539,3,256,1,4,1,1,0,4,0,0.0003,1780
1540,3,256,1,4,1,1,0,4,1,0.0003,1714
1541,3,256,1,4,1,1,0,4,2,0.0003,1714
1542,3,256,1,4,1,1,0,5,0,0.0003,1732
1543,3,256,1,4,1,1,0,5,1,0.0002,1822
1544,3,256,1,4,1,1,0,5,2,0.0002,1822
1545,3,256,1,4,1,1,0,6,0,0.0003,1824
1546,3,256,1,4,1,1,0,6,1,0.0003,1907
1547,3,256,1,4,1,1,0,6,2,0.0003,1907
1548,3,256,1,4,1,1,0,7,0,0.0003,1851
1549,3,256,1,4,1,1,0,7,1,0.0003,2024
1550,3,256,1,4,1,1,0,7,2,0.0003,2024
1551,3,256,1,4,1,1,0,8,0,0.0003,2201
1552,3,256,1,4,1,1,0,8,1,0.0003,2011
1553,3,256,1,4,1,1,0,8,2,0.0003,2011
1554,3,256,1,4,1,1,0,9,0,0.0003,2112
1555,3,256,1,4,1,1,0,9,1,0.0003,2272
1556,3,256,1,4,1,1,0,9,2,0.0003,2272
1557,3,256,1,4,1,1,0,10,0,0.0003,2493
1558,3,256,1,4,1,1,0,10,1,0.0003,2290
1559,3,256,1,4,1,1,0,10,2,0.0003,2290
1560,3,256,1,4,1,1,0,11,0,0.0003,2423
1561,3,256,1,4,1,1,0,11,1,0.0003,2393
1562,3,256,1,4,1,1,0,11,2,0.0003,2393
1563,3,256,1,4,1,1,0,12,0,0.0003,2312
1564,3,256,1,4,1,1,0,12,1,0.0003,2630
1565,3,256,1,4,1,1,0,12,2,0.0003,2630
1566,3,256,1,4,1,1,0,13,0,0.0003,2422
1567,3,256,1,4,1,1,0,13,1,0.0003,2668
1568,3,256,1,4,1,1,0,13,2,0.0003,2668
1569,3,256,1,4,1,1,0,14,0,0.0003,2860
1570,3,256,1,4,1,1,0,14,1,0.0002,2801
1571,3,256,1,4,1,1,0,14,2,0.0002,2801
1572,3,256,1,4,1,1,0,15,0,0.0003,2824
1573,3,256,1,4,1,1,0,15,1,0.0002,2955
1574,3,256,1,4,1,1,0,15,2,0.0002,2955
1575,3,256,1,8,1,1,0,1,0,0.0002,2062
1576,3,256,1,8,1,1,0,1,1,0.0001,2238
1577,3,256,1,8,1,1,0,1,2,0.0001,2238
1578,3,256,1,8,1,1,0,2,0,0.0002,2074
1579,3,256,1,8,1,1,0,2,1,0.0001,2246
1580,3,256,1,8,1,1,0,2,2,0.0001,2246
1581,3,256,1,8,1,1,0,3,0,0.0002,2301
1582,3,256,1,8,1,1,0,3,1,0.0001,2453
1583,3,256,1,8,1,1,0,3,2,0.0001,2453
1584,3,256,1,8,1,1,0,4,0,0.0002,2784
1585,3,256,1,8,1,1,0,4,1,0.0001,2848
1586,3,256,1,8,1,1,0,4,2,0.0001,2848
1587,3,256,1,8,1,1,0,5,0,0.0002,2755
1588,3,256,1,8,1,1,0,5,1,0.0001,2719
1589,3,256,1,8,1,1,0,5,2,0.0001,2719
1590,3,256,1,8,1,1,0,6,0,0.0002,2859
1591,3,256,1,8,1,1,0,6,1,0.0001,2890
1592,3,256,1,8,1,1,0,6,2,0.0001,2890
1593,3,256,1,8,1,1,0,7,0,0.0002,3141
1594,3,256,1,8,1,1,0,7,1,0.0001,3005
1595,3,256,1,8,1,1,0,7,2,0.0001,3005
1596,3,256,1,8,1,1,0,8,0,0.0002,3467
1597,3,256,1,8,1,1,0,8,1,0.0001,3737
1598,3,256,1,8,1,1,0,8,2,0.0001,3737
1599,3,256,1,8,1,1,0,9,0,0.0002,3763
1600,3,256,1,8,1,1,0,9,1,0.0001,3886
1601,3,256,1,8,1,1,0,9,2,0.0001,3886
1602,3,256,1,8,1,1,0,10,0,0.0002,3311
1603,3,256,1,8,1,1,0,10,1,0.0001,3408
1604,3,256,1,8,1,1,0,10,2,0.0001,3408
1605,3,256,1,8,1,1,0,11,0,0.0002,3757
1606,3,256,1,8,1,1,0,11,1,0.0001,4097
1607,3,256,1,8,1,1,0,11,2,0.0001,4097
1608,3,256,1,8,1,1,0,12,0,0.0002,3870
1609,3,256,1,8,1,1,0,12,1,0.0001,4515
1610,3,256,1,8,1,1,0,12,2,0.0001,4419
1611,3,256,1,8,1,1,0,13,0,0.0002,7900
1612,3,256,1,8,1,1,0,13,1,0.0002,8095
1613,3,256,1,8,1,1,0,13,2,0.0002,8095
1614,3,256,1,8,1,1,0,14,0,0.0002,4232
1615,3,256,1,8,1,1,0,14,1,0.0001,4146
1616,3,256,1,8,1,1,0,14,2,0.0001,4146
1617,3,256,1,8,1,1,0,15,0,0.0002,9992
1618,3,256,1,8,1,1,0,15,1,0.0002,10323
1619,3,256,1,8,1,1,0,15,2,0.0002,10323
1620,3,256,2,1,1,1,0,1,0,0.0104,286
1621,3,256,2,1,1,1,0,1,1,0.0003,497
1622,3,256,2,1,1,1,0,1,2,0.0003,497
1624,3,256,2,1,1,1,0,2,1,0.0004,763
1626,3,256,2,1,1,1,0,3,0,0.0065,487
1627,3,256,2,1,1,1,0,3,1,0.0004,1047
1628,3,256,2,1,1,1,0,3,2,0.0004,1047
1629,3,256,2,1,1,1,0,4,0,0.0057,559
1630,3,256,2,1,1,1,0,4,1,0.0004,1320
1631,3,256,2,1,1,1,0,4,2,0.0004,1320
1632,3,256,2,1,1,1,0,5,0,0.0057,721
1633,3,256,2,1,1,1,0,5,1,0.0004,1619
1634,3,256,2,1,1,1,0,5,2,0.0004,1619
1635,3,256,2,1,1,1,0,6,0,0.0053,785
1636,3,256,2,1,1,1,0,6,1,0.0004,1967
1637,3,256,2,1,1,1,0,6,2,0.0004,1967
1638,3,256,2,1,1,1,0,7,0,0.0051,867
1639,3,256,2,1,1,1,0,7,1,0.0004,2215
1640,3,256,2,1,1,1,0,7,2,0.0004,2215
1642,3,256,2,1,1,1,0,8,1,0.0004,2432
1643,3,256,2,1,1,1,0,8,2,0.0004,2432
1644,3,256,2,1,1,1,0,9,0,0.0053,1074
1645,3,256,2,1,1,1,0,9,1,0.0004,2690
1646,3,256,2,1,1,1,0,9,2,0.0004,2690
1647,3,256,2,1,1,1,0,10,0,0.0052,1225
1648,3,256,2,1,1,1,0,10,1,0.0004,3067
1649,3,256,2,1,1,1,0,10,2,0.0004,3067
1650,3,256,2,1,1,1,0,11,0,0.0054,1271
1651,3,256,2,1,1,1,0,11,1,0.0004,3410
1652,3,256,2,1,1,1,0,11,2,0.0004,3410
1653,3,256,2,1,1,1,0,12,0,0.0049,1340
1654,3,256,2,1,1,1,0,12,1,0.0004,3771
1656,3,256,2,1,1,1,0,13,0,0.0051,1509
1657,3,256,2,1,1,1,0,13,1,0.0004,4041
1658,3,256,2,1,1,1,0,13,2,0.0004,4041
1659,3,256,2,1,1,1,0,14,0,0.0051,1622
1660,3,256,2,1,1,1,0,14,1,0.0004,4086
1661,3,256,2,1,1,1,0,14,2,0.0004,4086
1662,3,256,2,1,1,1,0,15,0,0.0051,1630
1663,3,256,2,1,1,1,0,15,1,0.0004,4604
1664,3,256,2,1,1,1,0,15,2,0.0004,4604
1665,3,256,2,2,1,1,0,1,0,0.0065,1200
1666,3,256,2,2,1,1,0,1,1,0.0005,1513
1667,3,256,2,2,1,1,0,1,2,0.0005,1513
1668,3,256,2,2,1,1,0,2,0,0.0045,1425
1669,3,256,2,2,1,1,0,2,1,0.0005,2049
1670,3,256,2,2,1,1,0,2,2,0.0005,2049
1671,3,256,2,2,1,1,0,3,0,0.0039,1606
1672,3,256,2,2,1,1,0,3,1,0.0005,2534
1673,3,256,2,2,1,1,0,3,2,0.0005,2534
1674,3,256,2,2,1,1,0,4,0,0.0034,1772
1675,3,256,2,2,1,1,0,4,1,0.0005,3162
1676,3,256,2,2,1,1,0,4,2,0.0005,3162
1677,3,256,2,2,1,1,0,5,0,0.0032,1982
1678,3,256,2,2,1,1,0,5,1,0.0005,3549
1679,3,256,2,2,1,1,0,5,2,0.0005,3549
1680,3,256,2,2,1,1,0,6,0,0.0031,2139
1681,3,256,2,2,1,1,0,6,1,0.0005,4021
1682,3,256,2,2,1,1,0,6,2,0.0005,4021
1683,3,256,2,2,1,1,0,7,0,0.0031,2354
1684,3,256,2,2,1,1,0,7,1,0.0005,4388
1685,3,256,2,2,1,1,0,7,2,0.0005,4388
1687,3,256,2,2,1,1,0,8,1,0.0005,5134
1688,3,256,2,2,1,1,0,8,2,0.0005,5134
1689,3,256,2,2,1,1,0,9,0,0.0029,2704
1690,3,256,2,2,1,1,0,9,1,0.0005,5677
1691,3,256,2,2,1,1,0,9,2,0.0005,5677
1692,3,256,2,2,1,1,0,10,0,0.0030,2965
1693,3,256,2,2,1,1,0,10,1,0.0006,6134
1694,3,256,2,2,1,1,0,10,2,0.0006,6134
1695,3,256,2,2,1,1,0,11,0,0.0029,3052
1696,3,256,2,2,1,1,0,11,1,0.0005,6590
1697,3,256,2,2,1,1,0,11,2,0.0005,6590
1698,3,256,2,2,1,1,0,12,0,0.0029,3128
1699,3,256,2,2,1,1,0,12,1,0.0005,7149
1700,3,256,2,2,1,1,0,12,2,0.0005,7149
1701,3,256,2,2,1,1,0,13,0,0.0028,3329
1702,3,256,2,2,1,1,0,13,1,0.0005,7650
1703,3,256,2,2,1,1,0,13,2,0.0005,7650
1704,3,256,2,2,1,1,0,14,0,0.0029,3566
1705,3,256,2,2,1,1,0,14,1,0.0005,7811
1706,3,256,2,2,1,1,0,14,2,0.0005,7811
1707,3,256,2,2,1,1,0,15,0,0.0028,3820
1708,3,256,2,2,1,1,0,15,1,0.0006,8393
1709,3,256,2,2,1,1,0,15,2,0.0006,8393
1710,3,256,2,4,1,1,0,1,0,0.0033,1788
1711,3,256,2,4,1,1,0,1,1,0.0003,2408
1712,3,256,2,4,1,1,0,1,2,0.0003,2408
1713,3,256,2,4,1,1,0,2,0,0.0032,2160
1714,3,256,2,4,1,1,0,2,1,0.0003,3259
1715,3,256,2,4,1,1,0,2,2,0.0003,3259
1716,3,256,2,4,1,1,0,3,0,0.0031,2447
1717,3,256,2,4,1,1,0,3,1,0.0003,4092
1718,3,256,2,4,1,1,0,3,2,0.0003,4092
1719,3,256,2,4,1,1,0,4,0,0.0017,2829
1721,3,256,2,4,1,1,0,4,2,0.0003,5067
1722,3,256,2,4,1,1,0,5,0,0.0030,3201
1723,3,256,2,4,1,1,0,5,1,0.0003,6015
1724,3,256,2,4,1,1,0,5,2,0.0003,6015
1725,3,256,2,4,1,1,0,6,0,0.0031,3519
1726,3,256,2,4,1,1,0,6,1,0.0003,6814
1727,3,256,2,4,1,1,0,6,2,0.0003,6814
1728,3,256,2,4,1,1,0,7,0,0.0030,3990
1729,3,256,2,4,1,1,0,7,1,0.0003,7627
1730,3,256,2,4,1,1,0,7,2,0.0003,7627
1731,3,256,2,4,1,1,0,8,0,0.0014,4293
1732,3,256,2,4,1,1,0,8,1,0.0003,8395
1733,3,256,2,4,1,1,0,8,2,0.0003,8395
1734,3,256,2,4,1,1,0,9,0,0.0015,4697
1735,3,256,2,4,1,1,0,9,1,0.0003,9314
1736,3,256,2,4,1,1,0,9,2,0.0003,9314
1737,3,256,2,4,1,1,0,10,0,0.0030,4822
1738,3,256,2,4,1,1,0,10,1,0.0003,9840
1739,3,256,2,4,1,1,0,10,2,0.0003,9840
1740,3,256,2,4,1,1,0,11,0,0.0014,5128
1741,3,256,2,4,1,1,0,11,1,0.0003,10827
1742,3,256,2,4,1,1,0,11,2,0.0003,10827
1743,3,256,2,4,1,1,0,12,0,0.0014,5276
1744,3,256,2,4,1,1,0,12,1,0.0003,11987
1745,3,256,2,4,1,1,0,12,2,0.0003,11987
1746,3,256,2,4,1,1,0,13,0,0.0033,5942
1747,3,256,2,4,1,1,0,13,1,0.0003,12386
1748,3,256,2,4,1,1,0,13,2,0.0003,12386
1749,3,256,2,4,1,1,0,14,0,0.0033,6247
1750,3,256,2,4,1,1,0,14,1,0.0003,12937
1751,3,256,2,4,1,1,0,14,2,0.0003,12937
1752,3,256,2,4,1,1,0,15,0,0.0032,6615
1755,3,256,2,8,1,1,0,1,0,0.0015,2754
1756,3,256,2,8,1,1,0,1,1,0.0001,3788
1757,3,256,2,8,1,1,0,1,2,0.0001,3788
1758,3,256,2,8,1,1,0,2,0,0.0010,3612
1759,3,256,2,8,1,1,0,2,1,0.0001,5547
1760,3,256,2,8,1,1,0,2,2,0.0001,5547
1761,3,256,2,8,1,1,0,3,0,0.0014,4240
1762,3,256,2,8,1,1,0,3,1,0.0001,6877
1763,3,256,2,8,1,1,0,3,2,0.0001,6877
1764,3,256,2,8,1,1,0,4,0,0.0008,4963
1765,3,256,2,8,1,1,0,4,1,0.0001,8304
1766,3,256,2,8,1,1,0,4,2,0.0001,8304
1767,3,256,2,8,1,1,0,5,0,0.0015,5454
1768,3,256,2,8,1,1,0,5,1,0.0001,10091
1769,3,256,2,8,1,1,0,5,2,0.0001,10091
1770,3,256,2,8,1,1,0,6,0,0.0008,6416
1771,3,256,2,8,1,1,0,6,1,0.0001,11295
1772,3,256,2,8,1,1,0,6,2,0.0001,11295
1773,3,256,2,8,1,1,0,7,0,0.0015,6967
1774,3,256,2,8,1,1,0,7,1,0.0001,12365
1775,3,256,2,8,1,1,0,7,2,0.0001,12365
1776,3,256,2,8,1,1,0,8,0,0.0007,7735
1779,3,256,2,8,1,1,0,9,0,0.0007,8816
1782,3,256,2,8,1,1,0,10,0,0.0007,9884
1791,3,256,2,8,1,1,0,13,0,0.0016,12891
1800,3,256,4,1,1,1,0,1,0,0.0100,273
1801,3,256,4,1,1,1,0,1,1,0.0003,486
1802,3,256,4,1,1,1,0,1,2,0.0003,486
1803,3,256,4,1,1,1,0,2,0,0.0075,387
1804,3,256,4,1,1,1,0,2,1,0.0004,742
1805,3,256,4,1,1,1,0,2,2,0.0004,742
1807,3,256,4,1,1,1,0,3,1,0.0003,1007
1808,3,256,4,1,1,1,0,3,2,0.0003,1007
1809,3,256,4,1,1,1,0,4,0,0.0063,582
1810,3,256,4,1,1,1,0,4,1,0.0004,1290
1811,3,256,4,1,1,1,0,4,2,0.0004,1290
1812,3,256,4,1,1,1,0,5,0,0.0056,692
1813,3,256,4,1,1,1,0,5,1,0.0004,1598
1814,3,256,4,1,1,1,0,5,2,0.0004,1598
1815,3,256,4,1,1,1,0,6,0,0.0053,764
1816,3,256,4,1,1,1,0,6,1,0.0004,1858
1817,3,256,4,1,1,1,0,6,2,0.0004,1858
1818,3,256,4,1,1,1,0,7,0,0.0052,880
1819,3,256,4,1,1,1,0,7,1,0.0004,2151
1820,3,256,4,1,1,1,0,7,2,0.0004,2151
1821,3,256,4,1,1,1,0,8,0,0.0044,959
1822,3,256,4,1,1,1,0,8,1,0.0004,2404
1823,3,256,4,1,1,1,0,8,2,0.0004,2404
1824,3,256,4,1,1,1,0,9,0,0.0051,1064
1825,3,256,4,1,1,1,0,9,1,0.0004,2709
1826,3,256,4,1,1,1,0,9,2,0.0004,2709
1827,3,256,4,1,1,1,0,10,0,0.0048,1172
1828,3,256,4,1,1,1,0,10,1,0.0004,3019
1829,3,256,4,1,1,1,0,10,2,0.0004,3019
1830,3,256,4,1,1,1,0,11,0,0.0050,1355
1831,3,256,4,1,1,1,0,11,1,0.0004,3290
1832,3,256,4,1,1,1,0,11,2,0.0004,3290
1833,3,256,4,1,1,1,0,12,0,0.0051,1355
1834,3,256,4,1,1,1,0,12,1,0.0004,3623
1835,3,256,4,1,1,1,0,12,2,0.0004,3623
1836,3,256,4,1,1,1,0,13,0,0.0052,1422
1837,3,256,4,1,1,1,0,13,1,0.0004,3969
1838,3,256,4,1,1,1,0,13,2,0.0004,3969
1839,3,256,4,1,1,1,0,14,0,0.0049,1481
1840,3,256,4,1,1,1,0,14,1,0.0004,4148
1841,3,256,4,1,1,1,0,14,2,0.0004,4148
1842,3,256,4,1,1,1,0,15,0,0.0049,1641
1843,3,256,4,1,1,1,0,15,1,0.0004,4355
1844,3,256,4,1,1,1,0,15,2,0.0004,4355
1845,3,256,4,2,1,1,0,1,0,0.0061,1185
1846,3,256,4,2,1,1,0,1,1,0.0005,1572
1847,3,256,4,2,1,1,0,1,2,0.0005,1572
1848,3,256,4,2,1,1,0,2,0,0.0066,1511
1849,3,256,4,2,1,1,0,2,1,0.0005,2071
1850,3,256,4,2,1,1,0,2,2,0.0005,2071
1851,3,256,4,2,1,1,0,3,0,0.0063,1644
1852,3,256,4,2,1,1,0,3,1,0.0005,2501
1853,3,256,4,2,1,1,0,3,2,0.0005,2501
1854,3,256,4,2,1,1,0,4,0,0.0034,1824
1855,3,256,4,2,1,1,0,4,1,0.0005,3084
1856,3,256,4,2,1,1,0,4,2,0.0005,3084
1857,3,256,4,2,1,1,0,5,0,0.0060,1992
1858,3,256,4,2,1,1,0,5,1,0.0005,3590
1859,3,256,4,2,1,1,0,5,2,0.0005,3590
1860,3,256,4,2,1,1,0,6,0,0.0063,2214
1861,3,256,4,2,1,1,0,6,1,0.0005,4007
1862,3,256,4,2,1,1,0,6,2,0.0005,4007
1863,3,256,4,2,1,1,0,7,0,0.0063,2400
1864,3,256,4,2,1,1,0,7,1,0.0005,4441
1865,3,256,4,2,1,1,0,7,2,0.0005,4441
1866,3,256,4,2,1,1,0,8,0,0.0030,2552
1867,3,256,4,2,1,1,0,8,1,0.0005,5184
1868,3,256,4,2,1,1,0,8,2,0.0005,5184
1869,3,256,4,2,1,1,0,9,0,0.0030,2822
1870,3,256,4,2,1,1,0,9,1,0.0005,5706
1871,3,256,4,2,1,1,0,9,2,0.0005,5706
1872,3,256,4,2,1,1,0,10,0,0.0068,2920
1873,3,256,4,2,1,1,0,10,1,0.0005,6140
1874,3,256,4,2,1,1,0,10,2,0.0005,6140
1875,3,256,4,2,1,1,0,11,0,0.0029,3156
1876,3,256,4,2,1,1,0,11,1,0.0005,6566
1877,3,256,4,2,1,1,0,11,2,0.0005,6566
1878,3,256,4,2,1,1,0,12,0,0.0029,3235
1879,3,256,4,2,1,1,0,12,1,0.0006,6973
1880,3,256,4,2,1,1,0,12,2,0.0006,6973
1881,3,256,4,2,1,1,0,13,0,0.0065,3430
1882,3,256,4,2,1,1,0,13,1,0.0005,7451
1883,3,256,4,2,1,1,0,13,2,0.0005,7451
1884,3,256,4,2,1,1,0,14,0,0.0065,3594
1885,3,256,4,2,1,1,0,14,1,0.0005,7752
1886,3,256,4,2,1,1,0,14,2,0.0005,7752
1887,3,256,4,2,1,1,0,15,0,0.0068,3808
1888,3,256,4,2,1,1,0,15,1,0.0005,8381
1889,3,256,4,2,1,1,0,15,2,0.0005,8381
1890,3,256,4,4,1,1,0,1,0,0.0032,1669
1891,3,256,4,4,1,1,0,1,1,0.0003,2313
1892,3,256,4,4,1,1,0,1,2,0.0003,2313
1893,3,256,4,4,1,1,0,2,0,0.0023,2265
1894,3,256,4,4,1,1,0,2,1,0.0003,3226
1895,3,256,4,4,1,1,0,2,2,0.0003,3226
1896,3,256,4,4,1,1,0,3,0,0.0029,2386
1897,3,256,4,4,1,1,0,3,1,0.0003,3924
1898,3,256,4,4,1,1,0,3,2,0.0003,3924
1899,3,256,4,4,1,1,0,4,0,0.0016,2745
1900,3,256,4,4,1,1,0,4,1,0.0003,4739
1901,3,256,4,4,1,1,0,4,2,0.0003,4739
1902,3,256,4,4,1,1,0,5,0,0.0030,3248
1903,3,256,4,4,1,1,0,5,1,0.0003,5889
1904,3,256,4,4,1,1,0,5,2,0.0003,5889
1905,3,256,4,4,1,1,0,6,0,0.0015,3446
1906,3,256,4,4,1,1,0,6,1,0.0003,6658
1907,3,256,4,4,1,1,0,6,2,0.0003,6658
1908,3,256,4,4,1,1,0,7,0,0.0031,3923
1909,3,256,4,4,1,1,0,7,1,0.0003,7597
1910,3,256,4,4,1,1,0,7,2,0.0003,7597
1911,3,256,4,4,1,1,0,8,0,0.0014,4151
1912,3,256,4,4,1,1,0,8,1,0.0003,8276
1913,3,256,4,4,1,1,0,8,2,0.0003,8276
1914,3,256,4,4,1,1,0,9,0,0.0014,4761
1915,3,256,4,4,1,1,0,9,1,0.0003,9132
1916,3,256,4,4,1,1,0,9,2,0.0003,9132
1917,3,256,4,4,1,1,0,10,0,0.0015,4748
1918,3,256,4,4,1,1,0,10,1,0.0003,10032
1919,3,256,4,4,1,1,0,10,2,0.0003,10032
1920,3,256,4,4,1,1,0,11,0,0.0014,5088
1921,3,256,4,4,1,1,0,11,1,0.0003,10742
1922,3,256,4,4,1,1,0,11,2,0.0003,10742
1923,3,256,4,4,1,1,0,12,0,0.0015,5183
1924,3,256,4,4,1,1,0,12,1,0.0003,11824
1925,3,256,4,4,1,1,0,12,2,0.0003,11824
1926,3,256,4,4,1,1,0,13,0,0.0031,5862
1927,3,256,4,4,1,1,0,13,1,0.0003,12163
1928,3,256,4,4,1,1,0,13,2,0.0003,12163
1929,3,256,4,4,1,1,0,14,0,0.0014,6029
1930,3,256,4,4,1,1,0,14,1,0.0003,13009
1931,3,256,4,4,1,1,0,14,2,0.0003,13009
1932,3,256,4,4,1,1,0,15,0,0.0031,6556
1933,3,256,4,4,1,1,0,15,1,0.0003,13289
1934,3,256,4,4,1,1,0,15,2,0.0003,13289
1935,3,256,4,8,1,1,0,1,0,0.0015,2802
1936,3,256,4,8,1,1,0,1,1,0.0001,3844
1937,3,256,4,8,1,1,0,1,2,0.0001,3844
1938,3,256,4,8,1,1,0,2,0,0.0015,3715
1939,3,256,4,8,1,1,0,2,1,0.0002,5622
1940,3,256,4,8,1,1,0,2,2,0.0002,5622
1941,3,256,4,8,1,1,0,3,0,0.0009,4343
1942,3,256,4,8,1,1,0,3,1,0.0002,7027
1943,3,256,4,8,1,1,0,3,2,0.0002,7027
1944,3,256,4,8,1,1,0,4,0,0.0009,5116
1945,3,256,4,8,1,1,0,4,1,0.0002,8301
1946,3,256,4,8,1,1,0,4,2,0.0002,8301
1947,3,256,4,8,1,1,0,5,0,0.0008,5761
1948,3,256,4,8,1,1,0,5,1,0.0002,9989
1949,3,256,4,8,1,1,0,5,2,0.0002,9989
1950,3,256,4,8,1,1,0,6,0,0.0007,6411
1951,3,256,4,8,1,1,0,6,1,0.0002,11417
1952,3,256,4,8,1,1,0,6,2,0.0002,11417
1953,3,256,4,8,1,1,0,7,0,0.0008,7039
1954,3,256,4,8,1,1,0,7,1,0.0002,12503
1955,3,256,4,8,1,1,0,7,2,0.0002,12503
1956,3,256,4,8,1,1,0,8,0,0.0007,7773
1959,3,256,4,8,1,1,0,9,0,0.0008,9066
1962,3,256,4,8,1,1,0,10,0,0.0008,10092
1965,3,256,4,8,1,1,0,11,0,0.0016,11580
1980,3,256,8,1,1,1,0,1,0,0.0109,289
1981,3,256,8,1,1,1,0,1,1,0.0004,489
1982,3,256,8,1,1,1,0,1,2,0.0004,489
1983,3,256,8,1,1,1,0,2,0,0.0112,410
1984,3,256,8,1,1,1,0,2,1,0.0004,780
1985,3,256,8,1,1,1,0,2,2,0.0004,780
1986,3,256,8,1,1,1,0,3,0,0.0107,504
1987,3,256,8,1,1,1,0,3,1,0.0004,1030
1989,3,256,8,1,1,1,0,4,0,0.0063,602
1990,3,256,8,1,1,1,0,4,1,0.0004,1317
1991,3,256,8,1,1,1,0,4,2,0.0004,1317
1992,3,256,8,1,1,1,0,5,0,0.0114,700
1993,3,256,8,1,1,1,0,5,1,0.0004,1585
1994,3,256,8,1,1,1,0,5,2,0.0004,1585
1995,3,256,8,1,1,1,0,6,0,0.0116,787
1996,3,256,8,1,1,1,0,6,1,0.0004,1930
1997,3,256,8,1,1,1,0,6,2,0.0004,1930
1998,3,256,8,1,1,1,0,7,0,0.0118,912
1999,3,256,8,1,1,1,0,7,1,0.0004,2183
2000,3,256,8,1,1,1,0,7,2,0.0004,2183
2002,3,256,8,1,1,1,0,8,1,0.0004,2586
2003,3,256,8,1,1,1,0,8,2,0.0004,2586
2004,3,256,8,1,1,1,0,9,0,0.0050,1071
2005,3,256,8,1,1,1,0,9,1,0.0004,2765
2006,3,256,8,1,1,1,0,9,2,0.0004,2765
2007,3,256,8,1,1,1,0,10,0,0.0117,1142
2008,3,256,8,1,1,1,0,10,1,0.0004,3015
2009,3,256,8,1,1,1,0,10,2,0.0004,3015
2010,3,256,8,1,1,1,0,11,0,0.0050,1263
2011,3,256,8,1,1,1,0,11,1,0.0004,3283
2012,3,256,8,1,1,1,0,11,2,0.0004,3283
2013,3,256,8,1,1,1,0,12,0,0.0049,1359
2014,3,256,8,1,1,1,0,12,1,0.0004,3717
2015,3,256,8,1,1,1,0,12,2,0.0004,3717
2016,3,256,8,1,1,1,0,13,0,0.0118,1495
2017,3,256,8,1,1,1,0,13,1,0.0004,3796
2018,3,256,8,1,1,1,0,13,2,0.0004,3796
2019,3,256,8,1,1,1,0,14,0,0.0122,1612
2020,3,256,8,1,1,1,0,14,1,0.0004,4041
2021,3,256,8,1,1,1,0,14,2,0.0004,4041
2022,3,256,8,1,1,1,0,15,0,0.0123,1697
2023,3,256,8,1,1,1,0,15,1,0.0005,4312
2024,3,256,8,1,1,1,0,15,2,0.0005,4312
2025,3,256,8,2,1,1,0,1,0,0.0067,1248
2026,3,256,8,2,1,1,0,1,1,0.0005,1579
2027,3,256,8,2,1,1,0,1,2,0.0005,1579
2028,3,256,8,2,1,1,0,2,0,0.0041,1360
2029,3,256,8,2,1,1,0,2,1,0.0005,2097
2030,3,256,8,2,1,1,0,2,2,0.0005,2097
2031,3,256,8,2,1,1,0,3,0,0.0061,1524
2032,3,256,8,2,1,1,0,3,1,0.0005,2539
2033,3,256,8,2,1,1,0,3,2,0.0005,2539
2034,3,256,8,2,1,1,0,4,0,0.0037,1839
2035,3,256,8,2,1,1,0,4,1,0.0006,3056
2036,3,256,8,2,1,1,0,4,2,0.0006,3056
2037,3,256,8,2,1,1,0,5,0,0.0063,2045
2038,3,256,8,2,1,1,0,5,1,0.0005,3535
2039,3,256,8,2,1,1,0,5,2,0.0005,3535
2040,3,256,8,2,1,1,0,6,0,0.0031,2195
2041,3,256,8,2,1,1,0,6,1,0.0005,4090
2042,3,256,8,2,1,1,0,6,2,0.0005,4090
2043,3,256,8,2,1,1,0,7,0,0.0065,2399
2044,3,256,8,2,1,1,0,7,1,0.0005,4412
2045,3,256,8,2,1,1,0,7,2,0.0005,4412
2046,3,256,8,2,1,1,0,8,0,0.0028,2501
2047,3,256,8,2,1,1,0,8,1,0.0005,5145
2048,3,256,8,2,1,1,0,8,2,0.0005,5145
2049,3,256,8,2,1,1,0,9,0,0.0030,2739
2050,3,256,8,2,1,1,0,9,1,0.0005,5670
2051,3,256,8,2,1,1,0,9,2,0.0005,5670
2052,3,256,8,2,1,1,0,10,0,0.0030,2916
2053,3,256,8,2,1,1,0,10,1,0.0006,6121
2054,3,256,8,2,1,1,0,10,2,0.0006,6121
2055,3,256,8,2,1,1,0,11,0,0.0029,3044
2056,3,256,8,2,1,1,0,11,1,0.0006,6611
2057,3,256,8,2,1,1,0,11,2,0.0006,6611
2058,3,256,8,2,1,1,0,12,0,0.0029,3247
2059,3,256,8,2,1,1,0,12,1,0.0006,6998
2060,3,256,8,2,1,1,0,12,2,0.0006,6998
2061,3,256,8,2,1,1,0,13,0,0.0067,3436
2062,3,256,8,2,1,1,0,13,1,0.0006,7415
2063,3,256,8,2,1,1,0,13,2,0.0006,7415
2064,3,256,8,2,1,1,0,14,0,0.0029,3551
2065,3,256,8,2,1,1,0,14,1,0.0006,7864
2066,3,256,8,2,1,1,0,14,2,0.0006,7864
2067,3,256,8,2,1,1,0,15,0,0.0067,3706
2068,3,256,8,2,1,1,0,15,1,0.0006,8288
2069,3,256,8,2,1,1,0,15,2,0.0006,8288
2070,3,256,8,4,1,1,0,1,0,0.0032,1687
2071,3,256,8,4,1,1,0,1,1,0.0003,2404
2072,3,256,8,4,1,1,0,1,2,0.0003,2404
2073,3,256,8,4,1,1,0,2,0,0.0031,2112
2074,3,256,8,4,1,1,0,2,1,0.0003,3225
2075,3,256,8,4,1,1,0,2,2,0.0003,3225
2076,3,256,8,4,1,1,0,3,0,0.0019,2535
2077,3,256,8,4,1,1,0,3,1,0.0003,4005
2078,3,256,8,4,1,1,0,3,2,0.0003,4005
2079,3,256,8,4,1,1,0,4,0,0.0017,2828
2080,3,256,8,4,1,1,0,4,1,0.0003,5044
2081,3,256,8,4,1,1,0,4,2,0.0003,5044
2082,3,256,8,4,1,1,0,5,0,0.0016,3154
2083,3,256,8,4,1,1,0,5,1,0.0003,5948
2084,3,256,8,4,1,1,0,5,2,0.0003,5948
2085,3,256,8,4,1,1,0,6,0,0.0015,3447
2086,3,256,8,4,1,1,0,6,1,0.0003,6909
2087,3,256,8,4,1,1,0,6,2,0.0003,6909
2088,3,256,8,4,1,1,0,7,0,0.0015,3774
2089,3,256,8,4,1,1,0,7,1,0.0003,7626
2090,3,256,8,4,1,1,0,7,2,0.0003,7626
2091,3,256,8,4,1,1,0,8,0,0.0016,4316
2092,3,256,8,4,1,1,0,8,1,0.0003,8360
2093,3,256,8,4,1,1,0,8,2,0.0003,8360
2094,3,256,8,4,1,1,0,9,0,0.0015,4686
2095,3,256,8,4,1,1,0,9,1,0.0003,9347
2096,3,256,8,4,1,1,0,9,2,0.0003,9347
2097,3,256,8,4,1,1,0,10,0,0.0015,4930
2098,3,256,8,4,1,1,0,10,1,0.0003,10018
2099,3,256,8,4,1,1,0,10,2,0.0003,10018
2100,3,256,8,4,1,1,0,11,0,0.0033,5129
2101,3,256,8,4,1,1,0,11,1,0.0003,10636
2102,3,256,8,4,1,1,0,11,2,0.0003,10636
2103,3,256,8,4,1,1,0,12,0,0.0014,5283
2104,3,256,8,4,1,1,0,12,1,0.0003,11680
2105,3,256,8,4,1,1,0,12,2,0.0003,11680
2106,3,256,8,4,1,1,0,13,0,0.0014,5667
2107,3,256,8,4,1,1,0,13,1,0.0003,12526
2108,3,256,8,4,1,1,0,13,2,0.0003,12526
2109,3,256,8,4,1,1,0,14,0,0.0014,6133
2110,3,256,8,4,1,1,0,14,1,0.0003,12966
2111,3,256,8,4,1,1,0,14,2,0.0003,12966
2112,3,256,8,4,1,1,0,15,0,0.0014,6400
2115,3,256,8,8,1,1,0,1,0,0.0015,2846
2116,3,256,8,8,1,1,0,1,1,0.0002,3829
2117,3,256,8,8,1,1,0,1,2,0.0002,3829
2118,3,256,8,8,1,1,0,2,0,0.0011,3618
2119,3,256,8,8,1,1,0,2,1,0.0002,5595
2120,3,256,8,8,1,1,0,2,2,0.0002,5595
2121,3,256,8,8,1,1,0,3,0,0.0009,4237
2122,3,256,8,8,1,1,0,3,1,0.0002,6901
2123,3,256,8,8,1,1,0,3,2,0.0002,6901
2124,3,256,8,8,1,1,0,4,0,0.0009,4891
2125,3,256,8,8,1,1,0,4,1,0.0002,8213
2126,3,256,8,8,1,1,0,4,2,0.0002,8213
2127,3,256,8,8,1,1,0,5,0,0.0008,5541
2128,3,256,8,8,1,1,0,5,1,0.0002,9805
2129,3,256,8,8,1,1,0,5,2,0.0002,9805
2130,3,256,8,8,1,1,0,6,0,0.0008,6372
2131,3,256,8,8,1,1,0,6,1,0.0002,11441
2132,3,256,8,8,1,1,0,6,2,0.0002,11441
2133,3,256,8,8,1,1,0,7,0,0.0008,6920
2134,3,256,8,8,1,1,0,7,1,0.0002,12275
2135,3,256,8,8,1,1,0,7,2,0.0002,12275
2136,3,256,8,8,1,1,0,8,0,0.0007,7583
2137,3,256,8,8,1,1,0,8,1,0.0002,13196
2138,3,256,8,8,1,1,0,8,2,0.0002,13196
2139,3,256,8,8,1,1,0,9,0,0.0008,8525
2142,3,256,8,8,1,1,0,10,0,0.0008,9854
2145,3,256,8,8,1,1,0,11,0,0.0016,11341
2160,4,256,1,1,1,1,0,1,0,0.0004,127
2161,4,256,1,1,1,1,0,1,1,0.0003,130
2162,4,256,1,1,1,1,0,1,2,0.0003,130
2163,4,256,1,1,1,1,0,2,0,0.0004,163
2164,4,256,1,1,1,1,0,2,1,0.0003,175
2165,4,256,1,1,1,1,0,2,2,0.0003,175
2166,4,256,1,1,1,1,0,3,0,0.0004,246
2167,4,256,1,1,1,1,0,3,1,0.0003,218
2168,4,256,1,1,1,1,0,3,2,0.0003,218
2169,4,256,1,1,1,1,0,4,0,0.0004,170
2171,4,256,1,1,1,1,0,4,2,0.0002,178
2173,4,256,1,1,1,1,0,5,1,0.0002,291
2175,4,256,1,1,1,1,0,6,0,0.0004,351
2176,4,256,1,1,1,1,0,6,1,0.0003,319
2177,4,256,1,1,1,1,0,6,2,0.0003,319
2178,4,256,1,1,1,1,0,7,0,0.0003,399
2179,4,256,1,1,1,1,0,7,1,0.0003,378
2180,4,256,1,1,1,1,0,7,2,0.0003,378
2181,4,256,1,1,1,1,0,8,0,0.0003,243
2182,4,256,1,1,1,1,0,8,1,0.0003,235
2183,4,256,1,1,1,1,0,8,2,0.0003,235
2184,4,256,1,1,1,1,0,9,0,0.0004,492
2185,4,256,1,1,1,1,0,9,1,0.0003,513
2186,4,256,1,1,1,1,0,9,2,0.0003,513
2189,4,256,1,1,1,1,0,10,2,0.0003,534
2190,4,256,1,1,1,1,0,11,0,0.0004,560
2191,4,256,1,1,1,1,0,11,1,0.0003,594
2192,4,256,1,1,1,1,0,11,2,0.0003,594
2193,4,256,1,1,1,1,0,12,0,0.0004,571
2195,4,256,1,1,1,1,0,12,2,0.0003,565
2198,4,256,1,1,1,1,0,13,2,0.0003,670
2199,4,256,1,1,1,1,0,14,0,0.0004,681
2200,4,256,1,1,1,1,0,14,1,0.0003,716
2202,4,256,1,1,1,1,0,15,0,0.0004,748
2203,4,256,1,1,1,1,0,15,1,0.0003,802
2204,4,256,1,1,1,1,0,15,2,0.0003,802
2205,4,256,1,2,1,1,0,1,0,0.0003,325
2206,4,256,1,2,1,1,0,1,1,0.0002,305
2207,4,256,1,2,1,1,0,1,2,0.0002,305
2208,4,256,1,2,1,1,0,2,0,0.0002,384
2209,4,256,1,2,1,1,0,2,1,0.0002,322
2210,4,256,1,2,1,1,0,2,2,0.0002,322
2211,4,256,1,2,1,1,0,3,0,0.0002,579
2212,4,256,1,2,1,1,0,3,1,0.0002,549
2213,4,256,1,2,1,1,0,3,2,0.0002,549
2214,4,256,1,2,1,1,0,4,0,0.0002,425
2215,4,256,1,2,1,1,0,4,1,0.0002,485
2216,4,256,1,2,1,1,0,4,2,0.0002,485
2217,4,256,1,2,1,1,0,5,0,0.0002,744
2218,4,256,1,2,1,1,0,5,1,0.0002,756
2219,4,256,1,2,1,1,0,5,2,0.0002,756
2220,4,256,1,2,1,1,0,6,0,0.0003,800
2221,4,256,1,2,1,1,0,6,1,0.0002,753
2222,4,256,1,2,1,1,0,6,2,0.0002,753
2223,4,256,1,2,1,1,0,7,0,0.0002,830
2224,4,256,1,2,1,1,0,7,1,0.0002,884
2225,4,256,1,2,1,1,0,7,2,0.0002,884
2226,4,256,1,2,1,1,0,8,0,0.0002,510
2227,4,256,1,2,1,1,0,8,1,0.0002,584
2228,4,256,1,2,1,1,0,8,2,0.0002,584
2229,4,256,1,2,1,1,0,9,0,0.0003,1013
2230,4,256,1,2,1,1,0,9,1,0.0002,1180
2231,4,256,1,2,1,1,0,9,2,0.0002,1180
2232,4,256,1,2,1,1,0,10,0,0.0003,1131
2233,4,256,1,2,1,1,0,10,1,0.0002,1212
2234,4,256,1,2,1,1,0,10,2,0.0002,1212
2235,4,256,1,2,1,1,0,11,0,0.0003,1229
2236,4,256,1,2,1,1,0,11,1,0.0002,1264
2237,4,256,1,2,1,1,0,11,2,0.0002,1264
2238,4,256,1,2,1,1,0,12,0,0.0003,1118
2239,4,256,1,2,1,1,0,12,1,0.0002,1287
2240,4,256,1,2,1,1,0,12,2,0.0002,1287
2241,4,256,1,2,1,1,0,13,0,0.0003,1351
2242,4,256,1,2,1,1,0,13,1,0.0002,1439
2243,4,256,1,2,1,1,0,13,2,0.0002,1439
2244,4,256,1,2,1,1,0,14,0,0.0003,1320
2245,4,256,1,2,1,1,0,14,1,0.0002,1434
2246,4,256,1,2,1,1,0,14,2,0.0002,1434
2247,4,256,1,2,1,1,0,15,0,0.0003,1565
2248,4,256,1,2,1,1,0,15,1,0.0002,1732
2249,4,256,1,2,1,1,0,15,2,0.0002,1732
2250,4,256,1,4,1,1,0,1,0,0.0002,779
2251,4,256,1,4,1,1,0,1,1,0.0001,718
2252,4,256,1,4,1,1,0,1,2,0.0001,718
2253,4,256,1,4,1,1,0,2,0,0.0001,786
2254,4,256,1,4,1,1,0,2,1,0.0001,776
2255,4,256,1,4,1,1,0,2,2,0.0001,776
2256,4,256,1,4,1,1,0,3,0,0.0001,1245
2257,4,256,1,4,1,1,0,3,1,0.0001,1143
2258,4,256,1,4,1,1,0,3,2,0.0001,1143
2259,4,256,1,4,1,1,0,4,0,0.0002,895
2260,4,256,1,4,1,1,0,4,1,0.0001,1034
2261,4,256,1,4,1,1,0,4,2,0.0001,1034
2262,4,256,1,4,1,1,0,5,0,0.0002,1448
2263,4,256,1,4,1,1,0,5,1,0.0001,1529
2264,4,256,1,4,1,1,0,5,2,0.0001,1529
2265,4,256,1,4,1,1,0,6,0,0.0001,1621
2266,4,256,1,4,1,1,0,6,1,0.0001,1707
2267,4,256,1,4,1,1,0,6,2,0.0001,1707
2268,4,256,1,4,1,1,0,7,0,0.0001,1758
2269,4,256,1,4,1,1,0,7,1,0.0001,1692
2270,4,256,1,4,1,1,0,7,2,0.0001,1692
2271,4,256,1,4,1,1,0,8,0,0.0001,1153
2272,4,256,1,4,1,1,0,8,1,0.0001,1227
2273,4,256,1,4,1,1,0,8,2,0.0001,1227
2274,4,256,1,4,1,1,0,9,0,0.0002,2196
2275,4,256,1,4,1,1,0,9,1,0.0001,2317
2276,4,256,1,4,1,1,0,9,2,0.0001,2317
2277,4,256,1,4,1,1,0,10,0,0.0002,2202
2278,4,256,1,4,1,1,0,10,1,0.0001,2272
2279,4,256,1,4,1,1,0,10,2,0.0001,2272
2280,4,256,1,4,1,1,0,11,0,0.0002,2516
2281,4,256,1,4,1,1,0,11,1,0.0001,2679
2282,4,256,1,4,1,1,0,11,2,0.0001,2679
2283,4,256,1,4,1,1,0,12,0,0.0002,2282
2284,4,256,1,4,1,1,0,12,1,0.0001,2663
2285,4,256,1,4,1,1,0,12,2,0.0001,2663
2286,4,256,1,4,1,1,0,13,0,0.0002,2654
2287,4,256,1,4,1,1,0,13,1,0.0001,2991
2289,4,256,1,4,1,1,0,14,0,0.0002,2504
2290,4,256,1,4,1,1,0,14,1,0.0001,3184
2291,4,256,1,4,1,1,0,14,2,0.0001,3184
2292,4,256,1,4,1,1,0,15,0,0.0002,2989
2293,4,256,1,4,1,1,0,15,1,0.0001,3465
2294,4,256,1,4,1,1,0,15,2,0.0001,3465
2295,4,256,1,8,1,1,0,1,0,0.0001,1282
2296,4,256,1,8,1,1,0,1,1,0.0001,1371
2297,4,256,1,8,1,1,0,1,2,0.0001,1371
2298,4,256,1,8,1,1,0,2,0,0.0001,1505
2299,4,256,1,8,1,1,0,2,1,0.0001,1381
2300,4,256,1,8,1,1,0,2,2,0.0001,1381
2301,4,256,1,8,1,1,0,3,0,0.0001,2427
2302,4,256,1,8,1,1,0,3,1,0.0001,2059
2303,4,256,1,8,1,1,0,3,2,0.0001,2059
2304,4,256,1,8,1,1,0,4,0,0.0001,1728
2305,4,256,1,8,1,1,0,4,1,0.0001,2049
2306,4,256,1,8,1,1,0,4,2,0.0001,2049
2307,4,256,1,8,1,1,0,5,0,0.0001,2743
2308,4,256,1,8,1,1,0,5,1,0.0001,2675
2309,4,256,1,8,1,1,0,5,2,0.0001,2675
2310,4,256,1,8,1,1,0,6,0,0.0001,3067
2311,4,256,1,8,1,1,0,6,1,0.0001,2991
2312,4,256,1,8,1,1,0,6,2,0.0001,2991
2313,4,256,1,8,1,1,0,7,0,0.0001,3632
2314,4,256,1,8,1,1,0,7,1,0.0001,3375
2315,4,256,1,8,1,1,0,7,2,0.0001,3375
2316,4,256,1,8,1,1,0,8,0,0.0001,2557
2317,4,256,1,8,1,1,0,8,1,0.0001,2565
2318,4,256,1,8,1,1,0,8,2,0.0001,2565
2319,4,256,1,8,1,1,0,9,0,0.0001,4326
2320,4,256,1,8,1,1,0,9,1,0.0001,4036
2321,4,256,1,8,1,1,0,9,2,0.0001,4036
2322,4,256,1,8,1,1,0,10,0,0.0001,4477
2323,4,256,1,8,1,1,0,10,1,0.0001,4328
2324,4,256,1,8,1,1,0,10,2,0.0001,4328
2325,4,256,1,8,1,1,0,11,0,0.0001,4343
2326,4,256,1,8,1,1,0,11,1,0.0001,4755
2327,4,256,1,8,1,1,0,11,2,0.0001,4755
2328,4,256,1,8,1,1,0,12,0,0.0001,4493
2329,4,256,1,8,1,1,0,12,1,0.0001,4693
2330,4,256,1,8,1,1,0,12,2,0.0001,4693
2331,4,256,1,8,1,1,0,13,0,0.0001,4957
2332,4,256,1,8,1,1,0,13,1,0.0001,5190
2333,4,256,1,8,1,1,0,13,2,0.0001,5190
2334,4,256,1,8,1,1,0,14,0,0.0001,4758
2335,4,256,1,8,1,1,0,14,1,0.0001,5369
2336,4,256,1,8,1,1,0,14,2,0.0001,5369
2337,4,256,1,8,1,1,0,15,0,0.0001,5685
2338,4,256,1,8,1,1,0,15,1,0.0001,6018
2339,4,256,1,8,1,1,0,15,2,0.0001,6018
2340,4,256,2,1,1,1,0,1,0,0.0016,160
2341,4,256,2,1,1,1,0,1,1,0.0009,191
2342,4,256,2,1,1,1,0,1,2,0.0009,191
2343,4,256,2,1,1,1,0,2,0,0.0015,216
2344,4,256,2,1,1,1,0,2,1,0.0009,208
2345,4,256,2,1,1,1,0,2,2,0.0009,208
2346,4,256,2,1,1,1,0,3,0,0.0016,274
2347,4,256,2,1,1,1,0,3,1,0.0009,287
2348,4,256,2,1,1,1,0,3,2,0.0009,287
2349,4,256,2,1,1,1,0,4,0,0.0014,308
2350,4,256,2,1,1,1,0,4,1,0.0009,300
2351,4,256,2,1,1,1,0,4,2,0.0009,300
2352,4,256,2,1,1,1,0,5,0,0.0016,382
2353,4,256,2,1,1,1,0,5,1,0.0009,391
2354,4,256,2,1,1,1,0,5,2,0.0009,391
2356,4,256,2,1,1,1,0,6,1,0.0009,436
2357,4,256,2,1,1,1,0,6,2,0.0009,436
2361,4,256,2,1,1,1,0,8,0,0.0013,468
2362,4,256,2,1,1,1,0,8,1,0.0009,468
2363,4,256,2,1,1,1,0,8,2,0.0009,468
2364,4,256,2,1,1,1,0,9,0,0.0017,582
2365,4,256,2,1,1,1,0,9,1,0.0011,603
2366,4,256,2,1,1,1,0,9,2,0.0011,603
2367,4,256,2,1,1,1,0,10,0,0.0017,613
2368,4,256,2,1,1,1,0,10,1,0.0012,635
2369,4,256,2,1,1,1,0,10,2,0.0012,635
2370,4,256,2,1,1,1,0,11,0,0.0017,645
2371,4,256,2,1,1,1,0,11,1,0.0010,705
2372,4,256,2,1,1,1,0,11,2,0.0010,705
2373,4,256,2,1,1,1,0,12,0,0.0017,633
2374,4,256,2,1,1,1,0,12,1,0.0010,710
2375,4,256,2,1,1,1,0,12,2,0.0010,710
2376,4,256,2,1,1,1,0,13,0,0.0018,807
2377,4,256,2,1,1,1,0,13,1,0.0011,784
2378,4,256,2,1,1,1,0,13,2,0.0011,784
2379,4,256,2,1,1,1,0,14,0,0.0017,854
2380,4,256,2,1,1,1,0,14,1,0.0011,843
2381,4,256,2,1,1,1,0,14,2,0.0011,843
2382,4,256,2,1,1,1,0,15,0,0.0018,870
2383,4,256,2,1,1,1,0,15,1,0.0012,871
2384,4,256,2,1,1,1,0,15,2,0.0012,871
2385,4,256,2,2,1,1,0,1,0,0.0003,343
2386,4,256,2,2,1,1,0,1,1,0.0002,409
2387,4,256,2,2,1,1,0,1,2,0.0002,409
2388,4,256,2,2,1,1,0,2,0,0.0003,459
2389,4,256,2,2,1,1,0,2,1,0.0002,486
2390,4,256,2,2,1,1,0,2,2,0.0002,486
2391,4,256,2,2,1,1,0,3,0,0.0003,572
2392,4,256,2,2,1,1,0,3,1,0.0002,545
2393,4,256,2,2,1,1,0,3,2,0.0002,545
2394,4,256,2,2,1,1,0,4,0,0.0003,635
2395,4,256,2,2,1,1,0,4,1,0.0002,571
2396,4,256,2,2,1,1,0,4,2,0.0002,571
2397,4,256,2,2,1,1,0,5,0,0.0003,798
2398,4,256,2,2,1,1,0,5,1,0.0002,710
2399,4,256,2,2,1,1,0,5,2,0.0002,710
2400,4,256,2,2,1,1,0,6,0,0.0003,829
2401,4,256,2,2,1,1,0,6,1,0.0002,807
2402,4,256,2,2,1,1,0,6,2,0.0002,807
2403,4,256,2,2,1,1,0,7,0,0.0004,984
2404,4,256,2,2,1,1,0,7,1,0.0002,928
2405,4,256,2,2,1,1,0,7,2,0.0002,928
2406,4,256,2,2,1,1,0,8,0,0.0003,930
2407,4,256,2,2,1,1,0,8,1,0.0002,857
2408,4,256,2,2,1,1,0,8,2,0.0002,857
2409,4,256,2,2,1,1,0,9,0,0.0004,1126
2410,4,256,2,2,1,1,0,9,1,0.0002,1128
2411,4,256,2,2,1,1,0,9,2,0.0002,1128
2412,4,256,2,2,1,1,0,10,0,0.0004,1249
2413,4,256,2,2,1,1,0,10,1,0.0002,1227
2414,4,256,2,2,1,1,0,10,2,0.0002,1227
2415,4,256,2,2,1,1,0,11,0,0.0004,1262
2416,4,256,2,2,1,1,0,11,1,0.0002,1335
2417,4,256,2,2,1,1,0,11,2,0.0002,1335
2418,4,256,2,2,1,1,0,12,0,0.0003,1311
2419,4,256,2,2,1,1,0,12,1,0.0002,1314
2420,4,256,2,2,1,1,0,12,2,0.0002,1314
2421,4,256,2,2,1,1,0,13,0,0.0004,1538
2422,4,256,2,2,1,1,0,13,1,0.0002,1497
2423,4,256,2,2,1,1,0,13,2,0.0002,1497
2424,4,256,2,2,1,1,0,14,0,0.0004,1517
2425,4,256,2,2,1,1,0,14,1,0.0002,1511
2426,4,256,2,2,1,1,0,14,2,0.0002,1511
2427,4,256,2,2,1,1,0,15,0,0.0004,1671
2428,4,256,2,2,1,1,0,15,1,0.0002,1621
2429,4,256,2,2,1,1,0,15,2,0.0002,1621
2430,4,256,2,4,1,1,0,1,0,0.0002,758
2431,4,256,2,4,1,1,0,1,1,0.0001,836
2432,4,256,2,4,1,1,0,1,2,0.0001,836
2433,4,256,2,4,1,1,0,2,0,0.0002,998
2434,4,256,2,4,1,1,0,2,1,0.0001,1074
2435,4,256,2,4,1,1,0,2,2,0.0001,1074
2436,4,256,2,4,1,1,0,3,0,0.0002,1229
2437,4,256,2,4,1,1,0,3,1,0.0001,1151
2438,4,256,2,4,1,1,0,3,2,0.0001,1151
2439,4,256,2,4,1,1,0,4,0,0.0002,1304
2440,4,256,2,4,1,1,0,4,1,0.0001,1201
2441,4,256,2,4,1,1,0,4,2,0.0001,1201
2442,4,256,2,4,1,1,0,5,0,0.0002,1627
2443,4,256,2,4,1,1,0,5,1,0.0001,1453
2444,4,256,2,4,1,1,0,5,2,0.0001,1453
2445,4,256,2,4,1,1,0,6,0,0.0002,1719
2446,4,256,2,4,1,1,0,6,1,0.0001,1638
2447,4,256,2,4,1,1,0,6,2,0.0001,1638
2448,4,256,2,4,1,1,0,7,0,0.0002,1886
2449,4,256,2,4,1,1,0,7,1,0.0001,1952
2450,4,256,2,4,1,1,0,7,2,0.0001,1952
2451,4,256,2,4,1,1,0,8,0,0.0002,2061
2452,4,256,2,4,1,1,0,8,1,0.0001,1681
2453,4,256,2,4,1,1,0,8,2,0.0001,1681
2454,4,256,2,4,1,1,0,9,0,0.0002,2106
2455,4,256,2,4,1,1,0,9,1,0.0001,2302
2456,4,256,2,4,1,1,0,9,2,0.0001,2302
2457,4,256,2,4,1,1,0,10,0,0.0002,2477
2458,4,256,2,4,1,1,0,10,1,0.0001,2370
2459,4,256,2,4,1,1,0,10,2,0.0001,2370
2460,4,256,2,4,1,1,0,11,0,0.0002,2561
2461,4,256,2,4,1,1,0,11,1,0.0001,2477
2462,4,256,2,4,1,1,0,11,2,0.0001,2477
2463,4,256,2,4,1,1,0,12,0,0.0002,2640
2464,4,256,2,4,1,1,0,12,1,0.0001,2588
2465,4,256,2,4,1,1,0,12,2,0.0001,2588
2466,4,256,2,4,1,1,0,13,0,0.0002,2807
2467,4,256,2,4,1,1,0,13,1,0.0001,3092
2468,4,256,2,4,1,1,0,13,2,0.0001,3092
2469,4,256,2,4,1,1,0,14,0,0.0002,2957
2470,4,256,2,4,1,1,0,14,1,0.0001,3071
2471,4,256,2,4,1,1,0,14,2,0.0001,3071
2472,4,256,2,4,1,1,0,15,0,0.0002,3199
2473,4,256,2,4,1,1,0,15,1,0.0001,3289
2474,4,256,2,4,1,1,0,15,2,0.0001,3289
2475,4,256,2,8,1,1,0,1,0,0.0001,1421
2476,4,256,2,8,1,1,0,1,1,0.0001,1630
2477,4,256,2,8,1,1,0,1,2,0.0001,1630
2478,4,256,2,8,1,1,0,2,0,0.0001,1921
2479,4,256,2,8,1,1,0,2,1,0.0001,1930
2480,4,256,2,8,1,1,0,2,2,0.0001,1930
2481,4,256,2,8,1,1,0,3,0,0.0001,2260
2482,4,256,2,8,1,1,0,3,1,0.0001,2235
2483,4,256,2,8,1,1,0,3,2,0.0001,2235
2484,4,256,2,8,1,1,0,4,0,0.0001,2648
2485,4,256,2,8,1,1,0,4,1,0.0001,2348
2486,4,256,2,8,1,1,0,4,2,0.0001,2348
2487,4,256,2,8,1,1,0,5,0,0.0001,3149
2488,4,256,2,8,1,1,0,5,1,0.0001,2735
2489,4,256,2,8,1,1,0,5,2,0.0001,2735
2490,4,256,2,8,1,1,0,6,0,0.0001,3262
2491,4,256,2,8,1,1,0,6,1,0.0001,3166
2492,4,256,2,8,1,1,0,6,2,0.0001,3166
2493,4,256,2,8,1,1,0,7,0,0.0001,3636
2494,4,256,2,8,1,1,0,7,1,0.0001,3477
2495,4,256,2,8,1,1,0,7,2,0.0001,3477
2496,4,256,2,8,1,1,0,8,0,0.0001,3770
2497,4,256,2,8,1,1,0,8,1,0.0001,3255
2498,4,256,2,8,1,1,0,8,2,0.0001,3255
2499,4,256,2,8,1,1,0,9,0,0.0001,4000
2500,4,256,2,8,1,1,0,9,1,0.0001,4175
2501,4,256,2,8,1,1,0,9,2,0.0001,4175
2502,4,256,2,8,1,1,0,10,0,0.0001,4355
2503,4,256,2,8,1,1,0,10,1,0.0001,4477
2504,4,256,2,8,1,1,0,10,2,0.0001,4477
2505,4,256,2,8,1,1,0,11,0,0.0001,4592
2506,4,256,2,8,1,1,0,11,1,0.0001,4604
2507,4,256,2,8,1,1,0,11,2,0.0001,4604
2508,4,256,2,8,1,1,0,12,0,0.0001,4658
2509,4,256,2,8,1,1,0,12,1,0.0001,4712
2510,4,256,2,8,1,1,0,12,2,0.0001,4712
2511,4,256,2,8,1,1,0,13,0,0.0001,5075
2512,4,256,2,8,1,1,0,13,1,0.0001,5415
2513,4,256,2,8,1,1,0,13,2,0.0001,5415
2514,4,256,2,8,1,1,0,14,0,0.0001,5604
2515,4,256,2,8,1,1,0,14,1,0.0001,5792
2516,4,256,2,8,1,1,0,14,2,0.0001,5792
2517,4,256,2,8,1,1,0,15,0,0.0001,5984
2518,4,256,2,8,1,1,0,15,1,0.0001,6230
2519,4,256,2,8,1,1,0,15,2,0.0001,6230
2520,4,256,4,1,1,1,0,1,0,0.0017,163
2521,4,256,4,1,1,1,0,1,1,0.0009,181
2522,4,256,4,1,1,1,0,1,2,0.0009,181
2523,4,256,4,1,1,1,0,2,0,0.0015,213
2524,4,256,4,1,1,1,0,2,1,0.0009,216
2525,4,256,4,1,1,1,0,2,2,0.0009,216
2526,4,256,4,1,1,1,0,3,0,0.0016,276
2528,4,256,4,1,1,1,0,3,2,0.0008,296
2529,4,256,4,1,1,1,0,4,0,0.0014,320
2533,4,256,4,1,1,1,0,5,1,0.0009,365
2534,4,256,4,1,1,1,0,5,2,0.0009,365
2535,4,256,4,1,1,1,0,6,0,0.0015,393
2537,4,256,4,1,1,1,0,6,2,0.0009,423
2538,4,256,4,1,1,1,0,7,0,0.0017,438
2539,4,256,4,1,1,1,0,7,1,0.0009,486
2541,4,256,4,1,1,1,0,8,0,0.0014,440
2542,4,256,4,1,1,1,0,8,1,0.0009,438
2543,4,256,4,1,1,1,0,8,2,0.0009,438
2544,4,256,4,1,1,1,0,9,0,0.0016,532
2545,4,256,4,1,1,1,0,9,1,0.0011,570
2546,4,256,4,1,1,1,0,9,2,0.0011,570
2547,4,256,4,1,1,1,0,10,0,0.0016,571
2548,4,256,4,1,1,1,0,10,1,0.0011,665
2549,4,256,4,1,1,1,0,10,2,0.0011,665
2550,4,256,4,1,1,1,0,11,0,0.0018,670
2551,4,256,4,1,1,1,0,11,1,0.0011,674
2552,4,256,4,1,1,1,0,11,2,0.0011,674
2555,4,256,4,1,1,1,0,12,2,0.0011,717
2556,4,256,4,1,1,1,0,13,0,0.0018,757
2557,4,256,4,1,1,1,0,13,1,0.0011,805
2558,4,256,4,1,1,1,0,13,2,0.0011,805
2559,4,256,4,1,1,1,0,14,0,0.0018,805
2560,4,256,4,1,1,1,0,14,1,0.0011,837
2561,4,256,4,1,1,1,0,14,2,0.0011,837
2563,4,256,4,1,1,1,0,15,1,0.0011,866
2564,4,256,4,1,1,1,0,15,2,0.0011,866
2565,4,256,4,2,1,1,0,1,0,0.0003,353
2566,4,256,4,2,1,1,0,1,1,0.0002,401
2567,4,256,4,2,1,1,0,1,2,0.0002,401
2568,4,256,4,2,1,1,0,2,0,0.0003,486
2569,4,256,4,2,1,1,0,2,1,0.0002,456
2570,4,256,4,2,1,1,0,2,2,0.0002,456
2571,4,256,4,2,1,1,0,3,0,0.0003,559
2572,4,256,4,2,1,1,0,3,1,0.0002,585
2573,4,256,4,2,1,1,0,3,2,0.0002,585
2574,4,256,4,2,1,1,0,4,0,0.0003,646
2575,4,256,4,2,1,1,0,4,1,0.0002,596
2576,4,256,4,2,1,1,0,4,2,0.0002,596
2577,4,256,4,2,1,1,0,5,0,0.0004,734
2578,4,256,4,2,1,1,0,5,1,0.0002,707
2579,4,256,4,2,1,1,0,5,2,0.0002,707
2580,4,256,4,2,1,1,0,6,0,0.0003,824
2581,4,256,4,2,1,1,0,6,1,0.0002,816
2582,4,256,4,2,1,1,0,6,2,0.0002,816
2583,4,256,4,2,1,1,0,7,0,0.0004,907
2584,4,256,4,2,1,1,0,7,1,0.0002,911
2585,4,256,4,2,1,1,0,7,2,0.0002,911
2586,4,256,4,2,1,1,0,8,0,0.0003,966
2587,4,256,4,2,1,1,0,8,1,0.0002,817
2588,4,256,4,2,1,1,0,8,2,0.0002,817
2589,4,256,4,2,1,1,0,9,0,0.0004,1139
2590,4,256,4,2,1,1,0,9,1,0.0002,1108
2591,4,256,4,2,1,1,0,9,2,0.0002,1108
2592,4,256,4,2,1,1,0,10,0,0.0004,1137
2593,4,256,4,2,1,1,0,10,1,0.0002,1201
2594,4,256,4,2,1,1,0,10,2,0.0002,1201
2595,4,256,4,2,1,1,0,11,0,0.0004,1275
2596,4,256,4,2,1,1,0,11,1,0.0002,1286
2597,4,256,4,2,1,1,0,11,2,0.0002,1286
2598,4,256,4,2,1,1,0,12,0,0.0004,1273
2599,4,256,4,2,1,1,0,12,1,0.0002,1334
2600,4,256,4,2,1,1,0,12,2,0.0002,1334
2601,4,256,4,2,1,1,0,13,0,0.0004,1491
2602,4,256,4,2,1,1,0,13,1,0.0002,1418
2603,4,256,4,2,1,1,0,13,2,0.0002,1418
2604,4,256,4,2,1,1,0,14,0,0.0004,1541
2605,4,256,4,2,1,1,0,14,1,0.0002,1507
2606,4,256,4,2,1,1,0,14,2,0.0002,1507
2607,4,256,4,2,1,1,0,15,0,0.0004,1668
2608,4,256,4,2,1,1,0,15,1,0.0002,1566
2609,4,256,4,2,1,1,0,15,2,0.0002,1566
2610,4,256,4,4,1,1,0,1,0,0.0002,796
2611,4,256,4,4,1,1,0,1,1,0.0001,881
2612,4,256,4,4,1,1,0,1,2,0.0001,881
2613,4,256,4,4,1,1,0,2,0,0.0002,996
2614,4,256,4,4,1,1,0,2,1,0.0001,1070
2615,4,256,4,4,1,1,0,2,2,0.0001,1070
2616,4,256,4,4,1,1,0,3,0,0.0002,1183
2617,4,256,4,4,1,1,0,3,1,0.0001,1145
2618,4,256,4,4,1,1,0,3,2,0.0001,1145
2619,4,256,4,4,1,1,0,4,0,0.0002,1285
2620,4,256,4,4,1,1,0,4,1,0.0001,1191
2621,4,256,4,4,1,1,0,4,2,0.0001,1191
2622,4,256,4,4,1,1,0,5,0,0.0002,1580
2623,4,256,4,4,1,1,0,5,1,0.0001,1422
2624,4,256,4,4,1,1,0,5,2,0.0001,1422
2625,4,256,4,4,1,1,0,6,0,0.0002,1674
2626,4,256,4,4,1,1,0,6,1,0.0001,1622
2627,4,256,4,4,1,1,0,6,2,0.0001,1622
2628,4,256,4,4,1,1,0,7,0,0.0002,1927
2629,4,256,4,4,1,1,0,7,1,0.0001,1871
2630,4,256,4,4,1,1,0,7,2,0.0001,1871
2631,4,256,4,4,1,1,0,8,0,0.0002,2369
2632,4,256,4,4,1,1,0,8,1,0.0001,1864
2633,4,256,4,4,1,1,0,8,2,0.0001,1864
2634,4,256,4,4,1,1,0,9,0,0.0002,2012
2635,4,256,4,4,1,1,0,9,1,0.0001,2212
2636,4,256,4,4,1,1,0,9,2,0.0001,2212
2637,4,256,4,4,1,1,0,10,0,0.0002,2268
2638,4,256,4,4,1,1,0,10,1,0.0001,2396
2639,4,256,4,4,1,1,0,10,2,0.0001,2396
2640,4,256,4,4,1,1,0,11,0,0.0002,2500
2641,4,256,4,4,1,1,0,11,1,0.0002,2551
2642,4,256,4,4,1,1,0,11,2,0.0002,2551
2643,4,256,4,4,1,1,0,12,0,0.0002,2650
2644,4,256,4,4,1,1,0,12,1,0.0001,2604
2645,4,256,4,4,1,1,0,12,2,0.0001,2604
2646,4,256,4,4,1,1,0,13,0,0.0002,2861
2647,4,256,4,4,1,1,0,13,1,0.0002,2958
2648,4,256,4,4,1,1,0,13,2,0.0002,2958
2649,4,256,4,4,1,1,0,14,0,0.0002,2954
2650,4,256,4,4,1,1,0,14,1,0.0001,2984
2651,4,256,4,4,1,1,0,14,2,0.0001,2984
2652,4,256,4,4,1,1,0,15,0,0.0002,3158
2653,4,256,4,4,1,1,0,15,1,0.0002,3199
2654,4,256,4,4,1,1,0,15,2,0.0002,3199
2655,4,256,4,8,1,1,0,1,0,0.0001,1457
2656,4,256,4,8,1,1,0,1,1,0.0001,1706
2657,4,256,4,8,1,1,0,1,2,0.0001,1706
2658,4,256,4,8,1,1,0,2,0,0.0001,1838
2659,4,256,4,8,1,1,0,2,1,0.0001,1935
2660,4,256,4,8,1,1,0,2,2,0.0001,1935
2661,4,256,4,8,1,1,0,3,0,0.0001,2364
2662,4,256,4,8,1,1,0,3,1,0.0001,2243
2663,4,256,4,8,1,1,0,3,2,0.0001,2243
2664,4,256,4,8,1,1,0,4,0,0.0001,2525
2665,4,256,4,8,1,1,0,4,1,0.0001,2385
2666,4,256,4,8,1,1,0,4,2,0.0001,2385
2667,4,256,4,8,1,1,0,5,0,0.0001,3081
2668,4,256,4,8,1,1,0,5,1,0.0001,2744
2669,4,256,4,8,1,1,0,5,2,0.0001,2744
2670,4,256,4,8,1,1,0,6,0,0.0001,3192
2671,4,256,4,8,1,1,0,6,1,0.0001,3135
2672,4,256,4,8,1,1,0,6,2,0.0001,3135
2673,4,256,4,8,1,1,0,7,0,0.0001,3705
2674,4,256,4,8,1,1,0,7,1,0.0001,3568
2675,4,256,4,8,1,1,0,7,2,0.0001,3568
2676,4,256,4,8,1,1,0,8,0,0.0001,3801
2677,4,256,4,8,1,1,0,8,1,0.0001,3334
2678,4,256,4,8,1,1,0,8,2,0.0001,3334
2679,4,256,4,8,1,1,0,9,0,0.0001,3863
2680,4,256,4,8,1,1,0,9,1,0.0001,3914
2681,4,256,4,8,1,1,0,9,2,0.0001,3914
2682,4,256,4,8,1,1,0,10,0,0.0001,4349
2683,4,256,4,8,1,1,0,10,1,0.0001,4338
2684,4,256,4,8,1,1,0,10,2,0.0001,4338
2685,4,256,4,8,1,1,0,11,0,0.0001,4602
2686,4,256,4,8,1,1,0,11,1,0.0001,4508
2687,4,256,4,8,1,1,0,11,2,0.0001,4508
2688,4,256,4,8,1,1,0,12,0,0.0001,4851
2689,4,256,4,8,1,1,0,12,1,0.0001,4671
2690,4,256,4,8,1,1,0,12,2,0.0001,4671
2691,4,256,4,8,1,1,0,13,0,0.0002,5146
2692,4,256,4,8,1,1,0,13,1,0.0001,5190
2693,4,256,4,8,1,1,0,13,2,0.0001,5190
2694,4,256,4,8,1,1,0,14,0,0.0002,5540
2695,4,256,4,8,1,1,0,14,1,0.0001,5710
2696,4,256,4,8,1,1,0,14,2,0.0001,5710
2697,4,256,4,8,1,1,0,15,0,0.0002,6437
2698,4,256,4,8,1,1,0,15,1,0.0001,6297
2699,4,256,4,8,1,1,0,15,2,0.0001,6297
2700,4,256,8,1,1,1,0,1,0,0.0016,172
2701,4,256,8,1,1,1,0,1,1,0.0009,183
2702,4,256,8,1,1,1,0,1,2,0.0009,183
2703,4,256,8,1,1,1,0,2,0,0.0014,225
2704,4,256,8,1,1,1,0,2,1,0.0009,216
2705,4,256,8,1,1,1,0,2,2,0.0009,216
2706,4,256,8,1,1,1,0,3,0,0.0016,275
2707,4,256,8,1,1,1,0,3,1,0.0009,293
2708,4,256,8,1,1,1,0,3,2,0.0009,293
2709,4,256,8,1,1,1,0,4,0,0.0014,306
2710,4,256,8,1,1,1,0,4,1,0.0009,298
2711,4,256,8,1,1,1,0,4,2,0.0009,298
2712,4,256,8,1,1,1,0,5,0,0.0016,380
2714,4,256,8,1,1,1,0,5,2,0.0009,368
2716,4,256,8,1,1,1,0,6,1,0.0009,414
2717,4,256,8,1,1,1,0,6,2,0.0009,414
2719,4,256,8,1,1,1,0,7,1,0.0009,468
2720,4,256,8,1,1,1,0,7,2,0.0009,468
2722,4,256,8,1,1,1,0,8,1,0.0010,445
2723,4,256,8,1,1,1,0,8,2,0.0010,445
2724,4,256,8,1,1,1,0,9,0,0.0017,550
2726,4,256,8,1,1,1,0,9,2,0.0010,586
2727,4,256,8,1,1,1,0,10,0,0.0016,555
2729,4,256,8,1,1,1,0,10,2,0.0010,632
2730,4,256,8,1,1,1,0,11,0,0.0017,680
2731,4,256,8,1,1,1,0,11,1,0.0011,709
2732,4,256,8,1,1,1,0,11,2,0.0011,709
2733,4,256,8,1,1,1,0,12,0,0.0017,631
2734,4,256,8,1,1,1,0,12,1,0.0011,709
2736,4,256,8,1,1,1,0,13,0,0.0017,789
2739,4,256,8,1,1,1,0,14,0,0.0018,792
2740,4,256,8,1,1,1,0,14,1,0.0011,817
2741,4,256,8,1,1,1,0,14,2,0.0011,817
2742,4,256,8,1,1,1,0,15,0,0.0019,845
2744,4,256,8,1,1,1,0,15,2,0.0012,866
2745,4,256,8,2,1,1,0,1,0,0.0003,350
2746,4,256,8,2,1,1,0,1,1,0.0002,418
2747,4,256,8,2,1,1,0,1,2,0.0002,418
2748,4,256,8,2,1,1,0,2,0,0.0003,496
2749,4,256,8,2,1,1,0,2,1,0.0002,461
2750,4,256,8,2,1,1,0,2,2,0.0002,461
2751,4,256,8,2,1,1,0,3,0,0.0004,563
2752,4,256,8,2,1,1,0,3,1,0.0002,575
2753,4,256,8,2,1,1,0,3,2,0.0002,575
2754,4,256,8,2,1,1,0,4,0,0.0003,602
2755,4,256,8,2,1,1,0,4,1,0.0002,571
2756,4,256,8,2,1,1,0,4,2,0.0002,571
2757,4,256,8,2,1,1,0,5,0,0.0004,817
2758,4,256,8,2,1,1,0,5,1,0.0002,696
2759,4,256,8,2,1,1,0,5,2,0.0002,696
2760,4,256,8,2,1,1,0,6,0,0.0004,856
2761,4,256,8,2,1,1,0,6,1,0.0002,780
2762,4,256,8,2,1,1,0,6,2,0.0002,780
2763,4,256,8,2,1,1,0,7,0,0.0004,908
2764,4,256,8,2,1,1,0,7,1,0.0002,963
2765,4,256,8,2,1,1,0,7,2,0.0002,963
2766,4,256,8,2,1,1,0,8,0,0.0003,962
2767,4,256,8,2,1,1,0,8,1,0.0002,902
2768,4,256,8,2,1,1,0,8,2,0.0002,902
2769,4,256,8,2,1,1,0,9,0,0.0004,1032
2770,4,256,8,2,1,1,0,9,1,0.0002,1152
2771,4,256,8,2,1,1,0,9,2,0.0002,1152
2772,4,256,8,2,1,1,0,10,0,0.0004,1245
2773,4,256,8,2,1,1,0,10,1,0.0002,1172
2774,4,256,8,2,1,1,0,10,2,0.0002,1172
2775,4,256,8,2,1,1,0,11,0,0.0004,1381
2776,4,256,8,2,1,1,0,11,1,0.0003,1343
2777,4,256,8,2,1,1,0,11,2,0.0003,1343
2778,4,256,8,2,1,1,0,12,0,0.0004,1448
2779,4,256,8,2,1,1,0,12,1,0.0002,1294
2780,4,256,8,2,1,1,0,12,2,0.0002,1294
2781,4,256,8,2,1,1,0,13,0,0.0004,1441
2782,4,256,8,2,1,1,0,13,1,0.0003,1453
2783,4,256,8,2,1,1,0,13,2,0.0003,1453
2784,4,256,8,2,1,1,0,14,0,0.0004,1514
2786,4,256,8,2,1,1,0,14,2,0.0002,1425
2787,4,256,8,2,1,1,0,15,0,0.0004,1649
2788,4,256,8,2,1,1,0,15,1,0.0002,1616
2789,4,256,8,2,1,1,0,15,2,0.0002,1616
2790,4,256,8,4,1,1,0,1,0,0.0002,776
2791,4,256,8,4,1,1,0,1,1,0.0001,894
2792,4,256,8,4,1,1,0,1,2,0.0001,894
2793,4,256,8,4,1,1,0,2,0,0.0002,1018
2794,4,256,8,4,1,1,0,2,1,0.0001,1040
2795,4,256,8,4,1,1,0,2,2,0.0001,1040
2796,4,256,8,4,1,1,0,3,0,0.0002,1229
2797,4,256,8,4,1,1,0,3,1,0.0001,1137
2798,4,256,8,4,1,1,0,3,2,0.0001,1137
2799,4,256,8,4,1,1,0,4,0,0.0002,1254
2800,4,256,8,4,1,1,0,4,1,0.0001,1181
2801,4,256,8,4,1,1,0,4,2,0.0001,1181
2802,4,256,8,4,1,1,0,5,0,0.0002,1623
2803,4,256,8,4,1,1,0,5,1,0.0002,1474
2804,4,256,8,4,1,1,0,5,2,0.0002,1474
2805,4,256,8,4,1,1,0,6,0,0.0002,1709
2806,4,256,8,4,1,1,0,6,1,0.0002,1755
2807,4,256,8,4,1,1,0,6,2,0.0002,1755
2808,4,256,8,4,1,1,0,7,0,0.0002,1958
2809,4,256,8,4,1,1,0,7,1,0.0002,1851
2810,4,256,8,4,1,1,0,7,2,0.0002,1851
2811,4,256,8,4,1,1,0,8,0,0.0002,2267
2812,4,256,8,4,1,1,0,8,1,0.0001,1691
2813,4,256,8,4,1,1,0,8,2,0.0001,1691
2814,4,256,8,4,1,1,0,9,0,0.0002,2170
2815,4,256,8,4,1,1,0,9,1,0.0002,2199
2816,4,256,8,4,1,1,0,9,2,0.0002,2199
2817,4,256,8,4,1,1,0,10,0,0.0002,2402
2818,4,256,8,4,1,1,0,10,1,0.0002,2275
2819,4,256,8,4,1,1,0,10,2,0.0002,2275
2820,4,256,8,4,1,1,0,11,0,0.0002,2496
2821,4,256,8,4,1,1,0,11,1,0.0002,2586
2822,4,256,8,4,1,1,0,11,2,0.0002,2586
2823,4,256,8,4,1,1,0,12,0,0.0002,2583
2824,4,256,8,4,1,1,0,12,1,0.0002,2595
2825,4,256,8,4,1,1,0,12,2,0.0002,2595
2826,4,256,8,4,1,1,0,13,0,0.0003,2832
2827,4,256,8,4,1,1,0,13,1,0.0002,2895
2828,4,256,8,4,1,1,0,13,2,0.0002,2895
2829,4,256,8,4,1,1,0,14,0,0.0003,2844
2830,4,256,8,4,1,1,0,14,1,0.0002,2933
2831,4,256,8,4,1,1,0,14,2,0.0002,2933
2832,4,256,8,4,1,1,0,15,0,0.0003,3053
2833,4,256,8,4,1,1,0,15,1,0.0002,3164
2834,4,256,8,4,1,1,0,15,2,0.0002,3164
2835,4,256,8,8,1,1,0,1,0,0.0001,1445
2836,4,256,8,8,1,1,0,1,1,0.0001,1698
2837,4,256,8,8,1,1,0,1,2,0.0001,1698
2838,4,256,8,8,1,1,0,2,0,0.0001,1949
2839,4,256,8,8,1,1,0,2,1,0.0001,1971
2840,4,256,8,8,1,1,0,2,2,0.0001,1971
2841,4,256,8,8,1,1,0,3,0,0.0001,2374
2842,4,256,8,8,1,1,0,3,1,0.0001,2186
2843,4,256,8,8,1,1,0,3,2,0.0001,2186
2844,4,256,8,8,1,1,0,4,0,0.0001,2348
2845,4,256,8,8,1,1,0,4,1,0.0001,2333
2846,4,256,8,8,1,1,0,4,2,0.0001,2333
2847,4,256,8,8,1,1,0,5,0,0.0001,2944
2848,4,256,8,8,1,1,0,5,1,0.0001,2794
2849,4,256,8,8,1,1,0,5,2,0.0001,2794
2850,4,256,8,8,1,1,0,6,0,0.0001,3139
2851,4,256,8,8,1,1,0,6,1,0.0001,3114
2852,4,256,8,8,1,1,0,6,2,0.0001,3114
2853,4,256,8,8,1,1,0,7,0,0.0002,3563
2854,4,256,8,8,1,1,0,7,1,0.0001,3404
2855,4,256,8,8,1,1,0,7,2,0.0001,3404
2856,4,256,8,8,1,1,0,8,0,0.0001,4245
2857,4,256,8,8,1,1,0,8,1,0.0001,3269
2858,4,256,8,8,1,1,0,8,2,0.0001,3269
2859,4,256,8,8,1,1,0,9,0,0.0002,3892
2860,4,256,8,8,1,1,0,9,1,0.0001,4110
2861,4,256,8,8,1,1,0,9,2,0.0001,4110
2862,4,256,8,8,1,1,0,10,0,0.0002,4251
2863,4,256,8,8,1,1,0,10,1,0.0001,4329
2864,4,256,8,8,1,1,0,10,2,0.0001,4329
2865,4,256,8,8,1,1,0,11,0,0.0002,4684
2866,4,256,8,8,1,1,0,11,1,0.0001,4800
2867,4,256,8,8,1,1,0,11,2,0.0001,4800
2868,4,256,8,8,1,1,0,12,0,0.0002,4362
2869,4,256,8,8,1,1,0,12,1,0.0001,4745
2870,4,256,8,8,1,1,0,12,2,0.0001,4745
2871,4,256,8,8,1,1,0,13,0,0.0002,5236
2872,4,256,8,8,1,1,0,13,1,0.0001,5221
2873,4,256,8,8,1,1,0,13,2,0.0001,5221
2874,4,256,8,8,1,1,0,14,0,0.0002,5387
2875,4,256,8,8,1,1,0,14,1,0.0001,5469
2876,4,256,8,8,1,1,0,14,2,0.0001,5469
2877,4,256,8,8,1,1,0,15,0,0.0002,5675
2878,4,256,8,8,1,1,0,15,1,0.0001,5626
2879,4,256,8,8,1,1,0,15,2,0.0001,5626
2880,5,256,1,1,1,1,0,1,0,0.0005,191
2881,5,256,1,1,1,1,0,1,1,0.0002,219
2882,5,256,1,1,1,1,0,1,2,0.0002,219
2883,5,256,1,1,1,1,0,2,0,0.0004,289
2884,5,256,1,1,1,1,0,2,1,0.0002,225
2885,5,256,1,1,1,1,0,2,2,0.0002,225
2886,5,256,1,1,1,1,0,3,0,0.0004,295
2887,5,256,1,1,1,1,0,3,1,0.0002,315
2888,5,256,1,1,1,1,0,3,2,0.0002,315
2889,5,256,1,1,1,1,0,4,0,0.0003,351
2890,5,256,1,1,1,1,0,4,1,0.0002,303
2891,5,256,1,1,1,1,0,4,2,0.0002,303
2892,5,256,1,1,1,1,0,5,0,0.0003,358
2893,5,256,1,1,1,1,0,5,1,0.0002,345
2894,5,256,1,1,1,1,0,5,2,0.0002,345
2895,5,256,1,1,1,1,0,6,0,0.0003,424
2896,5,256,1,1,1,1,0,6,1,0.0002,367
2898,5,256,1,1,1,1,0,7,0,0.0003,456
2899,5,256,1,1,1,1,0,7,1,0.0002,413
2900,5,256,1,1,1,1,0,7,2,0.0002,414
2901,5,256,1,1,1,1,0,8,0,0.0003,527
2902,5,256,1,1,1,1,0,8,1,0.0002,491
2903,5,256,1,1,1,1,0,8,2,0.0002,491
2905,5,256,1,1,1,1,0,9,1,0.0002,491
2906,5,256,1,1,1,1,0,9,2,0.0002,491
2907,5,256,1,1,1,1,0,10,0,0.0004,583
2908,5,256,1,1,1,1,0,10,1,0.0002,485
2909,5,256,1,1,1,1,0,10,2,0.0002,485
2911,5,256,1,1,1,1,0,11,1,0.0002,542
2912,5,256,1,1,1,1,0,11,2,0.0002,542
2913,5,256,1,1,1,1,0,12,0,0.0003,621
2914,5,256,1,1,1,1,0,12,1,0.0003,581
2915,5,256,1,1,1,1,0,12,2,0.0003,581
2916,5,256,1,1,1,1,0,13,0,0.0003,552
2917,5,256,1,1,1,1,0,13,1,0.0002,646
2918,5,256,1,1,1,1,0,13,2,0.0002,646
2919,5,256,1,1,1,1,0,14,0,0.0003,657
2920,5,256,1,1,1,1,0,14,1,0.0002,666
2921,5,256,1,1,1,1,0,14,2,0.0002,666
2923,5,256,1,1,1,1,0,15,1,0.0002,716
2924,5,256,1,1,1,1,0,15,2,0.0002,716
2925,6,256,1,1,1,1,0,1,0,0.0004,212
2926,6,256,1,1,1,1,0,1,1,0.0002,296
2927,6,256,1,1,1,1,0,1,2,0.0002,296
2928,6,256,1,1,1,1,0,2,0,0.0004,287
2930,6,256,1,1,1,1,0,2,2,0.0002,322
2931,6,256,1,1,1,1,0,3,0,0.0003,378
2932,6,256,1,1,1,1,0,3,1,0.0002,374
2933,6,256,1,1,1,1,0,3,2,0.0002,374
2934,6,256,1,1,1,1,0,4,0,0.0003,415
2935,6,256,1,1,1,1,0,4,1,0.0002,441
2936,6,256,1,1,1,1,0,4,2,0.0002,441
2937,6,256,1,1,1,1,0,5,0,0.0003,477
2938,6,256,1,1,1,1,0,5,1,0.0002,448
2939,6,256,1,1,1,1,0,5,2,0.0002,448
2940,6,256,1,1,1,1,0,6,0,0.0003,496
2941,6,256,1,1,1,1,0,6,1,0.0002,493
2942,6,256,1,1,1,1,0,6,2,0.0002,493
2943,6,256,1,1,1,1,0,7,0,0.0003,542
2944,6,256,1,1,1,1,0,7,1,0.0002,546
2945,6,256,1,1,1,1,0,7,2,0.0002,546
2946,6,256,1,1,1,1,0,8,0,0.0003,611
2947,6,256,1,1,1,1,0,8,1,0.0002,600
2948,6,256,1,1,1,1,0,8,2,0.0002,600
2949,6,256,1,1,1,1,0,9,0,0.0003,701
2950,6,256,1,1,1,1,0,9,1,0.0002,637
2951,6,256,1,1,1,1,0,9,2,0.0002,637
2952,6,256,1,1,1,1,0,10,0,0.0003,647
2953,6,256,1,1,1,1,0,10,1,0.0002,680
2954,6,256,1,1,1,1,0,10,2,0.0002,680
2956,6,256,1,1,1,1,0,11,1,0.0002,704
2957,6,256,1,1,1,1,0,11,2,0.0002,704
2958,6,256,1,1,1,1,0,12,0,0.0003,643
2959,6,256,1,1,1,1,0,12,1,0.0002,903
2961,6,256,1,1,1,1,0,13,0,0.0003,735
2963,6,256,1,1,1,1,0,13,2,0.0002,814
2964,6,256,1,1,1,1,0,14,0,0.0003,785
2965,6,256,1,1,1,1,0,14,1,0.0002,852
2966,6,256,1,1,1,1,0,14,2,0.0002,852
2967,6,256,1,1,1,1,0,15,0,0.0003,838
2968,6,256,1,1,1,1,0,15,1,0.0002,883
2969,6,256,1,1,1,1,0,15,2,0.0002,883
2970,7,256,1,1,1,1,0,1,0,0.0004,260
2971,7,256,1,1,1,1,0,1,1,0.0002,304
2972,7,256,1,1,1,1,0,1,2,0.0002,304
2973,7,256,1,1,1,1,0,2,0,0.0003,339
2974,7,256,1,1,1,1,0,2,1,0.0002,378
2975,7,256,1,1,1,1,0,2,2,0.0002,378
2976,7,256,1,1,1,1,0,3,0,0.0002,407
2977,7,256,1,1,1,1,0,3,1,0.0002,360
2978,7,256,1,1,1,1,0,3,2,0.0002,360
2979,7,256,1,1,1,1,0,4,0,0.0003,508
2980,7,256,1,1,1,1,0,4,1,0.0001,441
2981,7,256,1,1,1,1,0,4,2,0.0001,441
2982,7,256,1,1,1,1,0,5,0,0.0002,535
2983,7,256,1,1,1,1,0,5,1,0.0002,460
2984,7,256,1,1,1,1,0,5,2,0.0002,460
2985,7,256,1,1,1,1,0,6,0,0.0003,565
2986,7,256,1,1,1,1,0,6,1,0.0002,483
2987,7,256,1,1,1,1,0,6,2,0.0002,483
2988,7,256,1,1,1,1,0,7,0,0.0002,606
2989,7,256,1,1,1,1,0,7,1,0.0002,584
2990,7,256,1,1,1,1,0,7,2,0.0002,584
2991,7,256,1,1,1,1,0,8,0,0.0003,738
2992,7,256,1,1,1,1,0,8,1,0.0002,653
2993,7,256,1,1,1,1,0,8,2,0.0002,653
2995,7,256,1,1,1,1,0,9,1,0.0002,667
2996,7,256,1,1,1,1,0,9,2,0.0002,667
2997,7,256,1,1,1,1,0,10,0,0.0003,787
2998,7,256,1,1,1,1,0,10,1,0.0002,683
2999,7,256,1,1,1,1,0,10,2,0.0002,683
3001,7,256,1,1,1,1,0,11,1,0.0002,814
3002,7,256,1,1,1,1,0,11,2,0.0002,814
3003,7,256,1,1,1,1,0,12,0,0.0003,792
3004,7,256,1,1,1,1,0,12,1,0.0002,774
3005,7,256,1,1,1,1,0,12,2,0.0002,774
3006,7,256,1,1,1,1,0,13,0,0.0002,736
3007,7,256,1,1,1,1,0,13,1,0.0002,875
3008,7,256,1,1,1,1,0,13,2,0.0002,875
3009,7,256,1,1,1,1,0,14,0,0.0002,851
3010,7,256,1,1,1,1,0,14,1,0.0002,876
3011,7,256,1,1,1,1,0,14,2,0.0002,876
3012,7,256,1,1,1,1,0,15,0,0.0002,861
3013,7,256,1,1,1,1,0,15,1,0.0002,961
3014,7,256,1,1,1,1,0,15,2,0.0002,961
3015,8,256,1,1,1,1,0,1,0,0.0002,224
3016,8,256,1,1,1,1,0,1,1,0.0001,225
3017,8,256,1,1,1,1,0,1,2,0.0001,225
3018,8,256,1,1,1,1,0,2,0,0.0002,300
3019,8,256,1,1,1,1,0,2,1,0.0001,296
3020,8,256,1,1,1,1,0,2,2,0.0001,296
3021,8,256,1,1,1,1,0,3,0,0.0002,461
3022,8,256,1,1,1,1,0,3,1,0.0001,412
3023,8,256,1,1,1,1,0,3,2,0.0001,412
3024,8,256,1,1,1,1,0,4,0,0.0002,361
3025,8,256,1,1,1,1,0,4,1,0.0001,386
3026,8,256,1,1,1,1,0,4,2,0.0001,386
3027,8,256,1,1,1,1,0,5,0,0.0002,670
3028,8,256,1,1,1,1,0,5,1,0.0001,641
3029,8,256,1,1,1,1,0,5,2,0.0001,641
3030,8,256,1,1,1,1,0,6,0,0.0002,682
3031,8,256,1,1,1,1,0,6,1,0.0001,640
3032,8,256,1,1,1,1,0,6,2,0.0001,640
3033,8,256,1,1,1,1,0,7,0,0.0002,868
3034,8,256,1,1,1,1,0,7,1,0.0001,808
3035,8,256,1,1,1,1,0,7,2,0.0001,808
3038,8,256,1,1,1,1,0,8,2,0.0001,528
3039,8,256,1,1,1,1,0,9,0,0.0002,1005
3040,8,256,1,1,1,1,0,9,1,0.0001,931
3041,8,256,1,1,1,1,0,9,2,0.0001,931
3042,8,256,1,1,1,1,0,10,0,0.0002,1077
3043,8,256,1,1,1,1,0,10,1,0.0001,1009
3044,8,256,1,1,1,1,0,10,2,0.0001,1009
3045,8,256,1,1,1,1,0,11,0,0.0002,1106
3046,8,256,1,1,1,1,0,11,1,0.0002,1195
3047,8,256,1,1,1,1,0,11,2,0.0002,1195
3048,8,256,1,1,1,1,0,12,0,0.0002,1069
3049,8,256,1,1,1,1,0,12,1,0.0001,1215
3050,8,256,1,1,1,1,0,12,2,0.0001,1215
3052,8,256,1,1,1,1,0,13,1,0.0001,1475
3053,8,256,1,1,1,1,0,13,2,0.0001,1475
3054,8,256,1,1,1,1,0,14,0,0.0002,1230
3055,8,256,1,1,1,1,0,14,1,0.0002,1407
3056,8,256,1,1,1,1,0,14,2,0.0002,1407
3057,8,256,1,1,1,1,0,15,0,0.0002,1374
3058,8,256,1,1,1,1,0,15,1,0.0001,1575
3059,8,256,1,1,1,1,0,15,2,0.0001,1575
3060,9,256,1,1,1,1,0,1,0,0.0003,336
3061,9,256,1,1,1,1,0,1,1,0.0001,407
3062,9,256,1,1,1,1,0,1,2,0.0001,407
3063,9,256,1,1,1,1,0,2,0,0.0002,511
3064,9,256,1,1,1,1,0,2,1,0.0001,447
3065,9,256,1,1,1,1,0,2,2,0.0001,447
3066,9,256,1,1,1,1,0,3,0,0.0003,529
3067,9,256,1,1,1,1,0,3,1,0.0001,597
3068,9,256,1,1,1,1,0,3,2,0.0001,597
3069,9,256,1,1,1,1,0,4,0,0.0002,617
3070,9,256,1,1,1,1,0,4,1,0.0001,624
3071,9,256,1,1,1,1,0,4,2,0.0001,624
3072,9,256,1,1,1,1,0,5,0,0.0002,621
3073,9,256,1,1,1,1,0,5,1,0.0001,630
3074,9,256,1,1,1,1,0,5,2,0.0001,630
3075,9,256,1,1,1,1,0,6,0,0.0002,751
3076,9,256,1,1,1,1,0,6,1,0.0001,654
3077,9,256,1,1,1,1,0,6,2,0.0001,654
3078,9,256,1,1,1,1,0,7,0,0.0002,767
3079,9,256,1,1,1,1,0,7,1,0.0001,772
3080,9,256,1,1,1,1,0,7,2,0.0001,772
3081,9,256,1,1,1,1,0,8,0,0.0002,853
3082,9,256,1,1,1,1,0,8,1,0.0001,820
3083,9,256,1,1,1,1,0,8,2,0.0001,820
3084,9,256,1,1,1,1,0,9,0,0.0002,1190
3085,9,256,1,1,1,1,0,9,1,0.0001,1405
3086,9,256,1,1,1,1,0,9,2,0.0001,1405
3088,9,256,1,1,1,1,0,10,1,0.0001,1102
3089,9,256,1,1,1,1,0,10,2,0.0001,1102
3090,9,256,1,1,1,1,0,11,0,0.0002,733
3091,9,256,1,1,1,1,0,11,1,0.0001,981
3092,9,256,1,1,1,1,0,11,2,0.0001,981
3093,9,256,1,1,1,1,0,12,0,0.0002,929
3094,9,256,1,1,1,1,0,12,1,0.0001,1030
3095,9,256,1,1,1,1,0,12,2,0.0001,1030
3096,9,256,1,1,1,1,0,13,0,0.0002,906
3097,9,256,1,1,1,1,0,13,1,0.0001,1089
3098,9,256,1,1,1,1,0,13,2,0.0001,1089
3099,9,256,1,1,1,1,0,14,0,0.0002,1009
3101,9,256,1,1,1,1,0,14,2,0.0001,1056
3102,9,256,1,1,1,1,0,15,0,0.0002,1021
3103,9,256,1,1,1,1,0,15,1,0.0001,1252
3104,9,256,1,1,1,1,0,15,2,0.0001,1252
3105,10,256,1,1,1,1,0,1,0,0.0003,334
3106,10,256,1,1,1,1,0,1,1,0.0001,424
3107,10,256,1,1,1,1,0,1,2,0.0001,424
3108,10,256,1,1,1,1,0,2,0,0.0002,532
3109,10,256,1,1,1,1,0,2,1,0.0001,510
3110,10,256,1,1,1,1,0,2,2,0.0001,510
3111,10,256,1,1,1,1,0,3,0,0.0002,644
3112,10,256,1,1,1,1,0,3,1,0.0001,511
3113,10,256,1,1,1,1,0,3,2,0.0001,511
3114,10,256,1,1,1,1,0,4,0,0.0002,639
3115,10,256,1,1,1,1,0,4,1,0.0001,655
3116,10,256,1,1,1,1,0,4,2,0.0001,655
3117,10,256,1,1,1,1,0,5,0,0.0002,751
3118,10,256,1,1,1,1,0,5,1,0.0001,713
3119,10,256,1,1,1,1,0,5,2,0.0001,713
3120,10,256,1,1,1,1,0,6,0,0.0002,784
3121,10,256,1,1,1,1,0,6,1,0.0001,712
3122,10,256,1,1,1,1,0,6,2,0.0001,712
3123,10,256,1,1,1,1,0,7,0,0.0002,826
3124,10,256,1,1,1,1,0,7,1,0.0001,787
3125,10,256,1,1,1,1,0,7,2,0.0001,787
3126,10,256,1,1,1,1,0,8,0,0.0002,953
3127,10,256,1,1,1,1,0,8,1,0.0001,997
3128,10,256,1,1,1,1,0,8,2,0.0001,997
3129,10,256,1,1,1,1,0,9,0,0.0002,893
3130,10,256,1,1,1,1,0,9,1,0.0001,914
3131,10,256,1,1,1,1,0,9,2,0.0001,914
3132,10,256,1,1,1,1,0,10,0,0.0002,1038
3133,10,256,1,1,1,1,0,10,1,0.0001,1134
3134,10,256,1,1,1,1,0,10,2,0.0001,1134
3135,10,256,1,1,1,1,0,11,0,0.0002,1074
3136,10,256,1,1,1,1,0,11,1,0.0001,1020
3137,10,256,1,1,1,1,0,11,2,0.0001,1020
3139,10,256,1,1,1,1,0,12,1,0.0001,1149
3140,10,256,1,1,1,1,0,12,2,0.0001,1149
3141,10,256,1,1,1,1,0,13,0,0.0002,980
3143,10,256,1,1,1,1,0,13,2,0.0001,1215
3144,10,256,1,1,1,1,0,14,0,0.0002,1170
3145,10,256,1,1,1,1,0,14,1,0.0001,1267
3146,10,256,1,1,1,1,0,14,2,0.0001,1267
3147,10,256,1,1,1,1,0,15,0,0.0002,1127
3148,10,256,1,1,1,1,0,15,1,0.0001,1288
3150,11,256,1,1,1,1,0,1,0,0.0003,432
3151,11,256,1,1,1,1,0,1,1,0.0001,533
3152,11,256,1,1,1,1,0,1,2,0.0001,533
3153,11,256,1,1,1,1,0,2,0,0.0002,616
3154,11,256,1,1,1,1,0,2,1,0.0001,529
3155,11,256,1,1,1,1,0,2,2,0.0001,529
3156,11,256,1,1,1,1,0,3,0,0.0001,614
3157,11,256,1,1,1,1,0,3,1,0.0001,650
3158,11,256,1,1,1,1,0,3,2,0.0001,650
3159,11,256,1,1,1,1,0,4,0,0.0002,778
3160,11,256,1,1,1,1,0,4,1,0.0001,743
3161,11,256,1,1,1,1,0,4,2,0.0001,743
3162,11,256,1,1,1,1,0,5,0,0.0001,736
3163,11,256,1,1,1,1,0,5,1,0.0001,841
3164,11,256,1,1,1,1,0,5,2,0.0001,841
3165,11,256,1,1,1,1,0,6,0,0.0002,911
3167,11,256,1,1,1,1,0,6,2,0.0001,887
3168,11,256,1,1,1,1,0,7,0,0.0002,1196
3169,11,256,1,1,1,1,0,7,1,0.0001,1332
3170,11,256,1,1,1,1,0,7,2,0.0001,1332
3171,11,256,1,1,1,1,0,8,0,0.0002,941
3172,11,256,1,1,1,1,0,8,1,0.0001,1100
3173,11,256,1,1,1,1,0,8,2,0.0001,1100
3174,11,256,1,1,1,1,0,9,0,0.0002,970
3175,11,256,1,1,1,1,0,9,1,0.0001,1128
3176,11,256,1,1,1,1,0,9,2,0.0001,1128
3177,11,256,1,1,1,1,0,10,0,0.0002,1196
3178,11,256,1,1,1,1,0,10,1,0.0001,1187
3179,11,256,1,1,1,1,0,10,2,0.0001,1187
3180,11,256,1,1,1,1,0,11,0,0.0002,983
3181,11,256,1,1,1,1,0,11,1,0.0001,1157
3182,11,256,1,1,1,1,0,11,2,0.0001,1157
3183,11,256,1,1,1,1,0,12,0,0.0002,1055
3184,11,256,1,1,1,1,0,12,1,0.0001,1198
3185,11,256,1,1,1,1,0,12,2,0.0001,1198
3186,11,256,1,1,1,1,0,13,0,0.0002,1168
3187,11,256,1,1,1,1,0,13,1,0.0001,1270
3188,11,256,1,1,1,1,0,13,2,0.0001,1270
3189,11,256,1,1,1,1,0,14,0,0.0002,1226
3190,11,256,1,1,1,1,0,14,1,0.0001,1352
3191,11,256,1,1,1,1,0,14,2,0.0001,1352
3192,11,256,1,1,1,1,0,15,0,0.0002,1211
3193,11,256,1,1,1,1,0,15,1,0.0001,1291
3194,11,256,1,1,1,1,0,15,2,0.0001,1291
3195,12,256,1,1,1,1,0,1,0,0.0002,393
3196,12,256,1,1,1,1,0,1,1,0.0001,420
3197,12,256,1,1,1,1,0,1,2,0.0001,420
3198,12,256,1,1,1,1,0,2,0,0.0002,586
3199,12,256,1,1,1,1,0,2,1,0.0001,512
3200,12,256,1,1,1,1,0,2,2,0.0001,512
3201,12,256,1,1,1,1,0,3,0,0.0002,673
3202,12,256,1,1,1,1,0,3,1,0.0001,605
3203,12,256,1,1,1,1,0,3,2,0.0001,605
3204,12,256,1,1,1,1,0,4,0,0.0002,813
3205,12,256,1,1,1,1,0,4,1,0.0001,679
3206,12,256,1,1,1,1,0,4,2,0.0001,679
3208,12,256,1,1,1,1,0,5,1,0.0001,781
3209,12,256,1,1,1,1,0,5,2,0.0001,781
3210,12,256,1,1,1,1,0,6,0,0.0002,794
3211,12,256,1,1,1,1,0,6,1,0.0001,781
3212,12,256,1,1,1,1,0,6,2,0.0001,781
3213,12,256,1,1,1,1,0,7,0,0.0002,941
3214,12,256,1,1,1,1,0,7,1,0.0001,861
3215,12,256,1,1,1,1,0,7,2,0.0001,861
3216,12,256,1,1,1,1,0,8,0,0.0002,1024
3217,12,256,1,1,1,1,0,8,1,0.0001,981
3218,12,256,1,1,1,1,0,8,2,0.0001,981
3219,12,256,1,1,1,1,0,9,0,0.0002,1035
3220,12,256,1,1,1,1,0,9,1,0.0001,981
3221,12,256,1,1,1,1,0,9,2,0.0001,981
3222,12,256,1,1,1,1,0,10,0,0.0002,1128
3223,12,256,1,1,1,1,0,10,1,0.0001,1126
3224,12,256,1,1,1,1,0,10,2,0.0001,1126
3225,12,256,1,1,1,1,0,11,0,0.0002,997
3226,12,256,1,1,1,1,0,11,1,0.0001,1158
3227,12,256,1,1,1,1,0,11,2,0.0001,1158
3228,12,256,1,1,1,1,0,12,0,0.0002,1207
3229,12,256,1,1,1,1,0,12,1,0.0001,1484
3230,12,256,1,1,1,1,0,12,2,0.0001,1484
3231,12,256,1,1,1,1,0,13,0,0.0002,1150
3233,12,256,1,1,1,1,0,13,2,0.0001,1314
3234,12,256,1,1,1,1,0,14,0,0.0002,1198
3235,12,256,1,1,1,1,0,14,1,0.0001,1304
3236,12,256,1,1,1,1,0,14,2,0.0001,1304
3237,12,256,1,1,1,1,0,15,0,0.0002,1253
3238,12,256,1,1,1,1,0,15,1,0.0001,1453
3239,12,256,1,1,1,1,0,15,2,0.0001,1453
3240,13,256,1,1,1,1,0,1,0,0.0002,460
3241,13,256,1,1,1,1,0,1,1,0.0001,425
3242,13,256,1,1,1,1,0,1,2,0.0001,425
3243,13,256,1,1,1,1,0,2,0,0.0002,694
3244,13,256,1,1,1,1,0,2,1,0.0001,517
3245,13,256,1,1,1,1,0,2,2,0.0001,517
3246,13,256,1,1,1,1,0,3,0,0.0001,675
3247,13,256,1,1,1,1,0,3,1,0.0001,620
3248,13,256,1,1,1,1,0,3,2,0.0001,620
3249,13,256,1,1,1,1,0,4,0,0.0002,886
3250,13,256,1,1,1,1,0,4,1,0.0001,722
3251,13,256,1,1,1,1,0,4,2,0.0001,722
3252,13,256,1,1,1,1,0,5,0,0.0001,846
3253,13,256,1,1,1,1,0,5,1,0.0001,756
3254,13,256,1,1,1,1,0,5,2,0.0001,756
3255,13,256,1,1,1,1,0,6,0,0.0002,992
3256,13,256,1,1,1,1,0,6,1,0.0001,876
3257,13,256,1,1,1,1,0,6,2,0.0001,876
3259,13,256,1,1,1,1,0,7,1,0.0001,1088
3260,13,256,1,1,1,1,0,7,2,0.0001,1088
3261,13,256,1,1,1,1,0,8,0,0.0002,1052
3262,13,256,1,1,1,1,0,8,1,0.0001,1055
3263,13,256,1,1,1,1,0,8,2,0.0001,1055
3264,13,256,1,1,1,1,0,9,0,0.0001,1098
3265,13,256,1,1,1,1,0,9,1,0.0001,1253
3266,13,256,1,1,1,1,0,9,2,0.0001,1253
3267,13,256,1,1,1,1,0,10,0,0.0001,1205
3268,13,256,1,1,1,1,0,10,1,0.0001,1182
3269,13,256,1,1,1,1,0,10,2,0.0001,1182
3270,13,256,1,1,1,1,0,11,0,0.0001,1188
3271,13,256,1,1,1,1,0,11,1,0.0001,1204
3272,13,256,1,1,1,1,0,11,2,0.0001,1204
3273,13,256,1,1,1,1,0,12,0,0.0001,1133
3274,13,256,1,1,1,1,0,12,1,0.0001,1368
3275,13,256,1,1,1,1,0,12,2,0.0001,1368
3276,13,256,1,1,1,1,0,13,0,0.0001,1114
3277,13,256,1,1,1,1,0,13,1,0.0001,1327
3278,13,256,1,1,1,1,0,13,2,0.0001,1327
3279,13,256,1,1,1,1,0,14,0,0.0001,1370
3280,13,256,1,1,1,1,0,14,1,0.0001,1412
3282,13,256,1,1,1,1,0,15,0,0.0001,1326
3283,13,256,1,1,1,1,0,15,1,0.0001,1505
3284,13,256,1,1,1,1,0,15,2,0.0001,1505
3285,14,256,1,1,1,1,0,1,0,0.0002,430
3286,14,256,1,1,1,1,0,1,1,0.0001,458
3287,14,256,1,1,1,1,0,1,2,0.0001,458
3288,14,256,1,1,1,1,0,2,0,0.0002,701
3289,14,256,1,1,1,1,0,2,1,0.0001,545
3290,14,256,1,1,1,1,0,2,2,0.0001,545
3291,14,256,1,1,1,1,0,3,0,0.0002,777
3292,14,256,1,1,1,1,0,3,1,0.0001,625
3293,14,256,1,1,1,1,0,3,2,0.0001,625
3294,14,256,1,1,1,1,0,4,0,0.0001,874
3295,14,256,1,1,1,1,0,4,1,0.0001,782
3296,14,256,1,1,1,1,0,4,2,0.0001,782
3297,14,256,1,1,1,1,0,5,0,0.0001,909
3298,14,256,1,1,1,1,0,5,1,0.0001,795
3299,14,256,1,1,1,1,0,5,2,0.0001,795
3300,14,256,1,1,1,1,0,6,0,0.0001,1038
3302,14,256,1,1,1,1,0,6,2,0.0001,871
3303,14,256,1,1,1,1,0,7,0,0.0001,1108
3304,14,256,1,1,1,1,0,7,1,0.0001,1073
3305,14,256,1,1,1,1,0,7,2,0.0001,1073
3306,14,256,1,1,1,1,0,8,0,0.0002,1238
3307,14,256,1,1,1,1,0,8,1,0.0001,1257
3308,14,256,1,1,1,1,0,8,2,0.0001,1257
3309,14,256,1,1,1,1,0,9,0,0.0001,1308
3310,14,256,1,1,1,1,0,9,1,0.0001,1133
3311,14,256,1,1,1,1,0,9,2,0.0001,1133
3312,14,256,1,1,1,1,0,10,0,0.0001,1325
3313,14,256,1,1,1,1,0,10,1,0.0001,1212
3314,14,256,1,1,1,1,0,10,2,0.0001,1212
3315,14,256,1,1,1,1,0,11,0,0.0001,1467
3316,14,256,1,1,1,1,0,11,1,0.0001,1291
3317,14,256,1,1,1,1,0,11,2,0.0001,1291
3318,14,256,1,1,1,1,0,12,0,0.0001,1221
3319,14,256,1,1,1,1,0,12,1,0.0001,1421
3320,14,256,1,1,1,1,0,12,2,0.0001,1421
3321,14,256,1,1,1,1,0,13,0,0.0001,1343
3322,14,256,1,1,1,1,0,13,1,0.0001,1427
3323,14,256,1,1,1,1,0,13,2,0.0001,1427
3324,14,256,1,1,1,1,0,14,0,0.0001,1479
3325,14,256,1,1,1,1,0,14,1,0.0001,1543
3326,14,256,1,1,1,1,0,14,2,0.0001,1543
3327,14,256,1,1,1,1,0,15,0,0.0001,1370
3328,14,256,1,1,1,1,0,15,1,0.0001,1553
3329,14,256,1,1,1,1,0,15,2,0.0001,1553
3330,15,256,1,1,1,1,0,1,0,0.0002,481
3331,15,256,1,1,1,1,0,1,1,0.0001,474
3332,15,256,1,1,1,1,0,1,2,0.0001,474
3333,15,256,1,1,1,1,0,2,0,0.0002,775
3334,15,256,1,1,1,1,0,2,1,0.0001,556
3335,15,256,1,1,1,1,0,2,2,0.0001,556
3336,15,256,1,1,1,1,0,3,0,0.0001,742
3337,15,256,1,1,1,1,0,3,1,0.0001,630
3338,15,256,1,1,1,1,0,3,2,0.0001,630
3339,15,256,1,1,1,1,0,4,0,0.0001,916
3340,15,256,1,1,1,1,0,4,1,0.0001,691
3341,15,256,1,1,1,1,0,4,2,0.0001,691
3342,15,256,1,1,1,1,0,5,0,0.0001,942
3343,15,256,1,1,1,1,0,5,1,0.0001,944
3344,15,256,1,1,1,1,0,5,2,0.0001,944
3345,15,256,1,1,1,1,0,6,0,0.0001,1208
3346,15,256,1,1,1,1,0,6,1,0.0001,928
3347,15,256,1,1,1,1,0,6,2,0.0001,928
3348,15,256,1,1,1,1,0,7,0,0.0001,1103
3349,15,256,1,1,1,1,0,7,1,0.0001,1018
3350,15,256,1,1,1,1,0,7,2,0.0001,1018
3351,15,256,1,1,1,1,0,8,0,0.0001,1249
3352,15,256,1,1,1,1,0,8,1,0.0001,1042
3353,15,256,1,1,1,1,0,8,2,0.0001,1042
3354,15,256,1,1,1,1,0,9,0,0.0001,1224
3355,15,256,1,1,1,1,0,9,1,0.0001,1202
3356,15,256,1,1,1,1,0,9,2,0.0001,1202
3357,15,256,1,1,1,1,0,10,0,0.0001,1329
3358,15,256,1,1,1,1,0,10,1,0.0001,1298
3359,15,256,1,1,1,1,0,10,2,0.0001,1298
3360,15,256,1,1,1,1,0,11,0,0.0001,1307
3361,15,256,1,1,1,1,0,11,1,0.0001,1334
3362,15,256,1,1,1,1,0,11,2,0.0001,1334
3363,15,256,1,1,1,1,0,12,0,0.0001,1337
3364,15,256,1,1,1,1,0,12,1,0.0001,1424
3365,15,256,1,1,1,1,0,12,2,0.0001,1424
3367,15,256,1,1,1,1,0,13,1,0.0001,1381
3368,15,256,1,1,1,1,0,13,2,0.0001,1381
3369,15,256,1,1,1,1,0,14,0,0.0001,1525
3370,15,256,1,1,1,1,0,14,1,0.0001,1584
3371,15,256,1,1,1,1,0,14,2,0.0001,1584
3373,15,256,1,1,1,1,0,15,1,0.0001,1808
3374,15,256,1,1,1,1,0,15,2,0.0001,1808
