n,knob_dimx_part_factor,knob_dimy_part_factor,knob_unroll_factor,knob_subdim_y,obj1,obj2,lut,ff,dsp,bram
0000,1,1,1,1,0.387,66,320,256,3,1
0001,1,1,1,2,0.080,168,862,651,8,0
0002,1,1,1,4,0.041,175,855,638,8,0
0003,1,1,1,8,0.026,169,855,636,8,0
0004,1,1,1,16,0.020,167,851,640,8,0
0005,1,1,1,32,0.017,179,837,634,8,0
0006,1,1,2,1,0.397,141,679,445,5,1
0007,1,1,2,2,0.074,246,1226,677,16,0
0008,1,1,2,4,0.046,234,1174,643,16,0
0009,1,1,2,8,0.028,243,1257,639,16,0
0010,1,1,2,16,0.021,236,1141,635,16,0
0011,1,1,2,32,0.017,230,1126,631,16,0
0012,1,1,3,1,0.401,230,1249,719,7,1
0013,1,1,3,2,0.073,427,2129,1061,24,0
0014,1,1,3,4,0.045,396,2001,1009,24,0
0015,1,1,3,8,0.031,409,1980,1004,24,0
0016,1,1,3,16,0.022,391,2009,998,24,0
0017,1,1,3,32,0.017,388,1910,991,24,0
0018,1,1,4,1,0.441,310,1698,910,9,1
0019,1,1,4,2,0.088,559,2717,1363,32,0
0020,1,1,4,4,0.047,517,2572,1293,32,0
0021,1,1,4,8,0.029,517,2539,1284,32,0
0022,1,1,4,16,0.024,494,2326,1276,32,0
0023,1,1,4,32,0.018,527,2466,1268,32,0
0024,1,1,5,1,0.424,418,2125,1101,11,1
0025,1,1,5,2,0.091,875,4542,2620,40,0
0026,1,1,5,4,0.050,832,4406,2535,40,0
0027,1,1,5,8,0.031,621,2987,1565,40,0
0028,1,1,5,16,0.022,625,2976,1555,40,0
0029,1,1,5,32,0.018,603,2905,1545,40,0
0030,1,1,6,1,0.439,450,2436,1292,13,1
0031,1,1,6,2,0.099,1134,5371,3112,48,0
0032,1,1,6,4,0.048,1016,5222,3010,48,0
0033,1,1,6,8,0.034,1056,5211,2998,48,0
0034,1,1,6,16,0.022,732,3521,1834,48,0
0035,1,1,6,32,0.019,731,3454,1822,48,0
0036,1,1,7,1,0.438,515,2373,1350,15,1
0037,1,1,7,2,0.084,1200,5962,3471,56,0
0038,1,1,7,4,0.053,1151,5771,3352,56,0
0039,1,1,7,8,0.031,1167,5784,3378,56,0
0040,1,1,7,16,0.025,1141,5706,3324,56,0
0041,1,1,7,32,0.020,886,3660,1966,56,0
0042,1,1,8,1,0.446,598,3229,1667,17,1
0043,1,1,8,2,0.091,1426,7209,4099,64,0
0044,1,1,8,4,0.051,1362,7143,4027,64,0
0045,1,1,8,8,0.034,1406,7115,3971,64,0
0046,1,1,8,16,0.023,1359,6871,3947,64,0
0047,1,1,8,32,0.018,1364,6933,3947,64,0
0048,1,2,1,1,0.385,107,414,416,3,1
0049,1,2,1,2,0.225,242,1143,1008,8,0
0050,1,2,1,4,0.133,253,1108,995,8,0
0051,1,2,1,8,0.073,236,1102,993,8,0
0052,1,2,1,16,0.042,225,1087,997,8,0
0053,1,2,1,32,0.027,239,1095,991,8,0
0054,1,2,2,1,0.391,198,830,754,5,1
0055,1,2,2,2,0.084,412,1994,1564,16,0
0056,1,2,2,4,0.052,402,1956,1530,16,0
0057,1,2,2,8,0.032,415,1950,1526,16,0
0058,1,2,2,16,0.023,401,1938,1522,16,0
0059,1,2,2,32,0.016,385,1891,1518,16,0
0060,1,2,3,1,0.398,388,1732,1682,7,1
0061,1,2,3,2,0.092,696,3503,2897,24,0
0062,1,2,3,4,0.047,685,3409,2846,24,0
0063,1,2,3,8,0.035,747,3439,2840,24,0
0064,1,2,3,16,0.023,696,3443,2834,24,0
0065,1,2,3,32,0.019,692,3316,2828,24,0
0066,1,2,4,1,0.429,491,2302,2079,9,1
0067,1,2,4,2,0.098,937,4573,3699,32,0
0068,1,2,4,4,0.053,922,4511,3631,32,0
0069,1,2,4,8,0.034,919,4551,3623,32,0
0070,1,2,4,16,0.024,910,4524,3615,32,0
0071,1,2,4,32,0.020,921,4454,3607,32,0
0072,1,2,5,1,0.416,576,2682,2476,11,1
0073,1,2,5,2,0.091,1168,5727,4501,40,0
0074,1,2,5,4,0.051,1117,5672,4416,40,0
0075,1,2,5,8,0.034,1135,5615,4406,40,0
0076,1,2,5,16,0.023,1134,5608,4396,40,0
0077,1,2,5,32,0.020,1190,5579,4386,40,0
0078,1,2,6,1,0.420,693,3327,2873,13,1
0079,1,2,6,2,0.092,1459,6943,5303,48,0
0080,1,2,6,4,0.056,1340,6778,5201,48,0
0081,1,2,6,8,0.031,1383,6737,5189,48,0
0082,1,2,6,16,0.023,1362,6743,5177,48,0
0083,1,2,6,32,0.020,1400,6676,5165,48,0
0084,1,2,7,1,0.455,587,2871,2047,15,1
0085,1,2,7,2,0.091,1455,7132,4963,56,0
0086,1,2,7,4,0.049,1367,6946,4844,56,0
0087,1,2,7,8,0.033,1371,6906,4830,56,0
0088,1,2,7,16,0.027,1451,6898,4816,56,0
0089,1,2,7,32,0.020,1450,6789,4802,56,0
0090,1,2,8,1,0.427,890,4137,3666,17,1
0091,1,2,8,2,0.098,1889,9268,6907,64,0
0092,1,2,8,4,0.051,1821,8981,6771,64,0
0093,1,2,8,8,0.033,1856,8984,6756,64,0
0094,1,2,8,16,0.025,1795,8991,6739,64,0
0095,1,2,8,32,0.020,1811,8824,6724,64,0
0096,1,4,1,1,0.380,106,485,471,6,1
0097,1,4,1,2,0.237,216,996,894,12,0
0098,1,4,1,4,0.119,210,988,881,12,0
0099,1,4,1,8,0.063,200,1012,883,12,0
0100,1,4,1,16,0.039,213,974,883,12,0
0101,1,4,1,32,0.027,215,972,877,12,0
0102,1,4,2,1,0.393,216,964,747,9,1
0103,1,4,2,2,0.088,387,1813,1399,20,0
0104,1,4,2,4,0.046,367,1792,1365,20,0
0105,1,4,2,8,0.030,357,1763,1361,20,0
0106,1,4,2,16,0.025,364,1757,1357,20,0
0107,1,4,2,32,0.018,369,1796,1353,20,0
0108,1,4,3,1,0.411,403,1814,1760,27,1
0109,1,4,3,2,0.085,719,3435,2737,44,0
0110,1,4,3,4,0.049,645,3217,2686,44,0
0111,1,4,3,8,0.029,652,3270,2680,44,0
0112,1,4,3,16,0.022,700,3261,2674,44,0
0113,1,4,3,32,0.019,675,3171,2668,44,0
0114,1,4,4,1,0.456,495,2454,2174,33,1
0115,1,4,4,2,0.095,907,4314,3476,56,0
0116,1,4,4,4,0.049,841,4191,3408,56,0
0117,1,4,4,8,0.030,890,4272,3400,56,0
0118,1,4,4,16,0.024,878,4147,3392,56,0
0119,1,4,4,32,0.019,901,4124,3384,56,0
0120,1,4,5,1,0.453,620,2856,2588,39,1
0121,1,4,5,2,0.083,1156,5376,4255,68,0
0122,1,4,5,4,0.052,1058,5227,4130,68,0
0123,1,4,5,8,0.036,1062,5244,4120,68,0
0124,1,4,5,16,0.024,1085,5223,4110,68,0
0125,1,4,5,32,0.018,1054,5149,4100,68,0
0126,1,4,6,1,0.439,714,3401,3002,45,1
0127,1,4,6,2,0.085,1358,6564,5154,80,0
0128,1,4,6,4,0.051,1309,6355,5012,80,0
0129,1,4,6,8,0.032,1244,6267,4920,80,0
0130,1,4,6,16,0.023,1327,6486,5068,80,0
0131,1,4,6,32,0.021,1306,6372,5056,80,0
0132,1,4,7,1,0.416,585,2958,2035,24,1
0133,1,4,7,2,0.090,1327,6547,4505,65,0
0134,1,4,7,4,0.049,1282,6370,4394,65,0
0135,1,4,7,8,0.033,1216,6241,4292,65,0
0136,1,4,7,16,0.022,1313,6296,4334,65,0
0137,1,4,7,32,0.019,1258,6139,4280,65,0
0138,1,4,8,1,0.500,928,4352,3829,57,1
0139,1,4,8,2,0.081,1898,9073,6913,104,0
0140,1,4,8,4,0.050,1843,8873,6776,104,0
0141,1,4,8,8,0.036,1852,8805,6720,104,0
0142,1,4,8,16,0.026,1802,8730,6664,104,0
0143,1,4,8,32,0.018,1793,8731,6688,104,0
0144,1,8,1,1,0.390,111,542,468,6,1
0145,1,8,1,2,0.222,218,1049,889,12,0
0146,1,8,1,4,0.118,214,1040,876,12,0
0147,1,8,1,8,0.067,217,1038,878,12,0
0148,1,8,1,16,0.037,216,1021,878,12,0
0149,1,8,1,32,0.026,214,1023,872,12,0
0150,1,8,2,1,0.391,191,972,744,9,1
0151,1,8,2,2,0.077,377,1878,1398,20,0
0152,1,8,2,4,0.046,366,1831,1364,20,0
0153,1,8,2,8,0.029,378,1830,1360,20,0
0154,1,8,2,16,0.021,374,1822,1356,20,0
0155,1,8,2,32,0.017,360,1804,1352,20,0
0156,1,8,3,1,0.409,380,1876,1750,27,1
0157,1,8,3,2,0.082,685,3462,2729,44,0
0158,1,8,3,4,0.052,683,3340,2678,44,0
0159,1,8,3,8,0.030,684,3397,2672,44,0
0160,1,8,3,16,0.025,723,3399,2666,44,0
0161,1,8,3,32,0.018,713,3261,2660,44,0
0162,1,8,4,1,0.434,528,2530,2163,33,1
0163,1,8,4,2,0.087,924,4366,3467,56,0
0164,1,8,4,4,0.054,891,4280,3439,56,0
0165,1,8,4,8,0.031,825,4239,3391,56,0
0166,1,8,4,16,0.024,896,4193,3383,56,0
0167,1,8,4,32,0.019,864,4180,3415,56,0
0168,1,8,5,1,0.430,606,2973,2576,39,1
0169,1,8,5,2,0.090,1135,5561,4325,68,0
0170,1,8,5,4,0.049,1071,5464,4240,68,0
0171,1,8,5,8,0.032,1132,5419,4230,68,0
0172,1,8,5,16,0.023,1101,5336,4180,68,0
0173,1,8,5,32,0.019,1077,5336,4210,68,0
0174,1,8,6,1,0.447,747,3508,2989,45,1
0175,1,8,6,2,0.092,1429,6916,5303,80,0
0176,1,8,6,4,0.052,1380,6828,5241,80,0
0177,1,8,6,8,0.032,1382,6760,5189,80,0
0178,1,8,6,16,0.025,1358,6752,5177,80,0
0179,1,8,6,32,0.019,1307,6450,5005,80,0
0180,1,8,7,1,0.454,620,3088,2032,24,1
0181,1,8,7,2,0.090,1374,6869,4624,65,0
0182,1,8,7,4,0.050,1292,6713,4513,65,0
0183,1,8,7,8,0.033,1329,6744,4539,65,0
0184,1,8,7,16,0.025,1289,6579,4437,65,0
0185,1,8,7,32,0.020,1321,6447,4391,65,0
0186,1,8,8,1,0.464,952,4539,3814,57,1
0187,1,8,8,2,0.094,1961,9355,6939,104,0
0188,1,8,8,4,0.053,1786,8807,6604,104,0
0189,1,8,8,8,0.032,1751,8845,6675,104,0
0190,1,8,8,16,0.025,1586,7597,5807,104,0
0191,1,8,8,32,0.019,1798,8860,6755,104,0
0192,2,1,1,1,0.538,89,407,394,3,1
0193,2,1,1,2,0.290,322,1463,1333,8,0
0194,2,1,1,4,0.128,310,1482,1322,8,0
0195,2,1,1,8,0.076,307,1486,1322,8,0
0196,2,1,1,16,0.046,287,1493,1322,8,0
0197,2,1,1,32,0.028,300,1477,1323,8,0
0198,2,1,2,1,0.547,201,813,691,5,1
0199,2,1,2,2,0.259,548,2805,2269,16,0
0200,2,1,2,4,0.146,530,2744,2211,16,0
0201,2,1,2,8,0.075,524,2677,2203,16,0
0202,2,1,2,16,0.049,536,2723,2199,16,0
0203,2,1,2,32,0.030,535,2658,2193,16,0
0204,2,1,3,1,0.555,296,1400,1066,7,1
0205,2,1,3,2,0.251,828,4207,3421,24,0
0206,2,1,3,4,0.141,836,4159,3334,24,0
0207,2,1,3,8,0.075,877,4155,3325,24,0
0208,2,1,3,16,0.049,862,4127,3316,24,0
0209,2,1,3,32,0.028,826,4069,3310,24,0
0210,2,1,4,1,0.551,411,1975,1413,9,1
0211,2,1,4,2,0.268,1147,5674,4557,32,0
0212,2,1,4,4,0.136,1077,5589,4441,32,0
0213,2,1,4,8,0.080,1078,5572,4429,32,0
0214,2,1,4,16,0.045,1128,5578,4417,32,0
0215,2,1,4,32,0.030,1115,5556,4409,32,0
0216,2,1,5,1,0.582,495,2398,1733,11,1
0217,2,1,5,2,0.285,1424,7253,5625,40,0
0218,2,1,5,4,0.140,1428,7145,5480,40,0
0219,2,1,5,8,0.073,1416,7128,5465,40,0
0220,2,1,5,16,0.048,1421,7128,5450,40,0
0221,2,1,5,32,0.029,1401,7114,5440,40,0
0222,2,1,6,1,0.619,609,3006,2052,13,1
0223,2,1,6,2,0.269,1730,8643,6762,48,0
0224,2,1,6,4,0.138,1704,8406,6589,48,0
0225,2,1,6,8,0.087,1693,8198,6559,48,0
0226,2,1,6,16,0.049,1667,8268,6547,48,0
0227,2,1,6,32,0.031,1625,8325,6541,48,0
0228,2,1,7,1,0.613,647,3169,2240,15,1
0229,2,1,7,2,0.285,1941,9487,7727,56,0
0230,2,1,7,4,0.149,1848,9578,7518,56,0
0231,2,1,7,8,0.082,1549,7466,5797,56,0
0232,2,1,7,16,0.049,1838,9308,7481,56,0
0233,2,1,7,32,0.030,1913,9420,7464,56,0
0234,2,1,8,1,0.662,772,3933,2686,17,1
0235,2,1,8,2,0.297,2247,11217,8921,64,0
0236,2,1,8,4,0.150,2257,11178,8721,64,0
0237,2,1,8,8,0.080,2259,11532,8706,64,0
0238,2,1,8,16,0.049,2263,11323,8672,64,0
0239,2,1,8,32,0.030,2305,11414,8651,64,0
0240,2,2,1,1,0.536,123,560,542,3,1
0241,2,2,1,2,0.324,346,1612,1569,8,0
0242,2,2,1,4,0.177,351,1613,1558,8,0
0243,2,2,1,8,0.096,344,1627,1558,8,0
0244,2,2,1,16,0.054,359,1741,1561,8,0
0245,2,2,1,32,0.037,344,1622,1559,8,0
0246,2,2,2,1,0.557,279,1285,1011,5,1
0247,2,2,2,2,0.242,595,2993,2592,16,0
0248,2,2,2,4,0.137,598,2928,2534,16,0
0249,2,2,2,8,0.073,607,2926,2528,16,0
0250,2,2,2,16,0.047,610,2925,2522,16,0
0251,2,2,2,32,0.029,615,2894,2518,16,0
0252,2,2,3,1,0.583,448,2279,2061,7,1
0253,2,2,3,2,0.273,974,4993,4441,24,0
0254,2,2,3,4,0.144,1000,4924,4354,24,0
0255,2,2,3,8,0.076,1002,4919,4345,24,0
0256,2,2,3,16,0.048,1016,4924,4336,24,0
0257,2,2,3,32,0.029,1004,4907,4330,24,0
0258,2,2,4,1,0.558,588,2950,2588,9,1
0259,2,2,4,2,0.285,1321,6464,5767,32,0
0260,2,2,4,4,0.149,1314,6380,5651,32,0
0261,2,2,4,8,0.080,1328,6372,5639,32,0
0262,2,2,4,16,0.047,1310,6374,5627,32,0
0263,2,2,4,32,0.031,1306,6358,5619,32,0
0264,2,2,5,1,0.583,734,3579,3116,11,1
0265,2,2,5,2,0.281,1642,8042,7095,40,0
0266,2,2,5,4,0.154,1630,7933,6950,40,0
0267,2,2,5,8,0.080,1588,7973,6935,40,0
0268,2,2,5,16,0.050,1614,7942,6920,40,0
0269,2,2,5,32,0.031,1593,7938,6910,40,0
0270,2,2,6,1,0.621,857,4189,3642,13,1
0271,2,2,6,2,0.276,2007,9680,8419,48,0
0272,2,2,6,4,0.150,1982,9441,8246,48,0
0273,2,2,6,8,0.079,1896,9492,8223,48,0
0274,2,2,6,16,0.045,1961,9503,8210,48,0
0275,2,2,6,32,0.032,1932,9408,8197,48,0
0276,2,2,7,1,0.630,801,4147,3044,15,1
0277,2,2,7,2,0.275,2115,10451,8622,56,0
0278,2,2,7,4,0.145,2019,10290,8418,56,0
0279,2,2,7,8,0.082,2142,10221,8402,56,0
0280,2,2,7,16,0.048,2115,10283,8376,56,0
0281,2,2,7,32,0.030,2109,10273,8361,56,0
0282,2,2,8,1,0.629,1147,5513,4694,17,1
0283,2,2,8,2,0.296,2586,12738,11062,64,0
0284,2,2,8,4,0.145,2526,12571,10834,64,0
0285,2,2,8,8,0.081,2588,12625,10802,64,0
0286,2,2,8,16,0.051,2606,12678,10781,64,0
0287,2,2,8,32,0.032,2509,12663,10756,64,0
0288,2,4,1,1,0.549,120,559,594,6,1
0289,2,4,1,2,0.330,353,1682,1577,12,0
0290,2,4,1,4,0.172,359,1702,1566,12,0
0291,2,4,1,8,0.094,347,1704,1566,12,0
0292,2,4,1,16,0.053,349,1712,1566,12,0
0293,2,4,1,32,0.035,346,1677,1567,12,0
0294,2,4,2,1,0.559,249,1234,998,9,1
0295,2,4,2,2,0.270,620,3010,2597,20,0
0296,2,4,2,4,0.132,619,2993,2539,20,0
0297,2,4,2,8,0.074,603,2984,2533,20,0
0298,2,4,2,16,0.045,591,2970,2527,20,0
0299,2,4,2,32,0.029,601,2973,2523,20,0
0300,2,4,3,1,0.592,485,2364,2130,27,1
0301,2,4,3,2,0.267,1048,5124,4544,44,0
0302,2,4,3,4,0.149,1053,5065,4457,44,0
0303,2,4,3,8,0.080,1013,5053,4448,44,0
0304,2,4,3,16,0.044,1015,5037,4439,44,0
0305,2,4,3,32,0.032,1009,4995,4433,44,0
0306,2,4,4,1,0.604,633,2947,2671,33,1
0307,2,4,4,2,0.273,1344,6602,5900,56,0
0308,2,4,4,4,0.150,1328,6525,5784,56,0
0309,2,4,4,8,0.079,1348,6524,5772,56,0
0310,2,4,4,16,0.048,1338,6528,5760,56,0
0311,2,4,4,32,0.030,1318,6508,5752,56,0
0312,2,4,5,1,0.644,733,3628,3213,39,1
0313,2,4,5,2,0.269,1650,8220,7257,68,0
0314,2,4,5,4,0.151,1605,8109,7112,68,0
0315,2,4,5,8,0.082,1620,8094,7097,68,0
0316,2,4,5,16,0.051,1628,8098,7082,68,0
0317,2,4,5,32,0.032,1665,8079,7072,68,0
0318,2,4,6,1,0.628,906,4261,3753,45,1
0319,2,4,6,2,0.292,1986,9813,8615,80,0
0320,2,4,6,4,0.144,2012,9680,8448,80,0
0321,2,4,6,8,0.080,1953,9643,8424,80,0
0322,2,4,6,16,0.052,1965,9648,8411,80,0
0323,2,4,6,32,0.033,2014,9725,8393,80,0
0324,2,4,7,1,0.591,813,4040,3011,24,1
0325,2,4,7,2,0.272,2142,10563,8693,65,0
0326,2,4,7,4,0.140,2099,10326,8485,65,0
0327,2,4,7,8,0.078,2094,10355,8464,65,0
0328,2,4,7,16,0.047,2055,10160,8444,65,0
0329,2,4,7,32,0.033,2032,10267,8432,65,0
0330,2,4,8,1,0.634,1169,5566,4833,57,1
0331,2,4,8,2,0.300,2680,13106,11315,104,0
0332,2,4,8,4,0.147,2522,13101,11101,104,0
0333,2,4,8,8,0.081,2580,12729,11073,104,0
0334,2,4,8,16,0.047,2593,12820,11044,104,0
0335,2,4,8,32,0.032,2597,12801,11032,104,0
0336,2,8,1,1,0.534,141,730,591,6,1
0337,2,8,1,2,0.333,383,1867,1570,12,0
0338,2,8,1,4,0.183,392,1885,1559,12,0
0339,2,8,1,8,0.097,388,1891,1559,12,0
0340,2,8,1,16,0.054,374,1893,1559,12,0
0341,2,8,1,32,0.033,375,1888,1560,12,0
0342,2,8,2,1,0.554,267,1354,995,9,1
0343,2,8,2,2,0.249,603,3170,2596,20,0
0344,2,8,2,4,0.146,622,3130,2538,20,0
0345,2,8,2,8,0.080,642,3125,2532,20,0
0346,2,8,2,16,0.042,641,3109,2526,20,0
0347,2,8,2,32,0.032,624,3081,2522,20,0
0348,2,8,3,1,0.606,535,2525,2120,27,1
0349,2,8,3,2,0.290,1134,5292,4536,44,0
0350,2,8,3,4,0.139,1080,5198,4449,44,0
0351,2,8,3,8,0.082,1078,5196,4440,44,0
0352,2,8,3,16,0.047,1077,5184,4431,44,0
0353,2,8,3,32,0.032,1067,5173,4425,44,0
0354,2,8,4,1,0.590,622,3062,2660,33,1
0355,2,8,4,2,0.278,1373,6785,5893,56,0
0356,2,8,4,4,0.150,1372,6706,5777,56,0
0357,2,8,4,8,0.081,1324,6705,5765,56,0
0358,2,8,4,16,0.044,1303,6709,5753,56,0
0359,2,8,4,32,0.030,1346,6691,5745,56,0
0360,2,8,5,1,0.621,757,3726,3201,39,1
0361,2,8,5,2,0.295,1657,8419,7247,68,0
0362,2,8,5,4,0.145,1726,8311,7102,68,0
0363,2,8,5,8,0.079,1710,8295,7087,68,0
0364,2,8,5,16,0.048,1738,8296,7072,68,0
0365,2,8,5,32,0.033,1694,8274,7062,68,0
0366,2,8,6,1,0.633,918,4446,3740,45,1
0367,2,8,6,2,0.277,2051,9992,8604,80,0
0368,2,8,6,4,0.147,1969,9877,8434,80,0
0369,2,8,6,8,0.085,1974,9840,8413,80,0
0370,2,8,6,16,0.048,2064,9870,8394,80,0
0371,2,8,6,32,0.034,1946,9846,8383,80,0
0372,2,8,7,1,0.626,874,4280,3008,24,1
0373,2,8,7,2,0.299,2111,10764,8689,65,0
0374,2,8,7,4,0.136,2158,10497,8488,65,0
0375,2,8,7,8,0.081,2068,10543,8461,65,0
0376,2,8,7,16,0.044,2070,10562,8440,65,0
0377,2,8,7,32,0.030,2145,10544,8426,65,0
0378,2,8,8,1,0.703,1218,5842,4818,57,1
0379,2,8,8,2,0.257,2584,13413,11311,104,0
0380,2,8,8,4,0.146,2631,13219,11079,104,0
0381,2,8,8,8,0.081,2680,13094,11064,104,0
0382,2,8,8,16,0.047,2668,13061,11034,104,0
0383,2,8,8,32,0.032,2671,13016,11017,104,0
0384,4,1,1,1,0.553,109,462,459,6,1
0385,4,1,1,2,0.252,306,1463,1337,12,0
0386,4,1,1,4,0.129,308,1468,1326,12,0
0387,4,1,1,8,0.074,320,1514,1328,12,0
0388,4,1,1,16,0.044,306,1532,1330,12,0
0389,4,1,1,32,0.027,305,1470,1326,12,0
0390,4,1,2,1,0.596,212,997,838,11,1
0391,4,1,2,2,0.276,590,2938,2407,24,0
0392,4,1,2,4,0.155,562,2921,2327,24,0
0393,4,1,2,8,0.078,595,2913,2321,24,0
0394,4,1,2,16,0.046,576,2903,2315,24,0
0395,4,1,2,32,0.030,588,2915,2309,24,0
0396,4,1,3,1,0.578,326,1608,1273,16,1
0397,4,1,3,2,0.296,936,4616,3633,36,0
0398,4,1,3,4,0.146,968,4546,3513,36,0
0399,4,1,3,8,0.076,878,4570,3504,36,0
0400,4,1,3,16,0.048,892,4572,3495,36,0
0401,4,1,3,32,0.029,879,4533,3486,36,0
0402,4,1,4,1,0.628,452,2171,1681,21,1
0403,4,1,4,2,0.292,1238,6055,4832,48,0
0404,4,1,4,4,0.159,1243,5992,4672,48,0
0405,4,1,4,8,0.076,1229,6004,4660,48,0
0406,4,1,4,16,0.046,1184,6010,4648,48,0
0407,4,1,4,32,0.031,1234,5991,4636,48,0
0408,4,1,5,1,0.670,545,2689,2062,26,1
0409,4,1,5,2,0.291,1555,7584,6004,60,0
0410,4,1,5,4,0.155,1550,7508,5804,60,0
0411,4,1,5,8,0.084,1553,7525,5789,60,0
0412,4,1,5,16,0.047,1493,7532,5774,60,0
0413,4,1,5,32,0.030,1505,7508,5759,60,0
0414,4,1,6,1,0.668,676,3164,2389,31,1
0415,4,1,6,2,0.295,1863,9072,7176,72,0
0416,4,1,6,4,0.161,1819,9011,6936,72,0
0417,4,1,6,8,0.081,1808,9048,6925,72,0
0418,4,1,6,16,0.053,1838,9001,6902,72,0
0419,4,1,6,32,0.031,1819,8916,6883,72,0
0420,4,1,7,1,0.621,700,3473,2630,36,1
0421,4,1,7,2,0.292,1950,10357,8217,84,0
0422,4,1,7,4,0.146,2082,10311,7937,84,0
0423,4,1,7,8,0.082,2013,10272,7916,84,0
0424,4,1,7,16,0.054,2062,10353,7888,84,0
0425,4,1,7,32,0.032,2077,10300,7873,84,0
0426,4,1,8,1,0.659,864,4113,3126,41,1
0427,4,1,8,2,0.296,2415,12130,9437,96,0
0428,4,1,8,4,0.153,2420,12283,9118,96,0
0429,4,1,8,8,0.080,2439,11983,9097,96,0
0430,4,1,8,16,0.050,2436,12054,9075,96,0
0431,4,1,8,32,0.033,2449,12014,9048,96,0
0432,4,2,1,1,0.553,127,577,607,9,1
0433,4,2,1,2,0.372,373,1783,1578,16,0
0434,4,2,1,4,0.181,364,1789,1567,16,0
0435,4,2,1,8,0.097,358,1763,1570,16,0
0436,4,2,1,16,0.057,382,1770,1570,16,0
0437,4,2,1,32,0.034,377,1780,1567,16,0
0438,4,2,2,1,0.642,283,1339,1133,15,1
0439,4,2,2,2,0.270,658,3265,2697,28,0
0440,4,2,2,4,0.141,664,3235,2615,28,0
0441,4,2,2,8,0.077,648,3251,2611,28,0
0442,4,2,2,16,0.045,649,3254,2607,28,0
0443,4,2,2,32,0.030,647,3232,2601,28,0
0444,4,2,3,1,0.611,552,2514,2246,36,1
0445,4,2,3,2,0.300,1100,5402,4613,56,0
0446,4,2,3,4,0.139,1129,5345,4493,56,0
0447,4,2,3,8,0.083,1112,5440,4485,56,0
0448,4,2,3,16,0.049,1123,5427,4475,56,0
0449,4,2,3,32,0.033,1100,5397,4467,56,0
0450,4,2,4,1,0.627,694,3299,2830,45,1
0451,4,2,4,2,0.294,1443,7020,6000,72,0
0452,4,2,4,4,0.148,1438,6965,5840,72,0
0453,4,2,4,8,0.083,1448,6977,5828,72,0
0454,4,2,4,16,0.049,1352,6982,5816,72,0
0455,4,2,4,32,0.032,1404,6967,5805,72,0
0456,4,2,5,1,0.619,791,3850,3208,54,1
0457,4,2,5,2,0.306,1801,8990,7186,88,0
0458,4,2,5,4,0.153,1725,8844,6985,88,0
0459,4,2,5,8,0.088,1742,8933,6972,88,0
0460,4,2,5,16,0.049,1728,8890,6956,88,0
0461,4,2,5,32,0.034,1827,8907,6963,88,0
0462,4,2,6,1,0.630,978,4642,4000,63,1
0463,4,2,6,2,0.271,2155,10818,8777,104,0
0464,4,2,6,4,0.159,2156,10721,8596,104,0
0465,4,2,6,8,0.082,2144,10623,8629,104,0
0466,4,2,6,16,0.050,2085,10606,8498,104,0
0467,4,2,6,32,0.033,2153,10704,8601,104,0
0468,4,2,7,1,0.662,953,4433,3452,45,1
0469,4,2,7,2,0.306,2381,11581,9032,93,0
0470,4,2,7,4,0.154,2247,11349,8753,93,0
0471,4,2,7,8,0.087,2292,11437,8733,93,0
0472,4,2,7,16,0.048,2169,11359,8708,93,0
0473,4,2,7,32,0.033,2006,9773,7325,93,0
0474,4,2,8,1,0.642,1285,6045,5168,81,1
0475,4,2,8,2,0.291,2954,14437,11692,136,0
0476,4,2,8,4,0.158,2705,13107,10512,136,0
0477,4,2,8,8,0.087,2848,14216,11334,136,0
0478,4,2,8,16,0.054,2788,14256,11278,136,0
0479,4,2,8,32,0.033,2825,14142,11301,136,0
0480,4,4,1,1,0.560,177,857,668,9,1
0481,4,4,1,2,0.335,394,1927,1572,16,0
0482,4,4,1,4,0.191,396,1974,1562,16,0
0483,4,4,1,8,0.103,369,1908,1564,16,0
0484,4,4,1,16,0.052,386,1914,1564,16,0
0485,4,4,1,32,0.032,403,1931,1561,16,0
0486,4,4,2,1,0.617,307,1488,1133,15,1
0487,4,4,2,2,0.265,692,3422,2700,28,0
0488,4,4,2,4,0.151,685,3411,2618,28,0
0489,4,4,2,8,0.075,690,3430,2616,28,0
0490,4,4,2,16,0.043,674,3396,2608,28,0
0491,4,4,2,32,0.031,704,3384,2602,28,0
0492,4,4,3,1,0.605,559,2673,2241,36,1
0493,4,4,3,2,0.285,1146,5636,4610,56,0
0494,4,4,3,4,0.147,1100,5589,4490,56,0
0495,4,4,3,8,0.081,1111,5580,4479,56,0
0496,4,4,3,16,0.048,1166,5565,4470,56,0
0497,4,4,3,32,0.030,1114,5541,4461,56,0
0498,4,4,4,1,0.692,717,3462,2824,45,1
0499,4,4,4,2,0.280,1478,7199,5994,72,0
0500,4,4,4,4,0.154,1447,7138,5834,72,0
0501,4,4,4,8,0.086,1451,7155,5822,72,0
0502,4,4,4,16,0.050,1430,7158,5810,72,0
0503,4,4,4,32,0.031,1442,7147,5800,72,0
0504,4,4,5,1,0.673,860,4118,3201,54,1
0505,4,4,5,2,0.285,2001,10233,7265,88,0
0506,4,4,5,4,0.156,1987,10209,7014,88,0
0507,4,4,5,8,0.088,2015,10137,7027,88,0
0508,4,4,5,16,0.050,1993,10375,7042,88,0
0509,4,4,5,32,0.031,1989,10263,6954,88,0
0510,4,4,6,1,0.680,1038,4812,3992,63,1
0511,4,4,6,2,0.287,2421,12412,8819,104,0
0512,4,4,6,4,0.164,2347,12088,8547,104,0
0513,4,4,6,8,0.083,2347,12231,8565,104,0
0514,4,4,6,16,0.050,2109,10466,8488,104,0
0515,4,4,6,32,0.035,2323,11966,8530,104,0
0516,4,4,7,1,0.707,978,4652,3452,45,1
0517,4,4,7,2,0.283,2303,11674,7674,93,0
0518,4,4,7,4,0.148,2250,11466,8754,93,0
0519,4,4,7,8,0.080,2277,11325,8729,93,0
0520,4,4,7,16,0.047,2519,13206,8710,93,0
0521,4,4,7,32,0.031,2511,13096,8691,93,0
0522,4,4,8,1,0.680,1295,6258,5158,81,1
0523,4,4,8,2,0.293,2971,15022,11618,136,0
0524,4,4,8,4,0.160,3151,16025,11331,136,0
0525,4,4,8,8,0.085,3131,16244,11238,136,0
0526,4,4,8,16,0.052,3178,16082,11297,136,0
0527,4,4,8,32,0.035,3153,16132,11291,136,0
0528,4,8,1,1,0.552,246,1213,668,9,1
0529,4,8,1,2,0.346,447,2230,1566,16,0
0530,4,8,1,4,0.172,437,2271,1556,16,0
0531,4,8,1,8,0.103,432,2229,1555,16,0
0532,4,8,1,16,0.056,429,2219,1558,16,0
0533,4,8,1,32,0.033,446,2235,1555,16,0
0534,4,8,2,1,0.572,356,1858,1133,15,1
0535,4,8,2,2,0.266,758,3745,2701,28,0
0536,4,8,2,4,0.137,747,3778,2624,28,0
0537,4,8,2,8,0.081,772,3773,2618,28,0
0538,4,8,2,16,0.047,746,3717,2609,28,0
0539,4,8,2,32,0.032,731,3685,2603,28,0
0540,4,8,3,1,0.631,609,3115,2236,36,1
0541,4,8,3,2,0.270,1167,5927,4603,56,0
0542,4,8,3,4,0.146,1153,5821,4483,56,0
0543,4,8,3,8,0.084,1196,5898,4474,56,0
0544,4,8,3,16,0.047,1188,5898,4465,56,0
0545,4,8,3,32,0.032,1147,5869,4456,56,0
0546,4,8,4,1,0.636,772,3957,2818,45,1
0547,4,8,4,2,0.276,1541,7586,5988,72,0
0548,4,8,4,4,0.154,1505,7530,5828,72,0
0549,4,8,4,8,0.083,1486,7541,5816,72,0
0550,4,8,4,16,0.046,1483,7546,5804,72,0
0551,4,8,4,32,0.030,1456,7515,5792,72,0
0552,4,8,5,1,0.637,923,4592,3194,54,1
0553,4,8,5,2,0.299,2346,12207,7244,88,0
0554,4,8,5,4,0.149,2329,12099,7062,88,0
0555,4,8,5,8,0.081,2294,12137,7015,88,0
0556,4,8,5,16,0.050,2270,12145,7001,88,0
0557,4,8,5,32,0.032,2333,12048,7005,88,0
0558,4,8,6,1,0.694,1104,5407,3984,63,1
0559,4,8,6,2,0.293,2807,14569,8852,104,0
0560,4,8,6,4,0.172,2799,14449,8636,104,0
0561,4,8,6,8,0.086,2727,14548,8611,104,0
0562,4,8,6,16,0.051,2817,14477,8580,104,0
0563,4,8,6,32,0.034,2866,14583,8545,104,0
0564,4,8,7,1,0.692,1106,5436,3455,45,1
0565,4,8,7,2,0.271,2432,12173,6037,93,0
0566,4,8,7,4,0.151,3004,15838,8754,93,0
0567,4,8,7,8,0.086,2995,15899,8735,93,0
0568,4,8,7,16,0.054,2432,12330,5919,93,0
0569,4,8,7,32,0.032,3109,15967,8709,93,0
0570,4,8,8,1,0.674,1877,10116,5215,81,1
0571,4,8,8,2,0.317,3618,19353,11648,136,0
0572,4,8,8,4,0.156,3699,19413,11348,136,0
0573,4,8,8,8,0.093,3772,19415,11324,136,0
0574,4,8,8,16,0.054,3457,17362,9735,136,0
0575,4,8,8,32,0.034,3666,19268,11272,136,0
0576,8,1,1,1,0.565,124,576,457,6,1
0577,8,1,1,2,0.252,338,1574,1328,12,0
0578,8,1,1,4,0.130,317,1578,1317,12,0
0579,8,1,1,8,0.074,318,1582,1319,12,0
0580,8,1,1,16,0.041,304,1585,1319,12,0
0581,8,1,1,32,0.027,319,1576,1317,12,0
0582,8,1,2,1,0.588,233,1077,836,11,1
0583,8,1,2,2,0.284,621,3063,2417,24,0
0584,8,1,2,4,0.151,586,3020,2337,24,0
0585,8,1,2,8,0.087,587,3039,2331,24,0
0586,8,1,2,16,0.051,572,3032,2325,24,0
0587,8,1,2,32,0.032,599,3013,2319,24,0
0588,8,1,3,1,0.578,351,1719,1270,16,1
0589,8,1,3,2,0.270,946,4694,3663,36,0
0590,8,1,3,4,0.139,960,4659,3543,36,0
0591,8,1,3,8,0.080,967,4680,3534,36,0
0592,8,1,3,16,0.046,949,4776,3525,36,0
0593,8,1,3,32,0.030,941,4662,3516,36,0
0594,8,1,4,1,0.650,453,2265,1678,21,1
0595,8,1,4,2,0.283,1241,6293,4883,48,0
0596,8,1,4,4,0.153,1248,6228,4723,48,0
0597,8,1,4,8,0.083,1308,6246,4711,48,0
0598,8,1,4,16,0.049,1269,6250,4699,48,0
0599,8,1,4,32,0.033,1261,6233,4687,48,0
0600,8,1,5,1,0.638,591,2885,2059,26,1
0601,8,1,5,2,0.278,1613,7896,6076,60,0
0602,8,1,5,4,0.143,1555,7820,5876,60,0
0603,8,1,5,8,0.085,1598,7832,5861,60,0
0604,8,1,5,16,0.048,1603,7844,5846,60,0
0605,8,1,5,32,0.030,1562,7822,5831,60,0
0606,8,1,6,1,0.638,689,3426,2386,31,1
0607,8,1,6,2,0.285,1774,8987,6827,72,0
0608,8,1,6,4,0.156,1836,9272,7025,72,0
0609,8,1,6,8,0.081,1922,9487,7007,72,0
0610,8,1,6,16,0.050,1866,9446,6986,72,0
0611,8,1,6,32,0.030,1822,9329,6975,72,0
0612,8,1,7,1,0.643,794,3798,2628,36,1
0613,8,1,7,2,0.303,2173,10960,8331,84,0
0614,8,1,7,4,0.153,2088,10719,8051,84,0
0615,8,1,7,8,0.080,2144,10599,8028,84,0
0616,8,1,7,16,0.052,2109,10759,8009,84,0
0617,8,1,7,32,0.033,2066,10677,7990,84,0
0618,8,1,8,1,0.655,889,4425,3123,41,1
0619,8,1,8,2,0.301,2481,12522,9569,96,0
0620,8,1,8,4,0.148,2446,12456,9254,96,0
0621,8,1,8,8,0.081,2500,12641,9232,96,0
0622,8,1,8,16,0.054,2563,12552,9211,96,0
0623,8,1,8,32,0.034,2513,12484,9182,96,0
0624,8,2,1,1,0.571,173,864,613,9,1
0625,8,2,1,2,0.339,428,1995,1589,16,0
0626,8,2,1,4,0.177,407,1998,1578,16,0
0627,8,2,1,8,0.092,422,2002,1578,16,0
0628,8,2,1,16,0.052,409,1984,1581,16,0
0629,8,2,1,32,0.033,416,1996,1578,16,0
0630,8,2,2,1,0.577,347,1642,1133,15,1
0631,8,2,2,2,0.261,758,3640,2715,28,0
0632,8,2,2,4,0.135,762,3605,2631,28,0
0633,8,2,2,8,0.076,717,3621,2627,28,0
0634,8,2,2,16,0.045,760,3621,2623,28,0
0635,8,2,2,32,0.029,773,3592,2617,28,0
0636,8,2,3,1,0.625,630,2914,2241,36,1
0637,8,2,3,2,0.267,1237,5991,4636,56,0
0638,8,2,3,4,0.146,1260,5959,4516,56,0
0639,8,2,3,8,0.082,1185,5952,4506,56,0
0640,8,2,3,16,0.051,1179,5951,4497,56,0
0641,8,2,3,32,0.030,1195,5902,4488,56,0
0642,8,2,4,1,0.697,817,3745,2824,45,1
0643,8,2,4,2,0.296,1594,7699,6030,72,0
0644,8,2,4,4,0.145,1589,7643,5870,72,0
0645,8,2,4,8,0.084,1572,7654,5858,72,0
0646,8,2,4,16,0.054,1558,7659,5846,72,0
0647,8,2,4,32,0.031,1548,7643,5835,72,0
0648,8,2,5,1,0.640,951,4399,3201,54,1
0649,8,2,5,2,0.299,2134,10626,7248,88,0
0650,8,2,5,4,0.153,2076,10377,7099,88,0
0651,8,2,5,8,0.086,2060,10374,7022,88,0
0652,8,2,5,16,0.048,2001,10282,7011,88,0
0653,8,2,5,32,0.034,2100,10440,7009,88,0
0654,8,2,6,1,0.686,1101,5288,3992,63,1
0655,8,2,6,2,0.307,2436,12089,8853,104,0
0656,8,2,6,4,0.152,2482,12402,8634,104,0
0657,8,2,6,8,0.082,2470,12373,8587,104,0
0658,8,2,6,16,0.052,2478,12389,8659,104,0
0659,8,2,6,32,0.033,2493,12409,8564,104,0
0660,8,2,7,1,0.715,1141,5188,3452,45,1
0661,8,2,7,2,0.301,2593,13081,9091,93,0
0662,8,2,7,4,0.158,2378,11749,7452,93,0
0663,8,2,7,8,0.085,2703,13426,8791,93,0
0664,8,2,7,16,0.048,2410,11953,8773,93,0
0665,8,2,7,32,0.032,2477,11933,8755,93,0
0666,8,2,8,1,0.647,1493,6887,5158,81,1
0667,8,2,8,2,0.304,3115,15886,11723,136,0
0668,8,2,8,4,0.156,3046,15693,11404,136,0
0669,8,2,8,8,0.086,3169,16048,11399,136,0
0670,8,2,8,16,0.054,3184,16253,11293,136,0
0671,8,2,8,32,0.036,3275,16360,11245,136,0
0672,8,4,1,1,0.550,229,1242,668,9,1
0673,8,4,1,2,0.334,475,2284,1583,16,0
0674,8,4,1,4,0.186,462,2325,1573,16,0
0675,8,4,1,8,0.102,454,2270,1575,16,0
0676,8,4,1,16,0.054,446,2275,1575,16,0
0677,8,4,1,32,0.034,459,2288,1572,16,0
0678,8,4,2,1,0.640,378,1990,1133,15,1
0679,8,4,2,2,0.272,821,3895,2715,28,0
0680,8,4,2,4,0.133,775,3856,2631,28,0
0681,8,4,2,8,0.075,790,3864,2629,28,0
0682,8,4,2,16,0.046,797,3905,2625,28,0
0683,8,4,2,32,0.030,778,3842,2617,28,0
0684,8,4,3,1,0.641,635,3311,2236,36,1
0685,8,4,3,2,0.290,1262,6276,4630,56,0
0686,8,4,3,4,0.151,1229,6157,4510,56,0
0687,8,4,3,8,0.083,1252,6223,4501,56,0
0688,8,4,3,16,0.049,1251,6217,4492,56,0
0689,8,4,3,32,0.031,1257,6122,4483,56,0
0690,8,4,4,1,0.643,832,4227,2818,45,1
0691,8,4,4,2,0.301,1606,8041,6024,72,0
0692,8,4,4,4,0.158,1579,7984,5864,72,0
0693,8,4,4,8,0.088,1581,7994,5852,72,0
0694,8,4,4,16,0.052,1615,8000,5840,72,0
0695,8,4,4,32,0.032,1575,7970,5828,72,0
0696,8,4,5,1,0.665,1009,4949,3194,54,1
0697,8,4,5,2,0.278,1906,9866,7216,88,0
0698,8,4,5,4,0.148,2331,12209,7060,88,0
0699,8,4,5,8,0.080,2322,12261,7091,88,0
0700,8,4,5,16,0.049,2092,10498,7040,88,0
0701,8,4,5,32,0.032,2300,12236,7015,88,0
0702,8,4,6,1,0.674,1176,5864,3984,63,1
0703,8,4,6,2,0.334,2806,14834,8889,104,0
0704,8,4,6,4,0.155,2734,14610,8656,104,0
0705,8,4,6,8,0.089,2423,12037,8663,104,0
0706,8,4,6,16,0.053,2735,14177,8642,104,0
0707,8,4,6,32,0.033,2463,12507,8615,104,0
0708,8,4,7,1,0.666,1176,5837,3452,45,1
0709,8,4,7,2,0.289,2615,13193,7746,93,0
0710,8,4,7,4,0.162,2454,12683,7454,93,0
0711,8,4,7,8,0.082,2528,13112,8801,93,0
0712,8,4,7,16,0.051,2923,15160,8775,93,0
0713,8,4,7,32,0.034,2378,11935,7388,93,0
0714,8,4,8,1,0.690,1556,7579,5149,81,1
0715,8,4,8,2,0.314,3257,16231,10129,136,0
0716,8,4,8,4,0.160,3259,16731,9798,136,0
0717,8,4,8,8,0.082,3059,15708,11272,136,0
0718,8,4,8,16,0.051,2823,14380,8015,136,0
0719,8,4,8,32,0.034,2984,14720,9778,136,0
0720,8,8,1,1,0.579,317,1797,668,9,1
0721,8,8,1,2,0.366,556,2871,1581,16,0
0722,8,8,1,4,0.160,528,2912,1571,16,0
0723,8,8,1,8,0.100,530,2872,1570,16,0
0724,8,8,1,16,0.054,545,2869,1571,16,0
0725,8,8,1,32,0.034,535,2878,1570,16,0
0726,8,8,2,1,0.582,492,2661,1133,15,1
0727,8,8,2,2,0.256,892,4467,2715,28,0
0728,8,8,2,4,0.135,859,4436,2635,28,0
0729,8,8,2,8,0.072,859,4451,2629,28,0
0730,8,8,2,16,0.048,830,4437,2623,28,0
0731,8,8,2,32,0.028,870,4414,2617,28,0
0732,8,8,3,1,0.663,767,4115,2239,36,1
0733,8,8,3,2,0.278,1350,6953,4635,56,0
0734,8,8,3,4,0.151,1360,6924,4515,56,0
0735,8,8,3,8,0.080,1288,6929,4506,56,0
0736,8,8,3,16,0.051,1359,6929,4497,56,0
0737,8,8,3,32,0.033,1377,7120,4494,56,0
0738,8,8,4,1,0.634,954,5123,2824,45,1
0739,8,8,4,2,0.300,2361,13278,6097,72,0
0740,8,8,4,4,0.148,1665,8759,5867,72,0
0741,8,8,4,8,0.088,2321,13303,5938,72,0
0742,8,8,4,16,0.051,1693,8790,5850,72,0
0743,8,8,4,32,0.032,2323,13207,5905,72,0
0744,8,8,5,1,0.688,1140,6025,3200,54,1
0745,8,8,5,2,0.325,2917,16504,7292,88,0
0746,8,8,5,4,0.155,2858,16489,7134,88,0
0747,8,8,5,8,0.083,2907,16512,7074,88,0
0748,8,8,5,16,0.052,2934,16492,7105,88,0
0749,8,8,5,32,0.034,2937,16469,7046,88,0
0750,8,8,6,1,0.681,1942,11132,4110,63,1
0751,8,8,6,2,0.286,3491,19686,8928,104,0
0752,8,8,6,4,0.168,3554,19689,8668,104,0
0753,8,8,6,8,0.089,3413,19486,8678,104,0
0754,8,8,6,16,0.055,3458,19191,8670,104,0
0755,8,8,6,32,0.034,3495,19703,8629,104,0
0756,8,8,7,1,0.664,2174,12602,3452,45,1
0757,8,8,7,2,0.327,3925,22106,9109,93,0
0758,8,8,7,4,0.174,3514,20048,7454,93,0
0759,8,8,7,8,0.083,3902,21955,8796,93,0
0760,8,8,7,16,0.054,3865,22058,8781,93,0
0761,8,8,7,32,0.033,3824,21470,8753,93,0
0762,8,8,8,1,0.745,2661,14836,5259,81,1
0763,8,8,8,2,0.307,4192,23097,9935,136,0
0764,8,8,8,4,0.165,4409,24301,9840,136,0
0765,8,8,8,8,0.089,4081,22604,11379,136,0
0766,8,8,8,16,0.054,4589,25877,11348,136,0
0767,8,8,8,32,0.034,4067,23032,9530,136,0
